timestamp,device,sensor,status,voltage_v,pressure_kpa,pkt,rssi_dbm,snr_db,raw_payload,parse_error
2026-07-12T00:59:14,esp32,PR12P210,ok,0.682,4.54,2039,-61,9.75,"{""device"":""esp32"",""sensor"":""PR12P210"",""status"":""ok"",""voltage"":0.682,""pressure_kpa"":4.54,""pkt"":2039}",
2026-07-12T00:59:16,esp32,PR12P210,ok,0.689,4.74,2040,-60,9.50,"{""device"":""esp32"",""sensor"":""PR12P210"",""status"":""ok"",""voltage"":0.689,""pressure_kpa"":4.74,""pkt"":2040}",
2026-07-12T00:59:17,esp32,PR12P210,ok,0.684,4.59,2041,-61,9.50,"{""device"":""esp32"",""sensor"":""PR12P210"",""status"":""ok"",""voltage"":0.684,""pressure_kpa"":4.59,""pkt"":2041}",
2026-07-12T00:59:18,esp32,PR12P210,ok,0.658,3.94,2042,-61,9.00,"{""device"":""esp32"",""sensor"":""PR12P210"",""status"":""ok"",""voltage"":0.658,""pressure_kpa"":3.94,""pkt"":2042}",
2026-07-12T00:59:19,esp32,PR12P210,ok,0.684,4.61,2043,-60,9.50,"{""device"":""esp32"",""sensor"":""PR12P210"",""status"":""ok"",""voltage"":0.684,""pressure_kpa"":4.61,""pkt"":2043}",
2026-07-12T00:59:20,esp32,PR12P210,ok,0.687,4.68,2044,-61,9.75,"{""device"":""esp32"",""sensor"":""PR12P210"",""status"":""ok"",""voltage"":0.687,""pressure_kpa"":4.68,""pkt"":2044}",
2026-07-12T00:59:22,esp32,PR12P210,ok,0.684,4.61,2045,-61,9.25,"{""device"":""esp32"",""sensor"":""PR12P210"",""status"":""ok"",""voltage"":0.684,""pressure_kpa"":4.61,""pkt"":2045}",
2026-07-12T00:59:23,esp32,PR12P210,ok,0.658,3.95,2046,-61,9.75,"{""device"":""esp32"",""sensor"":""PR12P210"",""status"":""ok"",""voltage"":0.658,""pressure_kpa"":3.95,""pkt"":2046}",
2026-07-12T00:59:24,esp32,PR12P210,ok,0.675,4.37,2047,-60,9.25,"{""device"":""esp32"",""sensor"":""PR12P210"",""status"":""ok"",""voltage"":0.675,""pressure_kpa"":4.37,""pkt"":2047}",
2026-07-12T00:59:25,esp32,PR12P210,ok,0.683,4.56,2048,-61,9.75,"{""device"":""esp32"",""sensor"":""PR12P210"",""status"":""ok"",""voltage"":0.683,""pressure_kpa"":4.56,""pkt"":2048}",
2026-07-12T00:59:26,esp32,PR12P210,ok,0.691,4.76,2049,-60,9.50,"{""device"":""esp32"",""sensor"":""PR12P210"",""status"":""ok"",""voltage"":0.691,""pressure_kpa"":4.76,""pkt"":2049}",
2026-07-12T00:59:28,esp32,PR12P210,ok,0.687,4.67,2050,-61,9.75,"{""device"":""esp32"",""sensor"":""PR12P210"",""status"":""ok"",""voltage"":0.687,""pressure_kpa"":4.67,""pkt"":2050}",
2026-07-12T00:59:29,esp32,PR12P210,ok,0.672,4.29,2051,-61,9.75,"{""device"":""esp32"",""sensor"":""PR12P210"",""status"":""ok"",""voltage"":0.672,""pressure_kpa"":4.29,""pkt"":2051}",
2026-07-12T00:59:30,esp32,PR12P210,ok,0.655,3.87,2052,-60,9.75,"{""device"":""esp32"",""sensor"":""PR12P210"",""status"":""ok"",""voltage"":0.655,""pressure_kpa"":3.87,""pkt"":2052}",
2026-07-12T00:59:31,esp32,PR12P210,ok,0.665,4.12,2053,-60,9.50,"{""device"":""esp32"",""sensor"":""PR12P210"",""status"":""ok"",""voltage"":0.665,""pressure_kpa"":4.12,""pkt"":2053}",
2026-07-12T00:59:32,esp32,PR12P210,ok,0.667,4.18,2054,-60,9.50,"{""device"":""esp32"",""sensor"":""PR12P210"",""status"":""ok"",""voltage"":0.667,""pressure_kpa"":4.18,""pkt"":2054}",
2026-07-12T00:59:33,esp32,PR12P210,ok,0.675,4.38,2055,-59,9.75,"{""device"":""esp32"",""sensor"":""PR12P210"",""status"":""ok"",""voltage"":0.675,""pressure_kpa"":4.38,""pkt"":2055}",
2026-07-12T00:59:35,esp32,PR12P210,ok,0.68,4.51,2056,-60,9.50,"{""device"":""esp32"",""sensor"":""PR12P210"",""status"":""ok"",""voltage"":0.680,""pressure_kpa"":4.51,""pkt"":2056}",
2026-07-12T00:59:36,esp32,PR12P210,ok,0.68,4.49,2057,-60,9.75,"{""device"":""esp32"",""sensor"":""PR12P210"",""status"":""ok"",""voltage"":0.680,""pressure_kpa"":4.49,""pkt"":2057}",
2026-07-12T00:59:37,esp32,PR12P210,ok,0.687,4.68,2058,-60,10.00,"{""device"":""esp32"",""sensor"":""PR12P210"",""status"":""ok"",""voltage"":0.687,""pressure_kpa"":4.68,""pkt"":2058}",
2026-07-12T00:59:38,esp32,PR12P210,ok,0.688,4.71,2059,-60,9.75,"{""device"":""esp32"",""sensor"":""PR12P210"",""status"":""ok"",""voltage"":0.688,""pressure_kpa"":4.71,""pkt"":2059}",
2026-07-12T00:59:39,esp32,PR12P210,ok,0.679,4.48,2060,-60,9.50,"{""device"":""esp32"",""sensor"":""PR12P210"",""status"":""ok"",""voltage"":0.679,""pressure_kpa"":4.48,""pkt"":2060}",
2026-07-12T00:59:41,esp32,PR12P210,ok,0.679,4.47,2061,-60,10.00,"{""device"":""esp32"",""sensor"":""PR12P210"",""status"":""ok"",""voltage"":0.679,""pressure_kpa"":4.47,""pkt"":2061}",
2026-07-12T00:59:42,esp32,PR12P210,ok,0.687,4.67,2062,-59,9.50,"{""device"":""esp32"",""sensor"":""PR12P210"",""status"":""ok"",""voltage"":0.687,""pressure_kpa"":4.67,""pkt"":2062}",
2026-07-12T00:59:43,esp32,PR12P210,ok,0.688,4.69,2063,-59,9.75,"{""device"":""esp32"",""sensor"":""PR12P210"",""status"":""ok"",""voltage"":0.688,""pressure_kpa"":4.69,""pkt"":2063}",
2026-07-12T00:59:44,esp32,PR12P210,ok,0.685,4.61,2064,-60,9.75,"{""device"":""esp32"",""sensor"":""PR12P210"",""status"":""ok"",""voltage"":0.685,""pressure_kpa"":4.61,""pkt"":2064}",
2026-07-12T00:59:45,esp32,PR12P210,ok,0.685,4.63,2065,-59,9.75,"{""device"":""esp32"",""sensor"":""PR12P210"",""status"":""ok"",""voltage"":0.685,""pressure_kpa"":4.63,""pkt"":2065}",
2026-07-12T00:59:47,esp32,PR12P210,ok,0.689,4.73,2066,-60,9.50,"{""device"":""esp32"",""sensor"":""PR12P210"",""status"":""ok"",""voltage"":0.689,""pressure_kpa"":4.73,""pkt"":2066}",
2026-07-12T00:59:48,esp32,PR12P210,ok,0.684,4.61,2067,-60,9.50,"{""device"":""esp32"",""sensor"":""PR12P210"",""status"":""ok"",""voltage"":0.684,""pressure_kpa"":4.61,""pkt"":2067}",
2026-07-12T00:59:49,esp32,PR12P210,ok,0.687,4.66,2068,-60,9.25,"{""device"":""esp32"",""sensor"":""PR12P210"",""status"":""ok"",""voltage"":0.687,""pressure_kpa"":4.66,""pkt"":2068}",
2026-07-12T00:59:50,esp32,PR12P210,ok,0.688,4.7,2069,-60,10.00,"{""device"":""esp32"",""sensor"":""PR12P210"",""status"":""ok"",""voltage"":0.688,""pressure_kpa"":4.70,""pkt"":2069}",
2026-07-12T00:59:51,esp32,PR12P210,ok,0.681,4.51,2070,-60,9.50,"{""device"":""esp32"",""sensor"":""PR12P210"",""status"":""ok"",""voltage"":0.681,""pressure_kpa"":4.51,""pkt"":2070}",
2026-07-12T00:59:53,esp32,PR12P210,ok,0.687,4.67,2071,-61,9.75,"{""device"":""esp32"",""sensor"":""PR12P210"",""status"":""ok"",""voltage"":0.687,""pressure_kpa"":4.67,""pkt"":2071}",
2026-07-12T00:59:54,esp32,PR12P210,ok,0.692,4.81,2072,-60,9.75,"{""device"":""esp32"",""sensor"":""PR12P210"",""status"":""ok"",""voltage"":0.692,""pressure_kpa"":4.81,""pkt"":2072}",
2026-07-12T00:59:55,esp32,PR12P210,ok,0.688,4.7,2073,-60,9.75,"{""device"":""esp32"",""sensor"":""PR12P210"",""status"":""ok"",""voltage"":0.688,""pressure_kpa"":4.70,""pkt"":2073}",
2026-07-12T00:59:56,esp32,PR12P210,ok,0.673,4.33,2074,-61,9.50,"{""device"":""esp32"",""sensor"":""PR12P210"",""status"":""ok"",""voltage"":0.673,""pressure_kpa"":4.33,""pkt"":2074}",
2026-07-12T00:59:57,esp32,PR12P210,ok,0.684,4.59,2075,-60,9.75,"{""device"":""esp32"",""sensor"":""PR12P210"",""status"":""ok"",""voltage"":0.684,""pressure_kpa"":4.59,""pkt"":2075}",
2026-07-12T00:59:59,esp32,PR12P210,ok,0.692,4.79,2076,-60,9.50,"{""device"":""esp32"",""sensor"":""PR12P210"",""status"":""ok"",""voltage"":0.692,""pressure_kpa"":4.79,""pkt"":2076}",
2026-07-12T01:00:00,esp32,PR12P210,ok,0.68,4.49,2077,-60,9.25,"{""device"":""esp32"",""sensor"":""PR12P210"",""status"":""ok"",""voltage"":0.680,""pressure_kpa"":4.49,""pkt"":2077}",
2026-07-12T01:00:01,esp32,PR12P210,ok,0.681,4.53,2078,-60,8.75,"{""device"":""esp32"",""sensor"":""PR12P210"",""status"":""ok"",""voltage"":0.681,""pressure_kpa"":4.53,""pkt"":2078}",
2026-07-12T01:00:02,esp32,PR12P210,ok,0.689,4.74,2079,-60,9.50,"{""device"":""esp32"",""sensor"":""PR12P210"",""status"":""ok"",""voltage"":0.689,""pressure_kpa"":4.74,""pkt"":2079}",
2026-07-12T01:00:03,esp32,PR12P210,ok,0.667,4.18,2080,-60,9.00,"{""device"":""esp32"",""sensor"":""PR12P210"",""status"":""ok"",""voltage"":0.667,""pressure_kpa"":4.18,""pkt"":2080}",
2026-07-12T01:00:04,esp32,PR12P210,ok,0.651,3.77,2081,-60,9.75,"{""device"":""esp32"",""sensor"":""PR12P210"",""status"":""ok"",""voltage"":0.651,""pressure_kpa"":3.77,""pkt"":2081}",
2026-07-12T01:00:06,esp32,PR12P210,ok,0.666,4.16,2082,-60,9.25,"{""device"":""esp32"",""sensor"":""PR12P210"",""status"":""ok"",""voltage"":0.666,""pressure_kpa"":4.16,""pkt"":2082}",
2026-07-12T01:00:07,esp32,PR12P210,ok,0.676,4.39,2083,-60,9.50,"{""device"":""esp32"",""sensor"":""PR12P210"",""status"":""ok"",""voltage"":0.676,""pressure_kpa"":4.39,""pkt"":2083}",
2026-07-12T01:00:08,,,,,,,-61,5.25,"{""device"":""esp32"",""sensor"":""PR12P210"",""status"":""ok"",""voltage"":0.679,""pressvre_kpa"":4.4v,!pkt"":2084}","Expecting ',' delimiter: line 1 column 87 (char 86)"
2026-07-12T01:00:09,esp32,PR12P210,ok,0.69,4.74,2085,-60,10.00,"{""device"":""esp32"",""sensor"":""PR12P210"",""status"":""ok"",""voltage"":0.690,""pressure_kpa"":4.74,""pkt"":2085}",
2026-07-12T01:00:10,esp32,PR12P210,ok,0.691,4.77,2086,-61,9.25,"{""device"":""esp32"",""sensor"":""PR12P210"",""status"":""ok"",""voltage"":0.691,""pressure_kpa"":4.77,""pkt"":2086}",
2026-07-12T01:00:12,esp32,PR12P210,ok,0.686,4.65,2087,-61,9.25,"{""device"":""esp32"",""sensor"":""PR12P210"",""status"":""ok"",""voltage"":0.686,""pressure_kpa"":4.65,""pkt"":2087}",
2026-07-12T01:00:13,esp32,PR12P210,ok,0.685,4.63,2088,-60,9.50,"{""device"":""esp32"",""sensor"":""PR12P210"",""status"":""ok"",""voltage"":0.685,""pressure_kpa"":4.63,""pkt"":2088}",
2026-07-12T01:00:14,esp32,PR12P210,ok,0.656,3.89,2089,-61,9.50,"{""device"":""esp32"",""sensor"":""PR12P210"",""status"":""ok"",""voltage"":0.656,""pressure_kpa"":3.89,""pkt"":2089}",
2026-07-12T01:00:15,esp32,PR12P210,ok,0.655,3.86,2090,-61,9.25,"{""device"":""esp32"",""sensor"":""PR12P210"",""status"":""ok"",""voltage"":0.655,""pressure_kpa"":3.86,""pkt"":2090}",
2026-07-12T01:00:16,esp32,PR12P210,ok,0.665,4.12,2091,-61,9.50,"{""device"":""esp32"",""sensor"":""PR12P210"",""status"":""ok"",""voltage"":0.665,""pressure_kpa"":4.12,""pkt"":2091}",
2026-07-12T01:00:18,esp32,PR12P210,ok,0.68,4.49,2092,-61,9.50,"{""device"":""esp32"",""sensor"":""PR12P210"",""status"":""ok"",""voltage"":0.680,""pressure_kpa"":4.49,""pkt"":2092}",
2026-07-12T01:00:19,esp32,PR12P210,ok,0.679,4.48,2093,-60,9.75,"{""device"":""esp32"",""sensor"":""PR12P210"",""status"":""ok"",""voltage"":0.679,""pressure_kpa"":4.48,""pkt"":2093}",
2026-07-12T01:00:20,esp32,PR12P210,ok,0.683,4.57,2094,-61,9.75,"{""device"":""esp32"",""sensor"":""PR12P210"",""status"":""ok"",""voltage"":0.683,""pressure_kpa"":4.57,""pkt"":2094}",
2026-07-12T01:00:21,esp32,PR12P210,ok,0.689,4.72,2095,-60,9.75,"{""device"":""esp32"",""sensor"":""PR12P210"",""status"":""ok"",""voltage"":0.689,""pressure_kpa"":4.72,""pkt"":2095}",
2026-07-12T01:00:22,esp32,PR12P210,ok,0.689,4.72,2096,-61,9.25,"{""device"":""esp32"",""sensor"":""PR12P210"",""status"":""ok"",""voltage"":0.689,""pressure_kpa"":4.72,""pkt"":2096}",
2026-07-12T01:00:24,esp32,PR12P210,ok,0.685,4.63,2097,-61,9.25,"{""device"":""esp32"",""sensor"":""PR12P210"",""status"":""ok"",""voltage"":0.685,""pressure_kpa"":4.63,""pkt"":2097}",
2026-07-12T01:00:25,esp32,PR12P210,ok,0.682,4.55,2098,-60,9.75,"{""device"":""esp32"",""sensor"":""PR12P210"",""status"":""ok"",""voltage"":0.682,""pressure_kpa"":4.55,""pkt"":2098}",
2026-07-12T01:00:26,esp32,PR12P210,ok,0.658,3.95,2099,-60,9.50,"{""device"":""esp32"",""sensor"":""PR12P210"",""status"":""ok"",""voltage"":0.658,""pressure_kpa"":3.95,""pkt"":2099}",
2026-07-12T01:00:27,esp32,PR12P210,ok,0.671,4.27,2100,-61,9.50,"{""device"":""esp32"",""sensor"":""PR12P210"",""status"":""ok"",""voltage"":0.671,""pressure_kpa"":4.27,""pkt"":2100}",
2026-07-12T01:00:29,,,,,,,-60,5.75,"{""device"":""esp32"",""sensor"":""PR12P²10"",""status"":*ok"",""voltake"":0.690,""pressure_kpa"":4.7<,!pkt"":2109}",Expecting value: line 1 column 48 (char 47)
2026-07-12T01:00:30,esp32,PR12P210,ok,0.689,4.72,2102,-61,9.50,"{""device"":""esp32"",""sensor"":""PR12P210"",""status"":""ok"",""voltage"":0.689,""pressure_kpa"":4.72,""pkt"":2102}",
2026-07-12T01:00:31,esp32,PR12P210,ok,0.687,4.67,2103,-61,9.50,"{""device"":""esp32"",""sensor"":""PR12P210"",""status"":""ok"",""voltage"":0.687,""pressure_kpa"":4.67,""pkt"":2103}",
2026-07-12T01:00:32,esp32,PR12P210,ok,0.682,4.56,2104,-60,9.50,"{""device"":""esp32"",""sensor"":""PR12P210"",""status"":""ok"",""voltage"":0.682,""pressure_kpa"":4.56,""pkt"":2104}",
2026-07-12T01:00:33,esp32,PR12P210,ok,0.661,4.02,2105,-60,10.25,"{""device"":""esp32"",""sensor"":""PR12P210"",""status"":""ok"",""voltage"":0.661,""pressure_kpa"":4.02,""pkt"":2105}",
2026-07-12T01:00:34,esp32,PR12P210,ok,0.67,4.26,2106,-60,9.75,"{""device"":""esp32"",""sensor"":""PR12P210"",""status"":""ok"",""voltage"":0.670,""pressure_kpa"":4.26,""pkt"":2106}",
2026-07-12T01:00:35,esp32,PR12P210,ok,0.685,4.64,2107,-60,10.00,"{""device"":""esp32"",""sensor"":""PR12P210"",""status"":""ok"",""voltage"":0.685,""pressure_kpa"":4.64,""pkt"":2107}",
2026-07-12T01:00:37,esp32,PR12P210,ok,0.692,4.8,2108,-61,9.50,"{""device"":""esp32"",""sensor"":""PR12P210"",""status"":""ok"",""voltage"":0.692,""pressure_kpa"":4.80,""pkt"":2108}",
2026-07-12T01:00:38,esp32,PR12P210,ok,0.693,4.82,2109,-61,9.50,"{""device"":""esp32"",""sensor"":""PR12P210"",""status"":""ok"",""voltage"":0.693,""pressure_kpa"":4.82,""pkt"":2109}",
2026-07-12T01:00:39,esp32,PR12P210,ok,0.688,4.69,2110,-61,9.25,"{""device"":""esp32"",""sensor"":""PR12P210"",""status"":""ok"",""voltage"":0.688,""pressure_kpa"":4.69,""pkt"":2110}",
2026-07-12T01:00:40,esp32,PR12P210,ok,0.662,4.06,2111,-60,9.25,"{""device"":""esp32"",""sensor"":""PR12P210"",""status"":""ok"",""voltage"":0.662,""pressure_kpa"":4.06,""pkt"":2111}",
2026-07-12T01:00:42,esp32,PR12P210,ok,0.665,4.12,2112,-60,9.00,"{""device"":""esp32"",""sensor"":""PR12P210"",""status"":""ok"",""voltage"":0.665,""pressure_kpa"":4.12,""pkt"":2112}",
2026-07-12T01:00:43,esp32,PR12P210,ok,0.679,4.47,2113,-61,9.50,"{""device"":""esp32"",""sensor"":""PR12P210"",""status"":""ok"",""voltage"":0.679,""pressure_kpa"":4.47,""pkt"":2113}",
2026-07-12T01:00:44,esp32,PR12P210,ok,0.696,4.89,2114,-61,9.75,"{""device"":""esp32"",""sensor"":""PR12P210"",""status"":""ok"",""voltage"":0.696,""pressure_kpa"":4.89,""pkt"":2114}",
2026-07-12T01:00:45,esp32,PR12P210,ok,0.689,4.73,2115,-60,9.25,"{""device"":""esp32"",""sensor"":""PR12P210"",""status"":""ok"",""voltage"":0.689,""pressure_kpa"":4.73,""pkt"":2115}",
2026-07-12T01:00:46,esp32,PR12P210,ok,0.684,4.6,2116,-60,9.50,"{""device"":""esp32"",""sensor"":""PR12P210"",""status"":""ok"",""voltage"":0.684,""pressure_kpa"":4.60,""pkt"":2116}",
2026-07-12T01:00:48,esp32,PR12P210,ok,0.661,4.03,2117,-60,9.25,"{""device"":""esp32"",""sensor"":""PR12P210"",""status"":""ok"",""voltage"":0.661,""pressure_kpa"":4.03,""pkt"":2117}",
2026-07-12T01:00:49,esp32,PR12P210,ok,0.679,4.48,2118,-61,9.75,"{""device"":""esp32"",""sensor"":""PR12P210"",""status"":""ok"",""voltage"":0.679,""pressure_kpa"":4.48,""pkt"":2118}",
2026-07-12T01:00:50,esp32,PR12P210,ok,0.686,4.65,2119,-61,9.50,"{""device"":""esp32"",""sensor"":""PR12P210"",""status"":""ok"",""voltage"":0.686,""pressure_kpa"":4.65,""pkt"":2119}",
2026-07-12T01:00:51,esp32,PR12P210,ok,0.691,4.77,2120,-60,9.50,"{""device"":""esp32"",""sensor"":""PR12P210"",""status"":""ok"",""voltage"":0.691,""pressure_kpa"":4.77,""pkt"":2120}",
2026-07-12T01:00:52,esp32,PR12P210,ok,0.668,4.21,2121,-60,9.50,"{""device"":""esp32"",""sensor"":""PR12P210"",""status"":""ok"",""voltage"":0.668,""pressure_kpa"":4.21,""pkt"":2121}",
2026-07-12T01:00:53,esp32,PR12P210,ok,0.676,4.4,2122,-61,9.50,"{""device"":""esp32"",""sensor"":""PR12P210"",""status"":""ok"",""voltage"":0.676,""pressure_kpa"":4.40,""pkt"":2122}",
2026-07-12T01:00:55,esp32,PR12P210,ok,0.693,4.82,2123,-60,9.50,"{""device"":""esp32"",""sensor"":""PR12P210"",""status"":""ok"",""voltage"":0.693,""pressure_kpa"":4.82,""pkt"":2123}",
2026-07-12T01:00:56,esp32,PR12P210,ok,0.662,4.06,2124,-60,9.75,"{""device"":""esp32"",""sensor"":""PR12P210"",""status"":""ok"",""voltage"":0.662,""pressure_kpa"":4.06,""pkt"":2124}",
2026-07-12T01:00:57,esp32,PR12P210,ok,0.686,4.65,2125,-61,9.50,"{""device"":""esp32"",""sensor"":""PR12P210"",""status"":""ok"",""voltage"":0.686,""pressure_kpa"":4.65,""pkt"":2125}",
2026-07-12T01:00:58,esp32,PR12P210,ok,0.696,4.9,2126,-60,9.50,"{""device"":""esp32"",""sensor"":""PR12P210"",""status"":""ok"",""voltage"":0.696,""pressure_kpa"":4.90,""pkt"":2126}",
2026-07-12T01:00:59,esp32,PR12P210,ok,0.663,4.09,2127,-60,9.75,"{""device"":""esp32"",""sensor"":""PR12P210"",""status"":""ok"",""voltage"":0.663,""pressure_kpa"":4.09,""pkt"":2127}",
2026-07-12T01:01:01,esp32,PR12P210,ok,0.683,4.57,2128,-61,9.50,"{""device"":""esp32"",""sensor"":""PR12P210"",""status"":""ok"",""voltage"":0.683,""pressure_kpa"":4.57,""pkt"":2128}",
2026-07-12T01:01:02,esp32,PR12P210,ok,0.689,4.73,2129,-60,9.25,"{""device"":""esp32"",""sensor"":""PR12P210"",""status"":""ok"",""voltage"":0.689,""pressure_kpa"":4.73,""pkt"":2129}",
2026-07-12T01:01:03,esp32,PR12P210,ok,0.657,3.92,2130,-60,10.00,"{""device"":""esp32"",""sensor"":""PR12P210"",""status"":""ok"",""voltage"":0.657,""pressure_kpa"":3.92,""pkt"":2130}",
2026-07-12T01:01:04,esp32,PR12P210,ok,0.674,4.34,2131,-61,9.50,"{""device"":""esp32"",""sensor"":""PR12P210"",""status"":""ok"",""voltage"":0.674,""pressure_kpa"":4.34,""pkt"":2131}",
2026-07-12T01:01:05,esp32,PR12P210,ok,0.691,4.77,2132,-60,9.50,"{""device"":""esp32"",""sensor"":""PR12P210"",""status"":""ok"",""voltage"":0.691,""pressure_kpa"":4.77,""pkt"":2132}",
2026-07-12T01:01:07,esp32,PR12P210,ok,0.685,4.62,2133,-60,9.25,"{""device"":""esp32"",""sensor"":""PR12P210"",""status"":""ok"",""voltage"":0.685,""pressure_kpa"":4.62,""pkt"":2133}",
2026-07-12T01:01:08,esp32,PR12P210,ok,0.659,3.97,2134,-61,9.75,"{""device"":""esp32"",""sensor"":""PR12P210"",""status"":""ok"",""voltage"":0.659,""pressure_kpa"":3.97,""pkt"":2134}",
2026-07-12T01:01:09,esp32,PR12P210,ok,0.683,4.57,2135,-60,9.75,"{""device"":""esp32"",""sensor"":""PR12P210"",""status"":""ok"",""voltage"":0.683,""pressure_kpa"":4.57,""pkt"":2135}",
2026-07-12T01:01:10,esp32,PR12P210,ok,0.693,4.82,2136,-60,10.00,"{""device"":""esp32"",""sensor"":""PR12P210"",""status"":""ok"",""voltage"":0.693,""pressure_kpa"":4.82,""pkt"":2136}",
2026-07-12T01:01:11,esp32,PR12P210,ok,0.683,4.58,2137,-61,9.75,"{""device"":""esp32"",""sensor"":""PR12P210"",""status"":""ok"",""voltage"":0.683,""pressure_kpa"":4.58,""pkt"":2137}",
2026-07-12T01:01:13,esp32,PR12P210,ok,0.665,4.13,2138,-60,9.50,"{""device"":""esp32"",""sensor"":""PR12P210"",""status"":""ok"",""voltage"":0.665,""pressure_kpa"":4.13,""pkt"":2138}",
2026-07-12T01:01:15,esp32,PR12P210,ok,0.693,4.83,2140,-61,9.50,"{""device"":""esp32"",""sensor"":""PR12P210"",""status"":""ok"",""voltage"":0.693,""pressure_kpa"":4.83,""pkt"":2140}",
2026-07-12T01:01:16,esp32,PR12P210,ok,0.675,4.37,2141,-60,9.00,"{""device"":""esp32"",""sensor"":""PR12P210"",""status"":""ok"",""voltage"":0.675,""pressure_kpa"":4.37,""pkt"":2141}",
2026-07-12T01:01:17,esp32,PR12P210,ok,0.683,4.58,2142,-61,9.50,"{""device"":""esp32"",""sensor"":""PR12P210"",""status"":""ok"",""voltage"":0.683,""pressure_kpa"":4.58,""pkt"":2142}",
2026-07-12T01:01:19,esp32,PR12P210,ok,0.691,4.76,2143,-60,9.25,"{""device"":""esp32"",""sensor"":""PR12P210"",""status"":""ok"",""voltage"":0.691,""pressure_kpa"":4.76,""pkt"":2143}",
2026-07-12T01:01:21,esp32,PR12P210,ok,0.688,4.71,2144,-60,9.25,"{""device"":""esp32"",""sensor"":""PR12P210"",""status"":""ok"",""voltage"":0.688,""pressure_kpa"":4.71,""pkt"":2144}",
2026-07-12T01:01:22,esp32,PR12P210,ok,0.684,4.6,2146,-61,9.25,"{""device"":""esp32"",""sensor"":""PR12P210"",""status"":""ok"",""voltage"":0.684,""pressure_kpa"":4.60,""pkt"":2146}",
2026-07-12T01:01:24,esp32,PR12P210,ok,0.679,4.47,2147,-60,9.75,"{""device"":""esp32"",""sensor"":""PR12P210"",""status"":""ok"",""voltage"":0.679,""pressure_kpa"":4.47,""pkt"":2147}",
2026-07-12T01:01:25,esp32,PR12P210,ok,0.676,4.39,2148,-61,9.75,"{""device"":""esp32"",""sensor"":""PR12P210"",""status"":""ok"",""voltage"":0.676,""pressure_kpa"":4.39,""pkt"":2148}",
2026-07-12T01:01:26,esp32,PR12P210,ok,0.684,4.59,2149,-61,9.75,"{""device"":""esp32"",""sensor"":""PR12P210"",""status"":""ok"",""voltage"":0.684,""pressure_kpa"":4.59,""pkt"":2149}",
2026-07-12T01:01:27,esp32,PR12P210,ok,0.672,4.29,2150,-60,9.75,"{""device"":""esp32"",""sensor"":""PR12P210"",""status"":""ok"",""voltage"":0.672,""pressure_kpa"":4.29,""pkt"":2150}",
2026-07-12T01:01:28,esp32,PR12P210,ok,0.692,4.8,2151,-60,9.75,"{""device"":""esp32"",""sensor"":""PR12P210"",""status"":""ok"",""voltage"":0.692,""pressure_kpa"":4.80,""pkt"":2151}",
2026-07-12T01:01:29,esp32,PR12P210,ok,0.669,4.22,2152,-61,9.25,"{""device"":""esp32"",""sensor"":""PR12P210"",""status"":""ok"",""voltage"":0.669,""pressure_kpa"":4.22,""pkt"":2152}",
2026-07-12T01:01:31,esp32,PR12P210,ok,0.689,4.73,2153,-60,9.50,"{""device"":""esp32"",""sensor"":""PR12P210"",""status"":""ok"",""voltage"":0.689,""pressure_kpa"":4.73,""pkt"":2153}",
2026-07-12T01:01:32,esp32,PR12P210,ok,0.668,4.2,2154,-61,9.50,"{""device"":""esp32"",""sensor"":""PR12P210"",""status"":""ok"",""voltage"":0.668,""pressure_kpa"":4.20,""pkt"":2154}",
2026-07-12T01:01:33,esp32,PR12P210,ok,0.683,4.59,2155,-61,9.50,"{""device"":""esp32"",""sensor"":""PR12P210"",""status"":""ok"",""voltage"":0.683,""pressure_kpa"":4.59,""pkt"":2155}",
2026-07-12T01:01:34,esp32,PR12P210,ok,0.667,4.17,2156,-61,9.50,"{""device"":""esp32"",""sensor"":""PR12P210"",""status"":""ok"",""voltage"":0.667,""pressure_kpa"":4.17,""pkt"":2156}",
2026-07-12T01:01:35,esp32,PR12P210,ok,0.682,4.56,2157,-60,9.50,"{""device"":""esp32"",""sensor"":""PR12P210"",""status"":""ok"",""voltage"":0.682,""pressure_kpa"":4.56,""pkt"":2157}",
2026-07-12T01:01:36,esp32,PR12P210,ok,0.653,3.82,2158,-61,9.75,"{""device"":""esp32"",""sensor"":""PR12P210"",""status"":""ok"",""voltage"":0.653,""pressure_kpa"":3.82,""pkt"":2158}",
2026-07-12T01:01:38,esp32,PR12P210,ok,0.682,4.56,2159,-60,9.75,"{""device"":""esp32"",""sensor"":""PR12P210"",""status"":""ok"",""voltage"":0.682,""pressure_kpa"":4.56,""pkt"":2159}",
2026-07-12T01:01:39,esp32,PR12P210,ok,0.647,3.67,2160,-60,9.75,"{""device"":""esp32"",""sensor"":""PR12P210"",""status"":""ok"",""voltage"":0.647,""pressure_kpa"":3.67,""pkt"":2160}",
2026-07-12T01:01:40,esp32,PR12P210,ok,0.665,4.11,2161,-60,10.00,"{""device"":""esp32"",""sensor"":""PR12P210"",""status"":""ok"",""voltage"":0.665,""pressure_kpa"":4.11,""pkt"":2161}",
2026-07-12T01:01:41,esp32,PR12P210,ok,0.677,4.43,2162,-60,9.50,"{""device"":""esp32"",""sensor"":""PR12P210"",""status"":""ok"",""voltage"":0.677,""pressure_kpa"":4.43,""pkt"":2162}",
2026-07-12T01:01:42,esp32,PR12P210,ok,0.638,3.46,2163,-60,9.50,"{""device"":""esp32"",""sensor"":""PR12P210"",""status"":""ok"",""voltage"":0.638,""pressure_kpa"":3.46,""pkt"":2163}",
2026-07-12T01:01:44,esp32,PR12P210,ok,0.663,4.07,2164,-61,9.25,"{""device"":""esp32"",""sensor"":""PR12P210"",""status"":""ok"",""voltage"":0.663,""pressure_kpa"":4.07,""pkt"":2164}",
2026-07-12T01:01:45,esp32,PR12P210,ok,0.679,4.47,2165,-60,9.50,"{""device"":""esp32"",""sensor"":""PR12P210"",""status"":""ok"",""voltage"":0.679,""pressure_kpa"":4.47,""pkt"":2165}",
2026-07-12T01:01:46,esp32,PR12P210,ok,0.648,3.69,2166,-60,9.25,"{""device"":""esp32"",""sensor"":""PR12P210"",""status"":""ok"",""voltage"":0.648,""pressure_kpa"":3.69,""pkt"":2166}",
2026-07-12T01:01:47,esp32,PR12P210,ok,0.652,3.81,2167,-61,9.25,"{""device"":""esp32"",""sensor"":""PR12P210"",""status"":""ok"",""voltage"":0.652,""pressure_kpa"":3.81,""pkt"":2167}",
2026-07-12T01:01:48,esp32,PR12P210,ok,0.677,4.41,2168,-60,9.75,"{""device"":""esp32"",""sensor"":""PR12P210"",""status"":""ok"",""voltage"":0.677,""pressure_kpa"":4.41,""pkt"":2168}",
2026-07-12T01:01:50,esp32,PR12P210,ok,0.669,4.23,2169,-60,9.75,"{""device"":""esp32"",""sensor"":""PR12P210"",""status"":""ok"",""voltage"":0.669,""pressure_kpa"":4.23,""pkt"":2169}",
2026-07-12T01:01:51,esp32,PR12P210,ok,0.64,3.49,2170,-61,9.50,"{""device"":""esp32"",""sensor"":""PR12P210"",""status"":""ok"",""voltage"":0.640,""pressure_kpa"":3.49,""pkt"":2170}",
2026-07-12T01:01:52,esp32,PR12P210,ok,0.665,4.11,2171,-60,9.50,"{""device"":""esp32"",""sensor"":""PR12P210"",""status"":""ok"",""voltage"":0.665,""pressure_kpa"":4.11,""pkt"":2171}",
2026-07-12T01:01:53,esp32,PR12P210,ok,0.669,4.23,2172,-61,9.50,"{""device"":""esp32"",""sensor"":""PR12P210"",""status"":""ok"",""voltage"":0.669,""pressure_kpa"":4.23,""pkt"":2172}",
2026-07-12T01:01:54,esp32,PR12P210,ok,0.667,4.18,2173,-61,9.75,"{""device"":""esp32"",""sensor"":""PR12P210"",""status"":""ok"",""voltage"":0.667,""pressure_kpa"":4.18,""pkt"":2173}",
2026-07-12T01:01:56,esp32,PR12P210,ok,0.65,3.75,2174,-60,9.75,"{""device"":""esp32"",""sensor"":""PR12P210"",""status"":""ok"",""voltage"":0.650,""pressure_kpa"":3.75,""pkt"":2174}",
2026-07-12T01:01:57,esp32,PR12P210,ok,0.67,4.24,2175,-60,9.50,"{""device"":""esp32"",""sensor"":""PR12P210"",""status"":""ok"",""voltage"":0.670,""pressure_kpa"":4.24,""pkt"":2175}",
2026-07-12T01:01:58,esp32,PR12P210,ok,0.669,4.23,2176,-61,9.25,"{""device"":""esp32"",""sensor"":""PR12P210"",""status"":""ok"",""voltage"":0.669,""pressure_kpa"":4.23,""pkt"":2176}",
2026-07-12T01:01:59,esp32,PR12P210,ok,0.675,4.38,2177,-60,9.75,"{""device"":""esp32"",""sensor"":""PR12P210"",""status"":""ok"",""voltage"":0.675,""pressure_kpa"":4.38,""pkt"":2177}",
2026-07-12T01:02:00,esp32,PR12P210,ok,0.642,3.55,2178,-60,9.50,"{""device"":""esp32"",""sensor"":""PR12P210"",""status"":""ok"",""voltage"":0.642,""pressure_kpa"":3.55,""pkt"":2178}",
2026-07-12T01:02:02,esp32,PR12P210,ok,0.661,4.02,2179,-61,9.25,"{""device"":""esp32"",""sensor"":""PR12P210"",""status"":""ok"",""voltage"":0.661,""pressure_kpa"":4.02,""pkt"":2179}",
2026-07-12T01:02:03,esp32,PR12P210,ok,0.674,4.36,2180,-60,9.50,"{""device"":""esp32"",""sensor"":""PR12P210"",""status"":""ok"",""voltage"":0.674,""pressure_kpa"":4.36,""pkt"":2180}",
2026-07-12T01:02:04,esp32,PR12P210,ok,0.666,4.14,2181,-60,9.50,"{""device"":""esp32"",""sensor"":""PR12P210"",""status"":""ok"",""voltage"":0.666,""pressure_kpa"":4.14,""pkt"":2181}",
2026-07-12T01:02:05,esp32,PR12P210,ok,0.647,3.67,2182,-61,9.25,"{""device"":""esp32"",""sensor"":""PR12P210"",""status"":""ok"",""voltage"":0.647,""pressure_kpa"":3.67,""pkt"":2182}",
2026-07-12T01:02:06,esp32,PR12P210,ok,0.67,4.24,2183,-60,9.75,"{""device"":""esp32"",""sensor"":""PR12P210"",""status"":""ok"",""voltage"":0.670,""pressure_kpa"":4.24,""pkt"":2183}",
2026-07-12T01:02:08,esp32,PR12P210,ok,0.673,4.34,2184,-61,9.75,"{""device"":""esp32"",""sensor"":""PR12P210"",""status"":""ok"",""voltage"":0.673,""pressure_kpa"":4.34,""pkt"":2184}",
2026-07-12T01:02:09,esp32,PR12P210,ok,0.639,3.48,2185,-60,9.50,"{""device"":""esp32"",""sensor"":""PR12P210"",""status"":""ok"",""voltage"":0.639,""pressure_kpa"":3.48,""pkt"":2185}",
2026-07-12T01:02:10,esp32,PR12P210,ok,0.672,4.3,2186,-60,9.75,"{""device"":""esp32"",""sensor"":""PR12P210"",""status"":""ok"",""voltage"":0.672,""pressure_kpa"":4.30,""pkt"":2186}",
2026-07-12T01:02:11,esp32,PR12P210,ok,0.677,4.42,2187,-60,9.50,"{""device"":""esp32"",""sensor"":""PR12P210"",""status"":""ok"",""voltage"":0.677,""pressure_kpa"":4.42,""pkt"":2187}",
2026-07-12T01:02:12,esp32,PR12P210,ok,0.638,3.44,2188,-61,9.75,"{""device"":""esp32"",""sensor"":""PR12P210"",""status"":""ok"",""voltage"":0.638,""pressure_kpa"":3.44,""pkt"":2188}",
2026-07-12T01:02:13,esp32,PR12P210,ok,0.67,4.26,2189,-60,9.50,"{""device"":""esp32"",""sensor"":""PR12P210"",""status"":""ok"",""voltage"":0.670,""pressure_kpa"":4.26,""pkt"":2189}",
2026-07-12T01:02:14,esp32,PR12P210,ok,0.672,4.31,2190,-60,9.50,"{""device"":""esp32"",""sensor"":""PR12P210"",""status"":""ok"",""voltage"":0.672,""pressure_kpa"":4.31,""pkt"":2190}",
2026-07-12T01:02:16,esp32,PR12P210,ok,0.635,3.38,2191,-61,9.75,"{""device"":""esp32"",""sensor"":""PR12P210"",""status"":""ok"",""voltage"":0.635,""pressure_kpa"":3.38,""pkt"":2191}",
2026-07-12T01:02:17,esp32,PR12P210,ok,0.663,4.07,2192,-60,10.00,"{""device"":""esp32"",""sensor"":""PR12P210"",""status"":""ok"",""voltage"":0.663,""pressure_kpa"":4.07,""pkt"":2192}",
2026-07-12T01:02:18,esp32,PR12P210,ok,0.672,4.29,2193,-60,9.75,"{""device"":""esp32"",""sensor"":""PR12P210"",""status"":""ok"",""voltage"":0.672,""pressure_kpa"":4.29,""pkt"":2193}",
2026-07-12T01:02:19,esp32,PR12P210,ok,0.637,3.41,2194,-60,9.75,"{""device"":""esp32"",""sensor"":""PR12P210"",""status"":""ok"",""voltage"":0.637,""pressure_kpa"":3.41,""pkt"":2194}",
2026-07-12T01:02:20,esp32,PR12P210,ok,0.666,4.14,2195,-60,9.75,"{""device"":""esp32"",""sensor"":""PR12P210"",""status"":""ok"",""voltage"":0.666,""pressure_kpa"":4.14,""pkt"":2195}",
2026-07-12T01:02:22,esp32,PR12P210,ok,0.67,4.24,2196,-60,9.75,"{""device"":""esp32"",""sensor"":""PR12P210"",""status"":""ok"",""voltage"":0.670,""pressure_kpa"":4.24,""pkt"":2196}",
2026-07-12T01:02:23,esp32,PR12P210,ok,0.662,4.04,2197,-61,9.75,"{""device"":""esp32"",""sensor"":""PR12P210"",""status"":""ok"",""voltage"":0.662,""pressure_kpa"":4.04,""pkt"":2197}",
2026-07-12T01:02:25,esp32,PR12P210,ok,0.67,4.25,2199,-61,9.75,"{""device"":""esp32"",""sensor"":""PR12P210"",""status"":""ok"",""voltage"":0.670,""pressure_kpa"":4.25,""pkt"":2199}",
2026-07-12T01:02:26,esp32,PR12P210,ok,0.663,4.08,2200,-61,9.50,"{""device"":""esp32"",""sensor"":""PR12P210"",""status"":""ok"",""voltage"":0.663,""pressure_kpa"":4.08,""pkt"":2200}",
2026-07-12T01:02:28,,,,,,,-60,5.50,"{""device"":""esp32"",""senuorBº""PW12P¾10"",""status""9*ok"",""voltake"":0.6³8,""pressure_kpa""º3.4v,""pkt"":2201}",Expecting ':' delimiter: line 1 column 29 (char 28)
2026-07-12T01:02:29,esp32,PR12P210,ok,0.665,4.12,2202,-61,9.50,"{""device"":""esp32"",""sensor"":""PR12P210"",""status"":""ok"",""voltage"":0.665,""pressure_kpa"":4.12,""pkt"":2202}",
2026-07-12T01:02:30,esp32,PR12P210,ok,0.669,4.22,2203,-61,9.50,"{""device"":""esp32"",""sensor"":""PR12P210"",""status"":""ok"",""voltage"":0.669,""pressure_kpa"":4.22,""pkt"":2203}",
2026-07-12T01:02:31,esp32,PR12P210,ok,0.662,4.05,2204,-60,10.00,"{""device"":""esp32"",""sensor"":""PR12P210"",""status"":""ok"",""voltage"":0.662,""pressure_kpa"":4.05,""pkt"":2204}",
2026-07-12T01:02:32,esp32,PR12P210,ok,0.65,3.75,2205,-60,9.75,"{""device"":""esp32"",""sensor"":""PR12P210"",""status"":""ok"",""voltage"":0.650,""pressure_kpa"":3.75,""pkt"":2205}",
2026-07-12T01:02:33,esp32,PR12P210,ok,0.668,4.21,2206,-61,9.25,"{""device"":""esp32"",""sensor"":""PR12P210"",""status"":""ok"",""voltage"":0.668,""pressure_kpa"":4.21,""pkt"":2206}",
2026-07-12T01:02:35,esp32,PR12P210,ok,0.672,4.31,2207,-60,9.75,"{""device"":""esp32"",""sensor"":""PR12P210"",""status"":""ok"",""voltage"":0.672,""pressure_kpa"":4.31,""pkt"":2207}",
2026-07-12T01:02:36,esp32,PR12P210,ok,0.64,3.49,2208,-61,9.75,"{""device"":""esp32"",""sensor"":""PR12P210"",""status"":""ok"",""voltage"":0.640,""pressure_kpa"":3.49,""pkt"":2208}",
2026-07-12T01:02:37,esp32,PR12P210,ok,0.66,4.0,2209,-61,9.50,"{""device"":""esp32"",""sensor"":""PR12P210"",""status"":""ok"",""voltage"":0.660,""pressure_kpa"":4.00,""pkt"":2209}",
2026-07-12T01:02:38,esp32,PR12P210,ok,0.648,3.71,2210,-60,9.50,"{""device"":""esp32"",""sensor"":""PR12P210"",""status"":""ok"",""voltage"":0.648,""pressure_kpa"":3.71,""pkt"":2210}",
2026-07-12T01:02:39,esp32,PR12P210,ok,0.667,4.17,2211,-60,10.00,"{""device"":""esp32"",""sensor"":""PR12P210"",""status"":""ok"",""voltage"":0.667,""pressure_kpa"":4.17,""pkt"":2211}",
2026-07-12T01:02:41,esp32,PR12P210,ok,0.665,4.12,2212,-61,11.00,"{""device"":""esp32"",""sensor"":""PR12P210"",""status"":""ok"",""voltage"":0.665,""pressure_kpa"":4.12,""pkt"":2212}",
2026-07-12T01:02:42,esp32,PR12P210,ok,0.647,3.67,2213,-60,9.75,"{""device"":""esp32"",""sensor"":""PR12P210"",""status"":""ok"",""voltage"":0.647,""pressure_kpa"":3.67,""pkt"":2213}",
2026-07-12T01:02:43,esp32,PR12P210,ok,0.669,4.21,2214,-61,9.75,"{""device"":""esp32"",""sensor"":""PR12P210"",""status"":""ok"",""voltage"":0.669,""pressure_kpa"":4.21,""pkt"":2214}",
2026-07-12T01:02:44,esp32,PR12P210,ok,0.668,4.21,2215,-61,9.50,"{""device"":""esp32"",""sensor"":""PR12P210"",""status"":""ok"",""voltage"":0.668,""pressure_kpa"":4.21,""pkt"":2215}",
2026-07-12T01:02:45,esp32,PR12P210,ok,0.648,3.7,2216,-60,9.50,"{""device"":""esp32"",""sensor"":""PR12P210"",""status"":""ok"",""voltage"":0.648,""pressure_kpa"":3.70,""pkt"":2216}",
2026-07-12T01:02:47,esp32,PR12P210,ok,0.669,4.23,2217,-60,10.00,"{""device"":""esp32"",""sensor"":""PR12P210"",""status"":""ok"",""voltage"":0.669,""pressure_kpa"":4.23,""pkt"":2217}",
2026-07-12T01:02:48,esp32,PR12P210,ok,0.667,4.19,2218,-61,9.75,"{""device"":""esp32"",""sensor"":""PR12P210"",""status"":""ok"",""voltage"":0.667,""pressure_kpa"":4.19,""pkt"":2218}",
2026-07-12T01:02:49,esp32,PR12P210,ok,0.65,3.75,2219,-60,9.75,"{""device"":""esp32"",""sensor"":""PR12P210"",""status"":""ok"",""voltage"":0.650,""pressure_kpa"":3.75,""pkt"":2219}",
2026-07-12T01:02:50,esp32,PR12P210,ok,0.67,4.26,2220,-61,9.75,"{""device"":""esp32"",""sensor"":""PR12P210"",""status"":""ok"",""voltage"":0.670,""pressure_kpa"":4.26,""pkt"":2220}",
2026-07-12T01:02:51,esp32,PR12P210,ok,0.668,4.2,2221,-61,9.50,"{""device"":""esp32"",""sensor"":""PR12P210"",""status"":""ok"",""voltage"":0.668,""pressure_kpa"":4.20,""pkt"":2221}",
2026-07-12T01:02:53,esp32,PR12P210,ok,0.642,3.55,2222,-60,9.50,"{""device"":""esp32"",""sensor"":""PR12P210"",""status"":""ok"",""voltage"":0.642,""pressure_kpa"":3.55,""pkt"":2222}",
2026-07-12T01:02:54,esp32,PR12P210,ok,0.665,4.13,2223,-60,12.50,"{""device"":""esp32"",""sensor"":""PR12P210"",""status"":""ok"",""voltage"":0.665,""pressure_kpa"":4.13,""pkt"":2223}",
2026-07-12T01:02:55,esp32,PR12P210,ok,0.669,4.24,2224,-61,10.00,"{""device"":""esp32"",""sensor"":""PR12P210"",""status"":""ok"",""voltage"":0.669,""pressure_kpa"":4.24,""pkt"":2224}",
2026-07-12T01:02:56,esp32,PR12P210,ok,0.662,4.05,2225,-60,9.75,"{""device"":""esp32"",""sensor"":""PR12P210"",""status"":""ok"",""voltage"":0.662,""pressure_kpa"":4.05,""pkt"":2225}",
2026-07-12T01:02:57,esp32,PR12P210,ok,0.654,3.84,2226,-61,9.50,"{""device"":""esp32"",""sensor"":""PR12P210"",""status"":""ok"",""voltage"":0.654,""pressure_kpa"":3.84,""pkt"":2226}",
2026-07-12T01:02:59,esp32,PR12P210,ok,0.665,4.13,2227,-60,9.50,"{""device"":""esp32"",""sensor"":""PR12P210"",""status"":""ok"",""voltage"":0.665,""pressure_kpa"":4.13,""pkt"":2227}",
2026-07-12T01:03:00,esp32,PR12P210,ok,0.675,4.37,2228,-60,9.75,"{""device"":""esp32"",""sensor"":""PR12P210"",""status"":""ok"",""voltage"":0.675,""pressure_kpa"":4.37,""pkt"":2228}",
2026-07-12T01:03:01,esp32,PR12P210,ok,0.638,3.44,2229,-61,9.50,"{""device"":""esp32"",""sensor"":""PR12P210"",""status"":""ok"",""voltage"":0.638,""pressure_kpa"":3.44,""pkt"":2229}",
2026-07-12T01:03:02,esp32,PR12P210,ok,0.656,3.91,2230,-61,9.50,"{""device"":""esp32"",""sensor"":""PR12P210"",""status"":""ok"",""voltage"":0.656,""pressure_kpa"":3.91,""pkt"":2230}",
2026-07-12T01:03:03,esp32,PR12P210,ok,0.67,4.24,2231,-60,9.75,"{""device"":""esp32"",""sensor"":""PR12P210"",""status"":""ok"",""voltage"":0.670,""pressure_kpa"":4.24,""pkt"":2231}",
2026-07-12T01:03:04,esp32,PR12P210,ok,0.67,4.24,2232,-61,9.75,"{""device"":""esp32"",""sensor"":""PR12P210"",""status"":""ok"",""voltage"":0.670,""pressure_kpa"":4.24,""pkt"":2232}",
2026-07-12T01:03:06,,,,,,,-61,9.50,"{{""dvc""""s3""""esr:P1P1""""tts:o""""olae:.4,pesr_p""36,pt:23au""""k,vlae:.7,pesreka:.4""k""23}""eie:ep2,sno""""R22",Expecting property name enclosed in double quotes: line 1 column 2 (char 1)
2026-07-12T01:03:07,esp32,PR12P210,ok,0.667,4.17,2234,-60,10.50,"{""device"":""esp32"",""sensor"":""PR12P210"",""status"":""ok"",""voltage"":0.667,""pressure_kpa"":4.17,""pkt"":2234}",
2026-07-12T01:03:08,esp32,PR12P210,ok,0.671,4.28,2235,-60,10.00,"{""device"":""esp32"",""sensor"":""PR12P210"",""status"":""ok"",""voltage"":0.671,""pressure_kpa"":4.28,""pkt"":2235}",
2026-07-12T01:03:09,esp32,PR12P210,ok,0.668,4.2,2236,-61,9.75,"{""device"":""esp32"",""sensor"":""PR12P210"",""status"":""ok"",""voltage"":0.668,""pressure_kpa"":4.20,""pkt"":2236}",
2026-07-12T01:03:10,esp32,PR12P210,ok,0.636,3.39,2237,-60,9.50,"{""device"":""esp32"",""sensor"":""PR12P210"",""status"":""ok"",""voltage"":0.636,""pressure_kpa"":3.39,""pkt"":2237}",
2026-07-12T01:03:12,esp32,PR12P210,ok,0.652,3.81,2238,-60,9.25,"{""device"":""esp32"",""sensor"":""PR12P210"",""status"":""ok"",""voltage"":0.652,""pressure_kpa"":3.81,""pkt"":2238}",
2026-07-12T01:03:13,esp32,PR12P210,ok,0.662,4.05,2239,-60,9.75,"{""device"":""esp32"",""sensor"":""PR12P210"",""status"":""ok"",""voltage"":0.662,""pressure_kpa"":4.05,""pkt"":2239}",
2026-07-12T01:03:14,esp32,PR12P210,ok,0.667,4.16,2240,-60,9.50,"{""device"":""esp32"",""sensor"":""PR12P210"",""status"":""ok"",""voltage"":0.667,""pressure_kpa"":4.16,""pkt"":2240}",
2026-07-12T01:03:15,esp32,PR12P210,ok,0.675,4.37,2241,-60,9.50,"{""device"":""esp32"",""sensor"":""PR12P210"",""status"":""ok"",""voltage"":0.675,""pressure_kpa"":4.37,""pkt"":2241}",
2026-07-12T01:03:16,esp32,PR12P210,ok,0.656,3.9,2242,-60,9.25,"{""device"":""esp32"",""sensor"":""PR12P210"",""status"":""ok"",""voltage"":0.656,""pressure_kpa"":3.90,""pkt"":2242}",
2026-07-12T01:03:18,esp32,PR12P210,ok,0.641,3.53,2243,-59,9.75,"{""device"":""esp32"",""sensor"":""PR12P210"",""status"":""ok"",""voltage"":0.641,""pressure_kpa"":3.53,""pkt"":2243}",
2026-07-12T01:03:19,esp32,PR12P210,ok,0.669,4.23,2244,-60,9.50,"{""device"":""esp32"",""sensor"":""PR12P210"",""status"":""ok"",""voltage"":0.669,""pressure_kpa"":4.23,""pkt"":2244}",
2026-07-12T01:03:20,esp32,PR12P210,ok,0.666,4.16,2245,-60,10.50,"{""device"":""esp32"",""sensor"":""PR12P210"",""status"":""ok"",""voltage"":0.666,""pressure_kpa"":4.16,""pkt"":2245}",
2026-07-12T01:03:21,esp32,PR12P210,ok,0.665,4.13,2246,-61,9.75,"{""device"":""esp32"",""sensor"":""PR12P210"",""status"":""ok"",""voltage"":0.665,""pressure_kpa"":4.13,""pkt"":2246}",
2026-07-12T01:03:22,esp32,PR12P210,ok,0.653,3.83,2247,-61,9.50,"{""device"":""esp32"",""sensor"":""PR12P210"",""status"":""ok"",""voltage"":0.653,""pressure_kpa"":3.83,""pkt"":2247}",
2026-07-12T01:03:24,esp32,PR12P210,ok,1.241,18.51,2248,-61,9.50,"{""device"":""esp32"",""sensor"":""PR12P210"",""status"":""ok"",""voltage"":1.241,""pressure_kpa"":18.51,""pkt"":2248}",
2026-07-12T01:03:25,esp32,PR12P210,ok,1.266,19.15,2249,-62,10.25,"{""device"":""esp32"",""sensor"":""PR12P210"",""status"":""ok"",""voltage"":1.266,""pressure_kpa"":19.15,""pkt"":2249}",
2026-07-12T01:03:26,esp32,PR12P210,ok,1.321,20.51,2250,-62,9.75,"{""device"":""esp32"",""sensor"":""PR12P210"",""status"":""ok"",""voltage"":1.321,""pressure_kpa"":20.51,""pkt"":2250}",
2026-07-12T01:03:27,esp32,PR12P210,ok,1.261,19.02,2251,-62,9.75,"{""device"":""esp32"",""sensor"":""PR12P210"",""status"":""ok"",""voltage"":1.261,""pressure_kpa"":19.02,""pkt"":2251}",
2026-07-12T01:03:28,esp32,PR12P210,ok,1.33,20.76,2252,-63,9.75,"{""device"":""esp32"",""sensor"":""PR12P210"",""status"":""ok"",""voltage"":1.330,""pressure_kpa"":20.76,""pkt"":2252}",
2026-07-12T01:03:30,esp32,PR12P210,ok,1.355,21.36,2253,-62,10.25,"{""device"":""esp32"",""sensor"":""PR12P210"",""status"":""ok"",""voltage"":1.355,""pressure_kpa"":21.36,""pkt"":2253}",
2026-07-12T01:03:31,esp32,PR12P210,ok,1.27,19.25,2254,-63,9.75,"{""device"":""esp32"",""sensor"":""PR12P210"",""status"":""ok"",""voltage"":1.270,""pressure_kpa"":19.25,""pkt"":2254}",
2026-07-12T01:03:32,esp32,PR12P210,ok,0.694,4.86,2255,-62,10.00,"{""device"":""esp32"",""sensor"":""PR12P210"",""status"":""ok"",""voltage"":0.694,""pressure_kpa"":4.86,""pkt"":2255}",
2026-07-12T01:03:33,esp32,PR12P210,ok,0.68,4.5,2256,-62,10.75,"{""device"":""esp32"",""sensor"":""PR12P210"",""status"":""ok"",""voltage"":0.680,""pressure_kpa"":4.50,""pkt"":2256}",
2026-07-12T01:03:34,esp32,PR12P210,ok,0.653,3.81,2257,-61,10.00,"{""device"":""esp32"",""sensor"":""PR12P210"",""status"":""ok"",""voltage"":0.653,""pressure_kpa"":3.81,""pkt"":2257}",
2026-07-12T01:03:35,esp32,PR12P210,ok,0.661,4.02,2258,-63,10.00,"{""device"":""esp32"",""sensor"":""PR12P210"",""status"":""ok"",""voltage"":0.661,""pressure_kpa"":4.02,""pkt"":2258}",
2026-07-12T01:03:37,esp32,PR12P210,ok,0.643,3.58,2259,-62,9.75,"{""device"":""esp32"",""sensor"":""PR12P210"",""status"":""ok"",""voltage"":0.643,""pressure_kpa"":3.58,""pkt"":2259}",
2026-07-12T01:03:38,esp32,PR12P210,ok,0.657,3.93,2260,-62,9.75,"{""device"":""esp32"",""sensor"":""PR12P210"",""status"":""ok"",""voltage"":0.657,""pressure_kpa"":3.93,""pkt"":2260}",
2026-07-12T01:03:39,esp32,PR12P210,ok,0.665,4.11,2261,-62,9.75,"{""device"":""esp32"",""sensor"":""PR12P210"",""status"":""ok"",""voltage"":0.665,""pressure_kpa"":4.11,""pkt"":2261}",
2026-07-12T01:03:40,esp32,PR12P210,ok,0.815,7.88,2262,-63,9.75,"{""device"":""esp32"",""sensor"":""PR12P210"",""status"":""ok"",""voltage"":0.815,""pressure_kpa"":7.88,""pkt"":2262}",
2026-07-12T01:03:41,esp32,PR12P210,ok,1.297,19.93,2263,-62,9.50,"{""device"":""esp32"",""sensor"":""PR12P210"",""status"":""ok"",""voltage"":1.297,""pressure_kpa"":19.93,""pkt"":2263}",
2026-07-12T01:03:43,esp32,PR12P210,ok,1.275,19.38,2264,-61,9.25,"{""device"":""esp32"",""sensor"":""PR12P210"",""status"":""ok"",""voltage"":1.275,""pressure_kpa"":19.38,""pkt"":2264}",
2026-07-12T01:03:44,esp32,PR12P210,ok,1.301,20.03,2265,-61,9.75,"{""device"":""esp32"",""sensor"":""PR12P210"",""status"":""ok"",""voltage"":1.301,""pressure_kpa"":20.03,""pkt"":2265}",
2026-07-12T01:03:45,esp32,PR12P210,ok,1.289,19.72,2266,-62,10.00,"{""device"":""esp32"",""sensor"":""PR12P210"",""status"":""ok"",""voltage"":1.289,""pressure_kpa"":19.72,""pkt"":2266}",
2026-07-12T01:03:46,esp32,PR12P210,ok,1.251,18.78,2267,-61,9.75,"{""device"":""esp32"",""sensor"":""PR12P210"",""status"":""ok"",""voltage"":1.251,""pressure_kpa"":18.78,""pkt"":2267}",
2026-07-12T01:03:47,esp32,PR12P210,ok,1.301,20.04,2268,-61,9.50,"{""device"":""esp32"",""sensor"":""PR12P210"",""status"":""ok"",""voltage"":1.301,""pressure_kpa"":20.04,""pkt"":2268}",
2026-07-12T01:03:49,esp32,PR12P210,ok,1.279,19.48,2269,-62,10.00,"{""device"":""esp32"",""sensor"":""PR12P210"",""status"":""ok"",""voltage"":1.279,""pressure_kpa"":19.48,""pkt"":2269}",
2026-07-12T01:03:50,esp32,PR12P210,ok,0.792,7.3,2270,-62,9.50,"{""device"":""esp32"",""sensor"":""PR12P210"",""status"":""ok"",""voltage"":0.792,""pressure_kpa"":7.30,""pkt"":2270}",
2026-07-12T01:03:51,esp32,PR12P210,ok,0.813,7.83,2271,-62,9.75,"{""device"":""esp32"",""sensor"":""PR12P210"",""status"":""ok"",""voltage"":0.813,""pressure_kpa"":7.83,""pkt"":2271}",
2026-07-12T01:03:52,esp32,PR12P210,ok,0.799,7.48,2272,-63,9.50,"{""device"":""esp32"",""sensor"":""PR12P210"",""status"":""ok"",""voltage"":0.799,""pressure_kpa"":7.48,""pkt"":2272}",
2026-07-12T01:03:53,esp32,PR12P210,ok,0.813,7.83,2273,-63,9.75,"{""device"":""esp32"",""sensor"":""PR12P210"",""status"":""ok"",""voltage"":0.813,""pressure_kpa"":7.83,""pkt"":2273}",
2026-07-12T01:03:55,esp32,PR12P210,ok,0.804,7.6,2274,-62,9.50,"{""device"":""esp32"",""sensor"":""PR12P210"",""status"":""ok"",""voltage"":0.804,""pressure_kpa"":7.60,""pkt"":2274}",
2026-07-12T01:03:56,esp32,PR12P210,ok,0.77,6.76,2275,-63,9.75,"{""device"":""esp32"",""sensor"":""PR12P210"",""status"":""ok"",""voltage"":0.770,""pressure_kpa"":6.76,""pkt"":2275}",
2026-07-12T01:03:57,esp32,PR12P210,ok,0.815,7.87,2276,-63,9.50,"{""device"":""esp32"",""sensor"":""PR12P210"",""status"":""ok"",""voltage"":0.815,""pressure_kpa"":7.87,""pkt"":2276}",
2026-07-12T01:03:58,esp32,PR12P210,ok,0.79,7.26,2277,-62,9.50,"{""device"":""esp32"",""sensor"":""PR12P210"",""status"":""ok"",""voltage"":0.790,""pressure_kpa"":7.26,""pkt"":2277}",
2026-07-12T01:03:59,esp32,PR12P210,ok,0.798,7.45,2278,-63,9.75,"{""device"":""esp32"",""sensor"":""PR12P210"",""status"":""ok"",""voltage"":0.798,""pressure_kpa"":7.45,""pkt"":2278}",
2026-07-12T01:04:00,esp32,PR12P210,ok,0.792,7.29,2279,-62,9.75,"{""device"":""esp32"",""sensor"":""PR12P210"",""status"":""ok"",""voltage"":0.792,""pressure_kpa"":7.29,""pkt"":2279}",
2026-07-12T01:04:02,esp32,PR12P210,ok,0.789,7.22,2280,-63,9.75,"{""device"":""esp32"",""sensor"":""PR12P210"",""status"":""ok"",""voltage"":0.789,""pressure_kpa"":7.22,""pkt"":2280}",
2026-07-12T01:04:03,esp32,PR12P210,ok,0.796,7.39,2281,-63,9.75,"{""device"":""esp32"",""sensor"":""PR12P210"",""status"":""ok"",""voltage"":0.796,""pressure_kpa"":7.39,""pkt"":2281}",
2026-07-12T01:04:04,esp32,PR12P210,ok,0.764,6.6,2282,-63,9.75,"{""device"":""esp32"",""sensor"":""PR12P210"",""status"":""ok"",""voltage"":0.764,""pressure_kpa"":6.60,""pkt"":2282}",
2026-07-12T01:04:05,esp32,PR12P210,ok,0.798,7.45,2283,-63,9.50,"{""device"":""esp32"",""sensor"":""PR12P210"",""status"":""ok"",""voltage"":0.798,""pressure_kpa"":7.45,""pkt"":2283}",
2026-07-12T01:04:06,esp32,PR12P210,ok,0.779,6.98,2284,-63,9.75,"{""device"":""esp32"",""sensor"":""PR12P210"",""status"":""ok"",""voltage"":0.779,""pressure_kpa"":6.98,""pkt"":2284}",
2026-07-12T01:04:08,esp32,PR12P210,ok,0.794,7.34,2285,-63,9.75,"{""device"":""esp32"",""sensor"":""PR12P210"",""status"":""ok"",""voltage"":0.794,""pressure_kpa"":7.34,""pkt"":2285}",
2026-07-12T01:04:09,esp32,PR12P210,ok,0.784,7.1,2286,-63,9.75,"{""device"":""esp32"",""sensor"":""PR12P210"",""status"":""ok"",""voltage"":0.784,""pressure_kpa"":7.10,""pkt"":2286}",
2026-07-12T01:04:10,esp32,PR12P210,ok,0.796,7.39,2287,-62,9.75,"{""device"":""esp32"",""sensor"":""PR12P210"",""status"":""ok"",""voltage"":0.796,""pressure_kpa"":7.39,""pkt"":2287}",
2026-07-12T01:04:11,esp32,PR12P210,ok,0.79,7.26,2288,-62,9.75,"{""device"":""esp32"",""sensor"":""PR12P210"",""status"":""ok"",""voltage"":0.790,""pressure_kpa"":7.26,""pkt"":2288}",
2026-07-12T01:04:12,esp32,PR12P210,ok,0.785,7.13,2289,-63,10.00,"{""device"":""esp32"",""sensor"":""PR12P210"",""status"":""ok"",""voltage"":0.785,""pressure_kpa"":7.13,""pkt"":2289}",
2026-07-12T01:04:14,,,,,,,-62,5.00,"{""device"":""esp32"",""sensor"":""PR12P¾10"",""status"":""ok""¬""voltake"":0'795,""pressvre_kta""<7.õ8,!°kt"":2290}","Expecting ',' delimiter: line 1 column 52 (char 51)"
2026-07-12T01:04:15,esp32,PR12P210,ok,0.791,7.27,2291,-61,10.25,"{""device"":""esp32"",""sensor"":""PR12P210"",""status"":""ok"",""voltage"":0.791,""pressure_kpa"":7.27,""pkt"":2291}",
2026-07-12T01:04:16,esp32,PR12P210,ok,0.783,7.07,2292,-62,9.75,"{""device"":""esp32"",""sensor"":""PR12P210"",""status"":""ok"",""voltage"":0.783,""pressure_kpa"":7.07,""pkt"":2292}",
2026-07-12T01:04:17,esp32,PR12P210,ok,0.798,7.44,2293,-62,10.00,"{""device"":""esp32"",""sensor"":""PR12P210"",""status"":""ok"",""voltage"":0.798,""pressure_kpa"":7.44,""pkt"":2293}",
2026-07-12T01:04:18,esp32,PR12P210,ok,0.775,6.87,2294,-62,9.50,"{""device"":""esp32"",""sensor"":""PR12P210"",""status"":""ok"",""voltage"":0.775,""pressure_kpa"":6.87,""pkt"":2294}",
2026-07-12T01:04:20,esp32,PR12P210,ok,0.794,7.36,2295,-62,10.00,"{""device"":""esp32"",""sensor"":""PR12P210"",""status"":""ok"",""voltage"":0.794,""pressure_kpa"":7.36,""pkt"":2295}",
2026-07-12T01:04:21,esp32,PR12P210,ok,0.772,6.8,2296,-62,9.50,"{""device"":""esp32"",""sensor"":""PR12P210"",""status"":""ok"",""voltage"":0.772,""pressure_kpa"":6.80,""pkt"":2296}",
2026-07-12T01:04:22,esp32,PR12P210,ok,0.795,7.36,2297,-62,9.75,"{""device"":""esp32"",""sensor"":""PR12P210"",""status"":""ok"",""voltage"":0.795,""pressure_kpa"":7.36,""pkt"":2297}",
2026-07-12T01:04:23,esp32,PR12P210,ok,0.758,6.45,2298,-62,9.75,"{""device"":""esp32"",""sensor"":""PR12P210"",""status"":""ok"",""voltage"":0.758,""pressure_kpa"":6.45,""pkt"":2298}",
2026-07-12T01:04:24,esp32,PR12P210,ok,0.795,7.39,2299,-62,10.00,"{""device"":""esp32"",""sensor"":""PR12P210"",""status"":""ok"",""voltage"":0.795,""pressure_kpa"":7.39,""pkt"":2299}",
2026-07-12T01:04:26,esp32,PR12P210,ok,0.761,6.54,2300,-62,10.00,"{""device"":""esp32"",""sensor"":""PR12P210"",""status"":""ok"",""voltage"":0.761,""pressure_kpa"":6.54,""pkt"":2300}",
2026-07-12T01:04:27,esp32,PR12P210,ok,0.79,7.26,2301,-61,10.00,"{""device"":""esp32"",""sensor"":""PR12P210"",""status"":""ok"",""voltage"":0.790,""pressure_kpa"":7.26,""pkt"":2301}",
2026-07-12T16:11:33,esp32,PR12P210,ok,0.925,10.64,594,-62,9.00,"{""device"":""esp32"",""sensor"":""PR12P210"",""status"":""ok"",""voltage"":0.925,""pressure_kpa"":10.64,""pkt"":594}",
2026-07-12T16:11:34,esp32,PR12P210,ok,0.926,10.64,595,-63,9.25,"{""device"":""esp32"",""sensor"":""PR12P210"",""status"":""ok"",""voltage"":0.926,""pressure_kpa"":10.64,""pkt"":595}",
2026-07-12T16:11:35,esp32,PR12P210,ok,0.925,10.62,596,-62,8.50,"{""device"":""esp32"",""sensor"":""PR12P210"",""status"":""ok"",""voltage"":0.925,""pressure_kpa"":10.62,""pkt"":596}",
2026-07-12T16:11:36,esp32,PR12P210,ok,0.905,10.12,597,-62,8.50,"{""device"":""esp32"",""sensor"":""PR12P210"",""status"":""ok"",""voltage"":0.905,""pressure_kpa"":10.12,""pkt"":597}",
2026-07-12T16:11:37,esp32,PR12P210,ok,0.914,10.34,598,-62,9.25,"{""device"":""esp32"",""sensor"":""PR12P210"",""status"":""ok"",""voltage"":0.914,""pressure_kpa"":10.34,""pkt"":598}",
2026-07-12T16:11:39,esp32,PR12P210,ok,0.925,10.63,599,-62,8.50,"{""device"":""esp32"",""sensor"":""PR12P210"",""status"":""ok"",""voltage"":0.925,""pressure_kpa"":10.63,""pkt"":599}",
2026-07-12T16:11:40,esp32,PR12P210,ok,0.921,10.52,600,-62,9.00,"{""device"":""esp32"",""sensor"":""PR12P210"",""status"":""ok"",""voltage"":0.921,""pressure_kpa"":10.52,""pkt"":600}",
2026-07-12T16:11:41,esp32,PR12P210,ok,0.922,10.54,601,-62,9.00,"{""device"":""esp32"",""sensor"":""PR12P210"",""status"":""ok"",""voltage"":0.922,""pressure_kpa"":10.54,""pkt"":601}",
2026-07-12T16:11:42,esp32,PR12P210,ok,0.927,10.66,602,-62,9.00,"{""device"":""esp32"",""sensor"":""PR12P210"",""status"":""ok"",""voltage"":0.927,""pressure_kpa"":10.66,""pkt"":602}",
2026-07-12T16:11:43,esp32,PR12P210,ok,0.925,10.63,603,-62,9.00,"{""device"":""esp32"",""sensor"":""PR12P210"",""status"":""ok"",""voltage"":0.925,""pressure_kpa"":10.63,""pkt"":603}",
2026-07-12T16:11:45,esp32,PR12P210,ok,0.912,10.3,604,-63,9.50,"{""device"":""esp32"",""sensor"":""PR12P210"",""status"":""ok"",""voltage"":0.912,""pressure_kpa"":10.30,""pkt"":604}",
2026-07-12T16:11:46,esp32,PR12P210,ok,0.921,10.52,605,-62,8.75,"{""device"":""esp32"",""sensor"":""PR12P210"",""status"":""ok"",""voltage"":0.921,""pressure_kpa"":10.52,""pkt"":605}",
2026-07-12T16:11:47,esp32,PR12P210,ok,0.927,10.68,606,-63,9.00,"{""device"":""esp32"",""sensor"":""PR12P210"",""status"":""ok"",""voltage"":0.927,""pressure_kpa"":10.68,""pkt"":606}",
2026-07-12T16:11:48,esp32,PR12P210,ok,0.925,10.64,607,-62,8.25,"{""device"":""esp32"",""sensor"":""PR12P210"",""status"":""ok"",""voltage"":0.925,""pressure_kpa"":10.64,""pkt"":607}",
2026-07-12T16:11:49,esp32,PR12P210,ok,0.926,10.65,608,-63,8.75,"{""device"":""esp32"",""sensor"":""PR12P210"",""status"":""ok"",""voltage"":0.926,""pressure_kpa"":10.65,""pkt"":608}",
2026-07-12T16:11:51,esp32,PR12P210,ok,0.914,10.36,609,-63,7.50,"{""device"":""esp32"",""sensor"":""PR12P210"",""status"":""ok"",""voltage"":0.914,""pressure_kpa"":10.36,""pkt"":609}",
2026-07-12T16:11:52,esp32,PR12P210,ok,0.912,10.3,610,-62,8.75,"{""device"":""esp32"",""sensor"":""PR12P210"",""status"":""ok"",""voltage"":0.912,""pressure_kpa"":10.30,""pkt"":610}",
2026-07-12T16:11:53,esp32,PR12P210,ok,0.919,10.46,611,-62,8.00,"{""device"":""esp32"",""sensor"":""PR12P210"",""status"":""ok"",""voltage"":0.919,""pressure_kpa"":10.46,""pkt"":611}",
2026-07-12T16:11:54,esp32,PR12P210,ok,0.923,10.58,612,-62,8.75,"{""device"":""esp32"",""sensor"":""PR12P210"",""status"":""ok"",""voltage"":0.923,""pressure_kpa"":10.58,""pkt"":612}",
2026-07-12T16:11:55,esp32,PR12P210,ok,0.928,10.69,613,-61,7.75,"{""device"":""esp32"",""sensor"":""PR12P210"",""status"":""ok"",""voltage"":0.928,""pressure_kpa"":10.69,""pkt"":613}",
2026-07-12T16:11:57,esp32,PR12P210,ok,0.914,10.36,614,-62,9.00,"{""device"":""esp32"",""sensor"":""PR12P210"",""status"":""ok"",""voltage"":0.914,""pressure_kpa"":10.36,""pkt"":614}",
2026-07-12T16:11:58,esp32,PR12P210,ok,0.914,10.34,615,-62,8.50,"{""device"":""esp32"",""sensor"":""PR12P210"",""status"":""ok"",""voltage"":0.914,""pressure_kpa"":10.34,""pkt"":615}",
2026-07-12T16:11:59,esp32,PR12P210,ok,0.921,10.52,616,-61,8.25,"{""device"":""esp32"",""sensor"":""PR12P210"",""status"":""ok"",""voltage"":0.921,""pressure_kpa"":10.52,""pkt"":616}",
2026-07-12T16:12:00,esp32,PR12P210,ok,0.928,10.69,617,-62,8.25,"{""device"":""esp32"",""sensor"":""PR12P210"",""status"":""ok"",""voltage"":0.928,""pressure_kpa"":10.69,""pkt"":617}",
2026-07-12T16:12:01,,,,,,,-62,7.50,"{""mevice""ª""e³p32&v""enugr""ºrP÷1P¾1`""$ sraDs{""Y*on$,""|ãlqgoeA61+ù19/""`s¥ssvTÅ_kt`"":10(47,p[t"":V10}",Expecting ':' delimiter: line 1 column 10 (char 9)
2026-07-12T16:12:03,esp32,PR12P210,ok,0.919,10.49,619,-63,7.75,"{""device"":""esp32"",""sensor"":""PR12P210"",""status"":""ok"",""voltage"":0.919,""pressure_kpa"":10.49,""pkt"":619}",
2026-07-12T16:12:04,esp32,PR12P210,ok,0.92,10.5,620,-61,8.25,"{""device"":""esp32"",""sensor"":""PR12P210"",""status"":""ok"",""voltage"":0.920,""pressure_kpa"":10.50,""pkt"":620}",
2026-07-12T16:12:05,esp32,PR12P210,ok,0.929,10.71,621,-63,8.25,"{""device"":""esp32"",""sensor"":""PR12P210"",""status"":""ok"",""voltage"":0.929,""pressure_kpa"":10.71,""pkt"":621}",
2026-07-12T16:12:06,esp32,PR12P210,ok,0.911,10.27,622,-62,9.00,"{""device"":""esp32"",""sensor"":""PR12P210"",""status"":""ok"",""voltage"":0.911,""pressure_kpa"":10.27,""pkt"":622}",
2026-07-12T16:12:07,esp32,PR12P210,ok,0.921,10.52,623,-63,8.75,"{""device"":""esp32"",""sensor"":""PR12P210"",""status"":""ok"",""voltage"":0.921,""pressure_kpa"":10.52,""pkt"":623}",
2026-07-12T16:12:08,esp32,PR12P210,ok,0.931,10.78,624,-62,8.75,"{""device"":""esp32"",""sensor"":""PR12P210"",""status"":""ok"",""voltage"":0.931,""pressure_kpa"":10.78,""pkt"":624}",
2026-07-12T16:12:10,esp32,PR12P210,ok,0.909,10.22,625,-62,8.75,"{""device"":""esp32"",""sensor"":""PR12P210"",""status"":""ok"",""voltage"":0.909,""pressure_kpa"":10.22,""pkt"":625}",
2026-07-12T16:12:11,esp32,PR12P210,ok,0.926,10.64,626,-62,8.75,"{""device"":""esp32"",""sensor"":""PR12P210"",""status"":""ok"",""voltage"":0.926,""pressure_kpa"":10.64,""pkt"":626}",
2026-07-12T16:12:12,esp32,PR12P210,ok,0.936,10.89,627,-61,9.00,"{""device"":""esp32"",""sensor"":""PR12P210"",""status"":""ok"",""voltage"":0.936,""pressure_kpa"":10.89,""pkt"":627}",
2026-07-12T16:12:13,esp32,PR12P210,ok,0.908,10.19,628,-62,7.25,"{""device"":""esp32"",""sensor"":""PR12P210"",""status"":""ok"",""voltage"":0.908,""pressure_kpa"":10.19,""pkt"":628}",
2026-07-12T16:12:14,esp32,PR12P210,ok,0.928,10.71,629,-62,8.50,"{""device"":""esp32"",""sensor"":""PR12P210"",""status"":""ok"",""voltage"":0.928,""pressure_kpa"":10.71,""pkt"":629}",
2026-07-12T16:12:16,esp32,PR12P210,ok,0.932,10.8,630,-62,8.75,"{""device"":""esp32"",""sensor"":""PR12P210"",""status"":""ok"",""voltage"":0.932,""pressure_kpa"":10.80,""pkt"":630}",
2026-07-12T16:12:17,esp32,PR12P210,ok,0.919,10.47,631,-61,8.75,"{""device"":""esp32"",""sensor"":""PR12P210"",""status"":""ok"",""voltage"":0.919,""pressure_kpa"":10.47,""pkt"":631}",
2026-07-12T16:12:18,esp32,PR12P210,ok,0.924,10.61,632,-62,8.00,"{""device"":""esp32"",""sensor"":""PR12P210"",""status"":""ok"",""voltage"":0.924,""pressure_kpa"":10.61,""pkt"":632}",
2026-07-12T16:12:19,esp32,PR12P210,ok,0.933,10.82,633,-62,7.75,"{""device"":""esp32"",""sensor"":""PR12P210"",""status"":""ok"",""voltage"":0.933,""pressure_kpa"":10.82,""pkt"":633}",
2026-07-12T16:12:20,esp32,PR12P210,ok,0.929,10.74,634,-62,9.00,"{""device"":""esp32"",""sensor"":""PR12P210"",""status"":""ok"",""voltage"":0.929,""pressure_kpa"":10.74,""pkt"":634}",
2026-07-12T16:12:22,esp32,PR12P210,ok,0.925,10.64,635,-62,8.00,"{""device"":""esp32"",""sensor"":""PR12P210"",""status"":""ok"",""voltage"":0.925,""pressure_kpa"":10.64,""pkt"":635}",
2026-07-12T16:12:23,esp32,PR12P210,ok,0.932,10.79,636,-62,8.50,"{""device"":""esp32"",""sensor"":""PR12P210"",""status"":""ok"",""voltage"":0.932,""pressure_kpa"":10.79,""pkt"":636}",
2026-07-12T16:12:24,esp32,PR12P210,ok,0.931,10.79,637,-62,9.50,"{""device"":""esp32"",""sensor"":""PR12P210"",""status"":""ok"",""voltage"":0.931,""pressure_kpa"":10.79,""pkt"":637}",
2026-07-12T16:12:25,esp32,PR12P210,ok,0.923,10.57,638,-63,9.00,"{""device"":""esp32"",""sensor"":""PR12P210"",""status"":""ok"",""voltage"":0.923,""pressure_kpa"":10.57,""pkt"":638}",
2026-07-12T16:12:26,esp32,PR12P210,ok,0.928,10.7,639,-62,9.25,"{""device"":""esp32"",""sensor"":""PR12P210"",""status"":""ok"",""voltage"":0.928,""pressure_kpa"":10.70,""pkt"":639}",
2026-07-12T16:12:28,esp32,PR12P210,ok,0.926,10.65,640,-63,9.00,"{""device"":""esp32"",""sensor"":""PR12P210"",""status"":""ok"",""voltage"":0.926,""pressure_kpa"":10.65,""pkt"":640}",
2026-07-12T16:12:29,esp32,PR12P210,ok,0.929,10.73,641,-62,8.25,"{""device"":""esp32"",""sensor"":""PR12P210"",""status"":""ok"",""voltage"":0.929,""pressure_kpa"":10.73,""pkt"":641}",
2026-07-12T16:12:30,esp32,PR12P210,ok,0.929,10.73,642,-63,8.25,"{""device"":""esp32"",""sensor"":""PR12P210"",""status"":""ok"",""voltage"":0.929,""pressure_kpa"":10.73,""pkt"":642}",
2026-07-12T16:12:31,esp32,PR12P210,ok,0.907,10.17,643,-62,7.00,"{""device"":""esp32"",""sensor"":""PR12P210"",""status"":""ok"",""voltage"":0.907,""pressure_kpa"":10.17,""pkt"":643}",
2026-07-12T16:12:32,esp32,PR12P210,ok,0.925,10.63,644,-61,8.75,"{""device"":""esp32"",""sensor"":""PR12P210"",""status"":""ok"",""voltage"":0.925,""pressure_kpa"":10.63,""pkt"":644}",
2026-07-12T16:12:34,esp32,PR12P210,ok,0.93,10.75,645,-63,7.75,"{""device"":""esp32"",""sensor"":""PR12P210"",""status"":""ok"",""voltage"":0.930,""pressure_kpa"":10.75,""pkt"":645}",
2026-07-12T16:12:35,esp32,PR12P210,ok,0.916,10.39,646,-62,8.00,"{""device"":""esp32"",""sensor"":""PR12P210"",""status"":""ok"",""voltage"":0.916,""pressure_kpa"":10.39,""pkt"":646}",
2026-07-12T16:12:36,esp32,PR12P210,ok,0.926,10.65,647,-62,8.00,"{""device"":""esp32"",""sensor"":""PR12P210"",""status"":""ok"",""voltage"":0.926,""pressure_kpa"":10.65,""pkt"":647}",
2026-07-12T16:12:37,,,,,,,-63,7.75,"{""device"":""esp32"",""sensor!:""PR12P210"",""status"":""ok"",""voltage"":0.920,""pressure_kpa"":10.50,""pkt"":648}",Expecting ':' delimiter: line 1 column 29 (char 28)
2026-07-12T16:12:38,esp32,PR12P210,ok,0.925,10.63,649,-63,8.25,"{""device"":""esp32"",""sensor"":""PR12P210"",""status"":""ok"",""voltage"":0.925,""pressure_kpa"":10.63,""pkt"":649}",
2026-07-12T16:12:39,esp32,PR12P210,ok,0.935,10.87,650,-62,9.00,"{""device"":""esp32"",""sensor"":""PR12P210"",""status"":""ok"",""voltage"":0.935,""pressure_kpa"":10.87,""pkt"":650}",
2026-07-12T16:12:41,esp32,PR12P210,ok,0.909,10.21,651,-63,9.25,"{""device"":""esp32"",""sensor"":""PR12P210"",""status"":""ok"",""voltage"":0.909,""pressure_kpa"":10.21,""pkt"":651}",
2026-07-12T16:12:42,esp32,PR12P210,ok,0.922,10.55,652,-62,9.00,"{""device"":""esp32"",""sensor"":""PR12P210"",""status"":""ok"",""voltage"":0.922,""pressure_kpa"":10.55,""pkt"":652}",
2026-07-12T16:12:43,esp32,PR12P210,ok,0.925,10.63,653,-63,9.00,"{""device"":""esp32"",""sensor"":""PR12P210"",""status"":""ok"",""voltage"":0.925,""pressure_kpa"":10.63,""pkt"":653}",
2026-07-12T16:12:44,esp32,PR12P210,ok,0.923,10.58,654,-62,8.75,"{""device"":""esp32"",""sensor"":""PR12P210"",""status"":""ok"",""voltage"":0.923,""pressure_kpa"":10.58,""pkt"":654}",
2026-07-12T16:12:45,esp32,PR12P210,ok,0.93,10.76,655,-61,8.50,"{""device"":""esp32"",""sensor"":""PR12P210"",""status"":""ok"",""voltage"":0.930,""pressure_kpa"":10.76,""pkt"":655}",
2026-07-12T16:12:47,esp32,PR12P210,ok,0.921,10.52,656,-62,7.25,"{""device"":""esp32"",""sensor"":""PR12P210"",""status"":""ok"",""voltage"":0.921,""pressure_kpa"":10.52,""pkt"":656}",
2026-07-12T16:12:48,esp32,PR12P210,ok,0.928,10.69,657,-61,8.75,"{""device"":""esp32"",""sensor"":""PR12P210"",""status"":""ok"",""voltage"":0.928,""pressure_kpa"":10.69,""pkt"":657}",
2026-07-12T16:12:49,esp32,PR12P210,ok,0.91,10.26,658,-63,8.75,"{""device"":""esp32"",""sensor"":""PR12P210"",""status"":""ok"",""voltage"":0.910,""pressure_kpa"":10.26,""pkt"":658}",
2026-07-12T16:12:50,esp32,PR12P210,ok,0.927,10.67,659,-62,9.00,"{""device"":""esp32"",""sensor"":""PR12P210"",""status"":""ok"",""voltage"":0.927,""pressure_kpa"":10.67,""pkt"":659}",
2026-07-12T16:12:51,esp32,PR12P210,ok,0.906,10.14,660,-63,9.25,"{""device"":""esp32"",""sensor"":""PR12P210"",""status"":""ok"",""voltage"":0.906,""pressure_kpa"":10.14,""pkt"":660}",
2026-07-12T16:12:53,esp32,PR12P210,ok,0.923,10.59,661,-62,9.25,"{""device"":""esp32"",""sensor"":""PR12P210"",""status"":""ok"",""voltage"":0.923,""pressure_kpa"":10.59,""pkt"":661}",
2026-07-12T16:12:54,esp32,PR12P210,ok,0.925,10.63,662,-62,8.75,"{""device"":""esp32"",""sensor"":""PR12P210"",""status"":""ok"",""voltage"":0.925,""pressure_kpa"":10.63,""pkt"":662}",
2026-07-12T16:12:55,esp32,PR12P210,ok,0.924,10.6,663,-62,9.00,"{""device"":""esp32"",""sensor"":""PR12P210"",""status"":""ok"",""voltage"":0.924,""pressure_kpa"":10.60,""pkt"":663}",
2026-07-12T16:12:56,esp32,PR12P210,ok,0.927,10.68,664,-62,9.00,"{""device"":""esp32"",""sensor"":""PR12P210"",""status"":""ok"",""voltage"":0.927,""pressure_kpa"":10.68,""pkt"":664}",
2026-07-12T16:12:57,esp32,PR12P210,ok,0.928,10.7,665,-62,8.50,"{""device"":""esp32"",""sensor"":""PR12P210"",""status"":""ok"",""voltage"":0.928,""pressure_kpa"":10.70,""pkt"":665}",
2026-07-12T16:12:59,esp32,PR12P210,ok,0.922,10.54,666,-62,8.75,"{""device"":""esp32"",""sensor"":""PR12P210"",""status"":""ok"",""voltage"":0.922,""pressure_kpa"":10.54,""pkt"":666}",
2026-07-12T16:13:00,esp32,PR12P210,ok,0.923,10.57,667,-61,8.25,"{""device"":""esp32"",""sensor"":""PR12P210"",""status"":""ok"",""voltage"":0.923,""pressure_kpa"":10.57,""pkt"":667}",
2026-07-12T16:13:01,esp32,PR12P210,ok,0.906,10.15,668,-62,8.75,"{""device"":""esp32"",""sensor"":""PR12P210"",""status"":""ok"",""voltage"":0.906,""pressure_kpa"":10.15,""pkt"":668}",
2026-07-12T16:13:02,esp32,PR12P210,ok,0.931,10.77,669,-62,8.50,"{""device"":""esp32"",""sensor"":""PR12P210"",""status"":""ok"",""voltage"":0.931,""pressure_kpa"":10.77,""pkt"":669}",
2026-07-12T16:13:03,esp32,PR12P210,ok,0.922,10.55,670,-62,9.75,"{""device"":""esp32"",""sensor"":""PR12P210"",""status"":""ok"",""voltage"":0.922,""pressure_kpa"":10.55,""pkt"":670}",
2026-07-12T16:13:05,esp32,PR12P210,ok,0.925,10.62,671,-62,9.00,"{""device"":""esp32"",""sensor"":""PR12P210"",""status"":""ok"",""voltage"":0.925,""pressure_kpa"":10.62,""pkt"":671}",
2026-07-12T16:13:06,esp32,PR12P210,ok,0.922,10.56,672,-62,9.00,"{""device"":""esp32"",""sensor"":""PR12P210"",""status"":""ok"",""voltage"":0.922,""pressure_kpa"":10.56,""pkt"":672}",
2026-07-12T16:13:07,esp32,PR12P210,ok,0.918,10.45,673,-62,8.75,"{""device"":""esp32"",""sensor"":""PR12P210"",""status"":""ok"",""voltage"":0.918,""pressure_kpa"":10.45,""pkt"":673}",
2026-07-12T16:13:08,esp32,PR12P210,ok,0.929,10.72,674,-62,7.25,"{""device"":""esp32"",""sensor"":""PR12P210"",""status"":""ok"",""voltage"":0.929,""pressure_kpa"":10.72,""pkt"":674}",
2026-07-12T16:13:09,esp32,PR12P210,ok,0.924,10.61,675,-61,8.50,"{""device"":""esp32"",""sensor"":""PR12P210"",""status"":""ok"",""voltage"":0.924,""pressure_kpa"":10.61,""pkt"":675}",
2026-07-12T16:13:10,esp32,PR12P210,ok,0.915,10.37,676,-63,8.25,"{""device"":""esp32"",""sensor"":""PR12P210"",""status"":""ok"",""voltage"":0.915,""pressure_kpa"":10.37,""pkt"":676}",
2026-07-12T16:13:12,esp32,PR12P210,ok,0.932,10.79,677,-61,8.00,"{""device"":""esp32"",""sensor"":""PR12P210"",""status"":""ok"",""voltage"":0.932,""pressure_kpa"":10.79,""pkt"":677}",
2026-07-12T16:13:13,esp32,PR12P210,ok,0.933,10.82,678,-63,8.50,"{""device"":""esp32"",""sensor"":""PR12P210"",""status"":""ok"",""voltage"":0.933,""pressure_kpa"":10.82,""pkt"":678}",
2026-07-12T16:13:14,esp32,PR12P210,ok,0.918,10.46,679,-62,9.25,"{""device"":""esp32"",""sensor"":""PR12P210"",""status"":""ok"",""voltage"":0.918,""pressure_kpa"":10.46,""pkt"":679}",
2026-07-12T16:13:15,esp32,PR12P210,ok,0.926,10.66,680,-62,8.75,"{""device"":""esp32"",""sensor"":""PR12P210"",""status"":""ok"",""voltage"":0.926,""pressure_kpa"":10.66,""pkt"":680}",
2026-07-12T16:13:16,esp32,PR12P210,ok,0.92,10.51,681,-62,9.75,"{""device"":""esp32"",""sensor"":""PR12P210"",""status"":""ok"",""voltage"":0.920,""pressure_kpa"":10.51,""pkt"":681}",
2026-07-12T16:13:18,esp32,PR12P210,ok,0.931,10.77,682,-62,8.75,"{""device"":""esp32"",""sensor"":""PR12P210"",""status"":""ok"",""voltage"":0.931,""pressure_kpa"":10.77,""pkt"":682}",
2026-07-12T16:13:19,esp32,PR12P210,ok,0.926,10.64,683,-62,8.00,"{""device"":""esp32"",""sensor"":""PR12P210"",""status"":""ok"",""voltage"":0.926,""pressure_kpa"":10.64,""pkt"":683}",
2026-07-12T16:46:33,esp32,PR12P210,ok,1.036,13.4,2356,-57,10.00,"{""device"":""esp32"",""sensor"":""PR12P210"",""status"":""ok"",""voltage"":1.036,""pressure_kpa"":13.40,""pkt"":2356}",
2026-07-12T16:46:34,esp32,PR12P210,ok,1.01,12.74,2357,-57,9.75,"{""device"":""esp32"",""sensor"":""PR12P210"",""status"":""ok"",""voltage"":1.010,""pressure_kpa"":12.74,""pkt"":2357}",
2026-07-12T16:46:36,esp32,PR12P210,ok,1.014,12.85,2358,-57,10.00,"{""device"":""esp32"",""sensor"":""PR12P210"",""status"":""ok"",""voltage"":1.014,""pressure_kpa"":12.85,""pkt"":2358}",
2026-07-12T16:46:37,esp32,PR12P210,ok,1.029,13.21,2359,-58,10.00,"{""device"":""esp32"",""sensor"":""PR12P210"",""status"":""ok"",""voltage"":1.029,""pressure_kpa"":13.21,""pkt"":2359}",
2026-07-12T16:46:38,esp32,PR12P210,ok,0.998,12.44,2360,-57,10.00,"{""device"":""esp32"",""sensor"":""PR12P210"",""status"":""ok"",""voltage"":0.998,""pressure_kpa"":12.44,""pkt"":2360}",
2026-07-12T16:46:39,esp32,PR12P210,ok,1.032,13.3,2361,-58,9.50,"{""device"":""esp32"",""sensor"":""PR12P210"",""status"":""ok"",""voltage"":1.032,""pressure_kpa"":13.30,""pkt"":2361}",
2026-07-12T16:46:40,esp32,PR12P210,ok,1.017,12.93,2362,-56,9.75,"{""device"":""esp32"",""sensor"":""PR12P210"",""status"":""ok"",""voltage"":1.017,""pressure_kpa"":12.93,""pkt"":2362}",
2026-07-12T16:46:42,esp32,PR12P210,ok,1.009,12.72,2363,-58,9.75,"{""device"":""esp32"",""sensor"":""PR12P210"",""status"":""ok"",""voltage"":1.009,""pressure_kpa"":12.72,""pkt"":2363}",
2026-07-12T16:46:43,esp32,PR12P210,ok,1.023,13.08,2364,-57,9.75,"{""device"":""esp32"",""sensor"":""PR12P210"",""status"":""ok"",""voltage"":1.023,""pressure_kpa"":13.08,""pkt"":2364}",
2026-07-12T16:46:44,esp32,PR12P210,ok,1.003,12.57,2365,-57,9.75,"{""device"":""esp32"",""sensor"":""PR12P210"",""status"":""ok"",""voltage"":1.003,""pressure_kpa"":12.57,""pkt"":2365}",
2026-07-12T16:46:45,esp32,PR12P210,ok,1.03,13.24,2366,-57,10.00,"{""device"":""esp32"",""sensor"":""PR12P210"",""status"":""ok"",""voltage"":1.030,""pressure_kpa"":13.24,""pkt"":2366}",
2026-07-12T16:46:46,esp32,PR12P210,ok,1.029,13.22,2367,-57,9.75,"{""device"":""esp32"",""sensor"":""PR12P210"",""status"":""ok"",""voltage"":1.029,""pressure_kpa"":13.22,""pkt"":2367}",
2026-07-12T16:46:48,esp32,PR12P210,ok,1.009,12.73,2368,-58,9.25,"{""device"":""esp32"",""sensor"":""PR12P210"",""status"":""ok"",""voltage"":1.009,""pressure_kpa"":12.73,""pkt"":2368}",
2026-07-12T16:46:49,esp32,PR12P210,ok,0.999,12.48,2369,-56,9.75,"{""device"":""esp32"",""sensor"":""PR12P210"",""status"":""ok"",""voltage"":0.999,""pressure_kpa"":12.48,""pkt"":2369}",
2026-07-12T16:46:50,esp32,PR12P210,ok,1.025,13.13,2370,-57,9.25,"{""device"":""esp32"",""sensor"":""PR12P210"",""status"":""ok"",""voltage"":1.025,""pressure_kpa"":13.13,""pkt"":2370}",
2026-07-12T16:46:51,esp32,PR12P210,ok,1.029,13.22,2371,-56,9.75,"{""device"":""esp32"",""sensor"":""PR12P210"",""status"":""ok"",""voltage"":1.029,""pressure_kpa"":13.22,""pkt"":2371}",
2026-07-12T16:46:52,esp32,PR12P210,ok,1.024,13.1,2372,-57,9.50,"{""device"":""esp32"",""sensor"":""PR12P210"",""status"":""ok"",""voltage"":1.024,""pressure_kpa"":13.10,""pkt"":2372}",
2026-07-12T16:46:54,esp32,PR12P210,ok,1.001,12.54,2373,-57,10.00,"{""device"":""esp32"",""sensor"":""PR12P210"",""status"":""ok"",""voltage"":1.001,""pressure_kpa"":12.54,""pkt"":2373}",
2026-07-12T16:46:55,esp32,PR12P210,ok,1.01,12.74,2374,-57,9.25,"{""device"":""esp32"",""sensor"":""PR12P210"",""status"":""ok"",""voltage"":1.010,""pressure_kpa"":12.74,""pkt"":2374}",
2026-07-12T16:46:56,esp32,PR12P210,ok,1.032,13.29,2375,-58,10.00,"{""device"":""esp32"",""sensor"":""PR12P210"",""status"":""ok"",""voltage"":1.032,""pressure_kpa"":13.29,""pkt"":2375}",
2026-07-12T16:46:57,esp32,PR12P210,ok,1.029,13.24,2376,-56,9.50,"{""device"":""esp32"",""sensor"":""PR12P210"",""status"":""ok"",""voltage"":1.029,""pressure_kpa"":13.24,""pkt"":2376}",
2026-07-12T16:46:58,esp32,PR12P210,ok,1.02,13.01,2377,-58,9.50,"{""device"":""esp32"",""sensor"":""PR12P210"",""status"":""ok"",""voltage"":1.020,""pressure_kpa"":13.01,""pkt"":2377}",
2026-07-12T16:47:00,esp32,PR12P210,ok,1.001,12.51,2378,-57,9.75,"{""device"":""esp32"",""sensor"":""PR12P210"",""status"":""ok"",""voltage"":1.001,""pressure_kpa"":12.51,""pkt"":2378}",
2026-07-12T16:47:01,esp32,PR12P210,ok,1.015,12.87,2379,-58,9.75,"{""device"":""esp32"",""sensor"":""PR12P210"",""status"":""ok"",""voltage"":1.015,""pressure_kpa"":12.87,""pkt"":2379}",
2026-07-12T16:47:02,esp32,PR12P210,ok,1.027,13.17,2380,-59,9.50,"{""device"":""esp32"",""sensor"":""PR12P210"",""status"":""ok"",""voltage"":1.027,""pressure_kpa"":13.17,""pkt"":2380}",
2026-07-12T16:47:03,esp32,PR12P210,ok,1.023,13.08,2381,-58,9.50,"{""device"":""esp32"",""sensor"":""PR12P210"",""status"":""ok"",""voltage"":1.023,""pressure_kpa"":13.08,""pkt"":2381}",
2026-07-12T16:47:04,esp32,PR12P210,ok,1.008,12.71,2382,-60,9.00,"{""device"":""esp32"",""sensor"":""PR12P210"",""status"":""ok"",""voltage"":1.008,""pressure_kpa"":12.71,""pkt"":2382}",
2026-07-12T16:47:05,esp32,PR12P210,ok,1.011,12.78,2383,-58,10.25,"{""device"":""esp32"",""sensor"":""PR12P210"",""status"":""ok"",""voltage"":1.011,""pressure_kpa"":12.78,""pkt"":2383}",
2026-07-12T16:47:07,esp32,PR12P210,ok,1.032,13.3,2384,-59,9.25,"{""device"":""esp32"",""sensor"":""PR12P210"",""status"":""ok"",""voltage"":1.032,""pressure_kpa"":13.30,""pkt"":2384}",
2026-07-12T16:47:08,esp32,PR12P210,ok,1.026,13.15,2385,-59,9.50,"{""device"":""esp32"",""sensor"":""PR12P210"",""status"":""ok"",""voltage"":1.026,""pressure_kpa"":13.15,""pkt"":2385}",
2026-07-12T16:47:09,esp32,PR12P210,ok,0.998,12.46,2386,-59,10.00,"{""device"":""esp32"",""sensor"":""PR12P210"",""status"":""ok"",""voltage"":0.998,""pressure_kpa"":12.46,""pkt"":2386}",
2026-07-12T16:47:10,esp32,PR12P210,ok,1.017,12.93,2387,-61,9.50,"{""device"":""esp32"",""sensor"":""PR12P210"",""status"":""ok"",""voltage"":1.017,""pressure_kpa"":12.93,""pkt"":2387}",
2026-07-12T16:47:11,esp32,PR12P210,ok,1.031,13.27,2388,-58,9.50,"{""device"":""esp32"",""sensor"":""PR12P210"",""status"":""ok"",""voltage"":1.031,""pressure_kpa"":13.27,""pkt"":2388}",
2026-07-12T16:47:13,esp32,PR12P210,ok,1.02,13.0,2389,-60,9.75,"{""device"":""esp32"",""sensor"":""PR12P210"",""status"":""ok"",""voltage"":1.020,""pressure_kpa"":13.00,""pkt"":2389}",
2026-07-12T16:47:14,esp32,PR12P210,ok,0.998,12.46,2390,-58,10.00,"{""device"":""esp32"",""sensor"":""PR12P210"",""status"":""ok"",""voltage"":0.998,""pressure_kpa"":12.46,""pkt"":2390}",
2026-07-12T16:47:15,esp32,PR12P210,ok,1.039,13.47,2391,-59,9.75,"{""device"":""esp32"",""sensor"":""PR12P210"",""status"":""ok"",""voltage"":1.039,""pressure_kpa"":13.47,""pkt"":2391}",
2026-07-12T16:47:16,esp32,PR12P210,ok,1.021,13.03,2392,-58,9.50,"{""device"":""esp32"",""sensor"":""PR12P210"",""status"":""ok"",""voltage"":1.021,""pressure_kpa"":13.03,""pkt"":2392}",
2026-07-12T16:47:17,esp32,PR12P210,ok,1.001,12.53,2393,-58,10.25,"{""device"":""esp32"",""sensor"":""PR12P210"",""status"":""ok"",""voltage"":1.001,""pressure_kpa"":12.53,""pkt"":2393}",
2026-07-12T16:47:19,esp32,PR12P210,ok,1.03,13.25,2394,-61,9.75,"{""device"":""esp32"",""sensor"":""PR12P210"",""status"":""ok"",""voltage"":1.030,""pressure_kpa"":13.25,""pkt"":2394}",
2026-07-12T16:47:20,esp32,PR12P210,ok,1.022,13.05,2395,-58,9.75,"{""device"":""esp32"",""sensor"":""PR12P210"",""status"":""ok"",""voltage"":1.022,""pressure_kpa"":13.05,""pkt"":2395}",
2026-07-12T16:47:21,esp32,PR12P210,ok,1.017,12.93,2396,-60,9.25,"{""device"":""esp32"",""sensor"":""PR12P210"",""status"":""ok"",""voltage"":1.017,""pressure_kpa"":12.93,""pkt"":2396}",
2026-07-12T16:47:22,esp32,PR12P210,ok,1.001,12.52,2397,-58,9.75,"{""device"":""esp32"",""sensor"":""PR12P210"",""status"":""ok"",""voltage"":1.001,""pressure_kpa"":12.52,""pkt"":2397}",
2026-07-12T16:47:23,esp32,PR12P210,ok,1.027,13.18,2398,-59,9.25,"{""device"":""esp32"",""sensor"":""PR12P210"",""status"":""ok"",""voltage"":1.027,""pressure_kpa"":13.18,""pkt"":2398}",
2026-07-12T16:47:25,esp32,PR12P210,ok,1.035,13.39,2399,-59,9.75,"{""device"":""esp32"",""sensor"":""PR12P210"",""status"":""ok"",""voltage"":1.035,""pressure_kpa"":13.39,""pkt"":2399}",
2026-07-12T16:47:26,esp32,PR12P210,ok,1.028,13.2,2400,-58,9.75,"{""device"":""esp32"",""sensor"":""PR12P210"",""status"":""ok"",""voltage"":1.028,""pressure_kpa"":13.20,""pkt"":2400}",
2026-07-12T16:47:27,esp32,PR12P210,ok,1.029,13.23,2401,-60,9.25,"{""device"":""esp32"",""sensor"":""PR12P210"",""status"":""ok"",""voltage"":1.029,""pressure_kpa"":13.23,""pkt"":2401}",
2026-07-12T16:47:29,esp32,PR12P210,ok,1.004,12.6,2403,-59,9.50,"{""device"":""esp32"",""sensor"":""PR12P210"",""status"":""ok"",""voltage"":1.004,""pressure_kpa"":12.60,""pkt"":2403}",
2026-07-12T16:47:31,esp32,PR12P210,ok,1.015,12.88,2404,-59,9.75,"{""device"":""esp32"",""sensor"":""PR12P210"",""status"":""ok"",""voltage"":1.015,""pressure_kpa"":12.88,""pkt"":2404}",
2026-07-12T16:47:32,esp32,PR12P210,ok,1.027,13.17,2405,-59,9.75,"{""device"":""esp32"",""sensor"":""PR12P210"",""status"":""ok"",""voltage"":1.027,""pressure_kpa"":13.17,""pkt"":2405}",
2026-07-12T16:47:33,esp32,PR12P210,ok,1.035,13.38,2406,-60,9.75,"{""device"":""esp32"",""sensor"":""PR12P210"",""status"":""ok"",""voltage"":1.035,""pressure_kpa"":13.38,""pkt"":2406}",
2026-07-12T16:47:34,esp32,PR12P210,ok,1.036,13.39,2407,-58,9.50,"{""device"":""esp32"",""sensor"":""PR12P210"",""status"":""ok"",""voltage"":1.036,""pressure_kpa"":13.39,""pkt"":2407}",
2026-07-12T16:47:35,esp32,PR12P210,ok,1.032,13.3,2408,-60,9.00,"{""device"":""esp32"",""sensor"":""PR12P210"",""status"":""ok"",""voltage"":1.032,""pressure_kpa"":13.30,""pkt"":2408}",
2026-07-12T16:47:36,esp32,PR12P210,ok,1.026,13.16,2409,-58,9.75,"{""device"":""esp32"",""sensor"":""PR12P210"",""status"":""ok"",""voltage"":1.026,""pressure_kpa"":13.16,""pkt"":2409}",
2026-07-12T16:47:38,esp32,PR12P210,ok,1.023,13.08,2410,-58,10.25,"{""device"":""esp32"",""sensor"":""PR12P210"",""status"":""ok"",""voltage"":1.023,""pressure_kpa"":13.08,""pkt"":2410}",
2026-07-12T16:47:39,esp32,PR12P210,ok,1.008,12.71,2411,-59,9.75,"{""device"":""esp32"",""sensor"":""PR12P210"",""status"":""ok"",""voltage"":1.008,""pressure_kpa"":12.71,""pkt"":2411}",
2026-07-12T16:47:40,esp32,PR12P210,ok,1.001,12.53,2412,-58,9.25,"{""device"":""esp32"",""sensor"":""PR12P210"",""status"":""ok"",""voltage"":1.001,""pressure_kpa"":12.53,""pkt"":2412}",
2026-07-12T16:47:41,esp32,PR12P210,ok,1.009,12.72,2413,-59,9.00,"{""device"":""esp32"",""sensor"":""PR12P210"",""status"":""ok"",""voltage"":1.009,""pressure_kpa"":12.72,""pkt"":2413}",
2026-07-12T16:47:42,esp32,PR12P210,ok,1.026,13.14,2414,-57,9.50,"{""device"":""esp32"",""sensor"":""PR12P210"",""status"":""ok"",""voltage"":1.026,""pressure_kpa"":13.14,""pkt"":2414}",
2026-07-12T16:47:44,esp32,PR12P210,ok,1.035,13.37,2415,-59,9.75,"{""device"":""esp32"",""sensor"":""PR12P210"",""status"":""ok"",""voltage"":1.035,""pressure_kpa"":13.37,""pkt"":2415}",
2026-07-12T16:47:45,esp32,PR12P210,ok,1.025,13.13,2416,-58,9.50,"{""device"":""esp32"",""sensor"":""PR12P210"",""status"":""ok"",""voltage"":1.025,""pressure_kpa"":13.13,""pkt"":2416}",
2026-07-12T16:47:46,esp32,PR12P210,ok,1.019,12.98,2417,-58,9.25,"{""device"":""esp32"",""sensor"":""PR12P210"",""status"":""ok"",""voltage"":1.019,""pressure_kpa"":12.98,""pkt"":2417}",
2026-07-12T16:47:47,esp32,PR12P210,ok,1.004,12.61,2418,-59,9.25,"{""device"":""esp32"",""sensor"":""PR12P210"",""status"":""ok"",""voltage"":1.004,""pressure_kpa"":12.61,""pkt"":2418}",
2026-07-12T16:47:48,esp32,PR12P210,ok,1.013,12.83,2419,-58,9.50,"{""device"":""esp32"",""sensor"":""PR12P210"",""status"":""ok"",""voltage"":1.013,""pressure_kpa"":12.83,""pkt"":2419}",
2026-07-12T16:47:50,esp32,PR12P210,ok,1.03,13.26,2420,-59,9.50,"{""device"":""esp32"",""sensor"":""PR12P210"",""status"":""ok"",""voltage"":1.030,""pressure_kpa"":13.26,""pkt"":2420}",
2026-07-12T16:47:51,esp32,PR12P210,ok,1.023,13.06,2421,-58,9.50,"{""device"":""esp32"",""sensor"":""PR12P210"",""status"":""ok"",""voltage"":1.023,""pressure_kpa"":13.06,""pkt"":2421}",
2026-07-12T16:47:52,esp32,PR12P210,ok,1.006,12.66,2422,-59,9.75,"{""device"":""esp32"",""sensor"":""PR12P210"",""status"":""ok"",""voltage"":1.006,""pressure_kpa"":12.66,""pkt"":2422}",
2026-07-12T16:47:53,esp32,PR12P210,ok,1.003,12.57,2423,-59,9.75,"{""device"":""esp32"",""sensor"":""PR12P210"",""status"":""ok"",""voltage"":1.003,""pressure_kpa"":12.57,""pkt"":2423}",
2026-07-12T16:47:54,esp32,PR12P210,ok,1.03,13.26,2424,-59,9.00,"{""device"":""esp32"",""sensor"":""PR12P210"",""status"":""ok"",""voltage"":1.030,""pressure_kpa"":13.26,""pkt"":2424}",
2026-07-12T16:47:56,esp32,PR12P210,ok,1.018,12.96,2425,-61,9.25,"{""device"":""esp32"",""sensor"":""PR12P210"",""status"":""ok"",""voltage"":1.018,""pressure_kpa"":12.96,""pkt"":2425}",
2026-07-12T16:47:57,esp32,PR12P210,ok,1.001,12.52,2426,-58,9.75,"{""device"":""esp32"",""sensor"":""PR12P210"",""status"":""ok"",""voltage"":1.001,""pressure_kpa"":12.52,""pkt"":2426}",
2026-07-12T17:08:20,esp32,PR12P210,ok,1.016,12.91,3452,-60,10.00,"{""device"":""esp32"",""sensor"":""PR12P210"",""status"":""ok"",""voltage"":1.016,""pressure_kpa"":12.91,""pkt"":3452}",
2026-07-12T17:08:21,esp32,PR12P210,ok,1.018,12.95,3453,-59,10.25,"{""device"":""esp32"",""sensor"":""PR12P210"",""status"":""ok"",""voltage"":1.018,""pressure_kpa"":12.95,""pkt"":3453}",
2026-07-12T17:08:22,esp32,PR12P210,ok,1.008,12.71,3454,-60,9.25,"{""device"":""esp32"",""sensor"":""PR12P210"",""status"":""ok"",""voltage"":1.008,""pressure_kpa"":12.71,""pkt"":3454}",
2026-07-12T17:08:23,esp32,PR12P210,ok,1.006,12.65,3455,-59,9.00,"{""device"":""esp32"",""sensor"":""PR12P210"",""status"":""ok"",""voltage"":1.006,""pressure_kpa"":12.65,""pkt"":3455}",
2026-07-12T17:08:25,esp32,PR12P210,ok,0.999,12.48,3456,-60,10.50,"{""device"":""esp32"",""sensor"":""PR12P210"",""status"":""ok"",""voltage"":0.999,""pressure_kpa"":12.48,""pkt"":3456}",
2026-07-12T17:08:26,esp32,PR12P210,ok,0.981,12.04,3457,-58,9.50,"{""device"":""esp32"",""sensor"":""PR12P210"",""status"":""ok"",""voltage"":0.981,""pressure_kpa"":12.04,""pkt"":3457}",
2026-07-12T17:08:27,esp32,PR12P210,ok,0.982,12.04,3458,-59,10.00,"{""device"":""esp32"",""sensor"":""PR12P210"",""status"":""ok"",""voltage"":0.982,""pressure_kpa"":12.04,""pkt"":3458}",
2026-07-12T17:08:28,esp32,PR12P210,ok,0.993,12.32,3459,-60,10.00,"{""device"":""esp32"",""sensor"":""PR12P210"",""status"":""ok"",""voltage"":0.993,""pressure_kpa"":12.32,""pkt"":3459}",
2026-07-12T17:08:29,esp32,PR12P210,ok,0.995,12.36,3460,-58,10.50,"{""device"":""esp32"",""sensor"":""PR12P210"",""status"":""ok"",""voltage"":0.995,""pressure_kpa"":12.36,""pkt"":3460}",
2026-07-12T17:08:30,esp32,PR12P210,ok,0.989,12.23,3461,-58,9.75,"{""device"":""esp32"",""sensor"":""PR12P210"",""status"":""ok"",""voltage"":0.989,""pressure_kpa"":12.23,""pkt"":3461}",
2026-07-12T17:08:32,esp32,PR12P210,ok,1.001,12.52,3462,-59,11.25,"{""device"":""esp32"",""sensor"":""PR12P210"",""status"":""ok"",""voltage"":1.001,""pressure_kpa"":12.52,""pkt"":3462}",
2026-07-12T17:08:33,esp32,PR12P210,ok,1.003,12.57,3463,-59,9.75,"{""device"":""esp32"",""sensor"":""PR12P210"",""status"":""ok"",""voltage"":1.003,""pressure_kpa"":12.57,""pkt"":3463}",
2026-07-12T17:08:34,esp32,PR12P210,ok,1.0,12.49,3464,-58,9.50,"{""device"":""esp32"",""sensor"":""PR12P210"",""status"":""ok"",""voltage"":1.000,""pressure_kpa"":12.49,""pkt"":3464}",
2026-07-12T17:08:35,esp32,PR12P210,ok,0.996,12.4,3465,-59,9.50,"{""device"":""esp32"",""sensor"":""PR12P210"",""status"":""ok"",""voltage"":0.996,""pressure_kpa"":12.40,""pkt"":3465}",
2026-07-12T17:08:36,esp32,PR12P210,ok,1.005,12.62,3466,-61,9.25,"{""device"":""esp32"",""sensor"":""PR12P210"",""status"":""ok"",""voltage"":1.005,""pressure_kpa"":12.62,""pkt"":3466}",
2026-07-12T17:08:38,esp32,PR12P210,ok,1.006,12.65,3467,-58,9.75,"{""device"":""esp32"",""sensor"":""PR12P210"",""status"":""ok"",""voltage"":1.006,""pressure_kpa"":12.65,""pkt"":3467}",
2026-07-12T17:08:39,esp32,PR12P210,ok,1.004,12.6,3468,-59,9.75,"{""device"":""esp32"",""sensor"":""PR12P210"",""status"":""ok"",""voltage"":1.004,""pressure_kpa"":12.60,""pkt"":3468}",
2026-07-12T17:08:40,esp32,PR12P210,ok,1.012,12.8,3469,-60,9.75,"{""device"":""esp32"",""sensor"":""PR12P210"",""status"":""ok"",""voltage"":1.012,""pressure_kpa"":12.80,""pkt"":3469}",
2026-07-12T17:08:41,esp32,PR12P210,ok,1.017,12.91,3470,-59,9.75,"{""device"":""esp32"",""sensor"":""PR12P210"",""status"":""ok"",""voltage"":1.017,""pressure_kpa"":12.91,""pkt"":3470}",
2026-07-12T17:08:42,esp32,PR12P210,ok,1.012,12.79,3471,-59,9.25,"{""device"":""esp32"",""sensor"":""PR12P210"",""status"":""ok"",""voltage"":1.012,""pressure_kpa"":12.79,""pkt"":3471}",
2026-07-12T17:08:44,esp32,PR12P210,ok,1.017,12.93,3472,-59,9.50,"{""device"":""esp32"",""sensor"":""PR12P210"",""status"":""ok"",""voltage"":1.017,""pressure_kpa"":12.93,""pkt"":3472}",
2026-07-12T17:08:45,esp32,PR12P210,ok,1.021,13.02,3473,-59,11.25,"{""device"":""esp32"",""sensor"":""PR12P210"",""status"":""ok"",""voltage"":1.021,""pressure_kpa"":13.02,""pkt"":3473}",
2026-07-12T17:08:46,esp32,PR12P210,ok,1.007,12.69,3474,-58,9.75,"{""device"":""esp32"",""sensor"":""PR12P210"",""status"":""ok"",""voltage"":1.007,""pressure_kpa"":12.69,""pkt"":3474}",
2026-07-12T17:08:47,esp32,PR12P210,ok,0.987,12.16,3475,-59,9.25,"{""device"":""esp32"",""sensor"":""PR12P210"",""status"":""ok"",""voltage"":0.987,""pressure_kpa"":12.16,""pkt"":3475}",
2026-07-12T17:08:48,esp32,PR12P210,ok,0.993,12.33,3476,-61,9.25,"{""device"":""esp32"",""sensor"":""PR12P210"",""status"":""ok"",""voltage"":0.993,""pressure_kpa"":12.33,""pkt"":3476}",
2026-07-12T17:08:50,esp32,PR12P210,ok,0.992,12.3,3477,-58,9.75,"{""device"":""esp32"",""sensor"":""PR12P210"",""status"":""ok"",""voltage"":0.992,""pressure_kpa"":12.30,""pkt"":3477}",
2026-07-12T17:08:51,esp32,PR12P210,ok,0.988,12.21,3478,-59,9.25,"{""device"":""esp32"",""sensor"":""PR12P210"",""status"":""ok"",""voltage"":0.988,""pressure_kpa"":12.21,""pkt"":3478}",
2026-07-12T17:08:52,esp32,PR12P210,ok,1.005,12.62,3479,-59,10.00,"{""device"":""esp32"",""sensor"":""PR12P210"",""status"":""ok"",""voltage"":1.005,""pressure_kpa"":12.62,""pkt"":3479}",
2026-07-12T17:08:53,esp32,PR12P210,ok,1.015,12.87,3480,-59,10.00,"{""device"":""esp32"",""sensor"":""PR12P210"",""status"":""ok"",""voltage"":1.015,""pressure_kpa"":12.87,""pkt"":3480}",
2026-07-12T17:08:54,esp32,PR12P210,ok,1.011,12.77,3481,-58,9.75,"{""device"":""esp32"",""sensor"":""PR12P210"",""status"":""ok"",""voltage"":1.011,""pressure_kpa"":12.77,""pkt"":3481}",
2026-07-12T17:08:56,esp32,PR12P210,ok,1.013,12.82,3482,-59,9.50,"{""device"":""esp32"",""sensor"":""PR12P210"",""status"":""ok"",""voltage"":1.013,""pressure_kpa"":12.82,""pkt"":3482}",
2026-07-12T17:08:57,esp32,PR12P210,ok,1.017,12.92,3483,-62,9.25,"{""device"":""esp32"",""sensor"":""PR12P210"",""status"":""ok"",""voltage"":1.017,""pressure_kpa"":12.92,""pkt"":3483}",
2026-07-12T17:08:58,esp32,PR12P210,ok,1.015,12.88,3484,-58,9.75,"{""device"":""esp32"",""sensor"":""PR12P210"",""status"":""ok"",""voltage"":1.015,""pressure_kpa"":12.88,""pkt"":3484}",
2026-07-12T17:08:59,esp32,PR12P210,ok,1.012,12.8,3485,-59,9.50,"{""device"":""esp32"",""sensor"":""PR12P210"",""status"":""ok"",""voltage"":1.012,""pressure_kpa"":12.80,""pkt"":3485}",
2026-07-12T17:09:00,esp32,PR12P210,ok,1.02,13.0,3486,-60,9.75,"{""device"":""esp32"",""sensor"":""PR12P210"",""status"":""ok"",""voltage"":1.020,""pressure_kpa"":13.00,""pkt"":3486}",
2026-07-12T17:09:01,esp32,PR12P210,ok,1.014,12.86,3487,-59,9.75,"{""device"":""esp32"",""sensor"":""PR12P210"",""status"":""ok"",""voltage"":1.014,""pressure_kpa"":12.86,""pkt"":3487}",
2026-07-12T17:09:03,esp32,PR12P210,ok,1.011,12.77,3488,-59,9.25,"{""device"":""esp32"",""sensor"":""PR12P210"",""status"":""ok"",""voltage"":1.011,""pressure_kpa"":12.77,""pkt"":3488}",
2026-07-12T17:09:04,esp32,PR12P210,ok,1.014,12.85,3489,-59,9.50,"{""device"":""esp32"",""sensor"":""PR12P210"",""status"":""ok"",""voltage"":1.014,""pressure_kpa"":12.85,""pkt"":3489}",
2026-07-12T17:09:05,esp32,PR12P210,ok,1.021,13.03,3490,-59,10.25,"{""device"":""esp32"",""sensor"":""PR12P210"",""status"":""ok"",""voltage"":1.021,""pressure_kpa"":13.03,""pkt"":3490}",
2026-07-12T17:09:06,esp32,PR12P210,ok,1.01,12.75,3491,-59,9.50,"{""device"":""esp32"",""sensor"":""PR12P210"",""status"":""ok"",""voltage"":1.010,""pressure_kpa"":12.75,""pkt"":3491}",
2026-07-12T17:09:07,esp32,PR12P210,ok,1.008,12.69,3492,-59,9.50,"{""device"":""esp32"",""sensor"":""PR12P210"",""status"":""ok"",""voltage"":1.008,""pressure_kpa"":12.69,""pkt"":3492}",
2026-07-12T17:09:09,esp32,PR12P210,ok,1.015,12.87,3493,-61,9.25,"{""device"":""esp32"",""sensor"":""PR12P210"",""status"":""ok"",""voltage"":1.015,""pressure_kpa"":12.87,""pkt"":3493}",
2026-07-12T17:09:10,esp32,PR12P210,ok,1.01,12.75,3494,-58,9.75,"{""device"":""esp32"",""sensor"":""PR12P210"",""status"":""ok"",""voltage"":1.010,""pressure_kpa"":12.75,""pkt"":3494}",
2026-07-12T17:09:11,esp32,PR12P210,ok,1.007,12.68,3495,-59,10.00,"{""device"":""esp32"",""sensor"":""PR12P210"",""status"":""ok"",""voltage"":1.007,""pressure_kpa"":12.68,""pkt"":3495}",
2026-07-12T17:09:12,esp32,PR12P210,ok,1.013,12.84,3496,-60,9.50,"{""device"":""esp32"",""sensor"":""PR12P210"",""status"":""ok"",""voltage"":1.013,""pressure_kpa"":12.84,""pkt"":3496}",
2026-07-12T17:09:13,esp32,PR12P210,ok,1.014,12.86,3497,-59,9.50,"{""device"":""esp32"",""sensor"":""PR12P210"",""status"":""ok"",""voltage"":1.014,""pressure_kpa"":12.86,""pkt"":3497}",
2026-07-12T17:09:15,esp32,PR12P210,ok,1.01,12.76,3498,-58,9.75,"{""device"":""esp32"",""sensor"":""PR12P210"",""status"":""ok"",""voltage"":1.010,""pressure_kpa"":12.76,""pkt"":3498}",
2026-07-12T17:09:16,esp32,PR12P210,ok,1.013,12.82,3499,-59,9.75,"{""device"":""esp32"",""sensor"":""PR12P210"",""status"":""ok"",""voltage"":1.013,""pressure_kpa"":12.82,""pkt"":3499}",
2026-07-12T17:09:17,esp32,PR12P210,ok,1.02,13.0,3500,-59,9.75,"{""device"":""esp32"",""sensor"":""PR12P210"",""status"":""ok"",""voltage"":1.020,""pressure_kpa"":13.00,""pkt"":3500}",
2026-07-12T17:09:18,esp32,PR12P210,ok,1.013,12.83,3501,-59,9.75,"{""device"":""esp32"",""sensor"":""PR12P210"",""status"":""ok"",""voltage"":1.013,""pressure_kpa"":12.83,""pkt"":3501}",
2026-07-12T17:09:19,esp32,PR12P210,ok,1.012,12.81,3502,-58,9.25,"{""device"":""esp32"",""sensor"":""PR12P210"",""status"":""ok"",""voltage"":1.012,""pressure_kpa"":12.81,""pkt"":3502}",
2026-07-12T17:09:21,esp32,PR12P210,ok,1.014,12.84,3503,-61,9.50,"{""device"":""esp32"",""sensor"":""PR12P210"",""status"":""ok"",""voltage"":1.014,""pressure_kpa"":12.84,""pkt"":3503}",
2026-07-12T17:09:22,esp32,PR12P210,ok,1.01,12.76,3504,-58,9.50,"{""device"":""esp32"",""sensor"":""PR12P210"",""status"":""ok"",""voltage"":1.010,""pressure_kpa"":12.76,""pkt"":3504}",
2026-07-12T17:09:23,esp32,PR12P210,ok,1.006,12.64,3505,-58,9.75,"{""device"":""esp32"",""sensor"":""PR12P210"",""status"":""ok"",""voltage"":1.006,""pressure_kpa"":12.64,""pkt"":3505}",
2026-07-12T17:09:24,esp32,PR12P210,ok,1.01,12.76,3506,-60,10.00,"{""device"":""esp32"",""sensor"":""PR12P210"",""status"":""ok"",""voltage"":1.010,""pressure_kpa"":12.76,""pkt"":3506}",
2026-07-12T17:09:25,esp32,PR12P210,ok,1.012,12.81,3507,-59,9.75,"{""device"":""esp32"",""sensor"":""PR12P210"",""status"":""ok"",""voltage"":1.012,""pressure_kpa"":12.81,""pkt"":3507}",
2026-07-12T17:09:26,esp32,PR12P210,ok,1.006,12.66,3508,-58,9.00,"{""device"":""esp32"",""sensor"":""PR12P210"",""status"":""ok"",""voltage"":1.006,""pressure_kpa"":12.66,""pkt"":3508}",
2026-07-12T17:09:28,esp32,PR12P210,ok,1.013,12.83,3509,-59,10.00,"{""device"":""esp32"",""sensor"":""PR12P210"",""status"":""ok"",""voltage"":1.013,""pressure_kpa"":12.83,""pkt"":3509}",
2026-07-12T17:09:29,esp32,PR12P210,ok,1.014,12.86,3510,-60,10.50,"{""device"":""esp32"",""sensor"":""PR12P210"",""status"":""ok"",""voltage"":1.014,""pressure_kpa"":12.86,""pkt"":3510}",
2026-07-12T17:09:30,esp32,PR12P210,ok,1.006,12.64,3511,-59,9.50,"{""device"":""esp32"",""sensor"":""PR12P210"",""status"":""ok"",""voltage"":1.006,""pressure_kpa"":12.64,""pkt"":3511}",
2026-07-12T17:09:31,esp32,PR12P210,ok,0.996,12.4,3512,-59,9.75,"{""device"":""esp32"",""sensor"":""PR12P210"",""status"":""ok"",""voltage"":0.996,""pressure_kpa"":12.40,""pkt"":3512}",
2026-07-12T17:09:32,esp32,PR12P210,ok,0.994,12.34,3513,-61,10.00,"{""device"":""esp32"",""sensor"":""PR12P210"",""status"":""ok"",""voltage"":0.994,""pressure_kpa"":12.34,""pkt"":3513}",
2026-07-12T17:09:34,esp32,PR12P210,ok,0.984,12.1,3514,-58,9.75,"{""device"":""esp32"",""sensor"":""PR12P210"",""status"":""ok"",""voltage"":0.984,""pressure_kpa"":12.10,""pkt"":3514}",
2026-07-12T17:09:35,esp32,PR12P210,ok,0.983,12.08,3515,-59,9.75,"{""device"":""esp32"",""sensor"":""PR12P210"",""status"":""ok"",""voltage"":0.983,""pressure_kpa"":12.08,""pkt"":3515}",
2026-07-12T17:09:36,esp32,PR12P210,ok,0.987,12.17,3516,-61,9.50,"{""device"":""esp32"",""sensor"":""PR12P210"",""status"":""ok"",""voltage"":0.987,""pressure_kpa"":12.17,""pkt"":3516}",
2026-07-12T17:09:37,esp32,PR12P210,ok,1.0,12.5,3517,-59,10.00,"{""device"":""esp32"",""sensor"":""PR12P210"",""status"":""ok"",""voltage"":1.000,""pressure_kpa"":12.50,""pkt"":3517}",
2026-07-12T17:09:38,esp32,PR12P210,ok,1.003,12.56,3518,-58,9.75,"{""device"":""esp32"",""sensor"":""PR12P210"",""status"":""ok"",""voltage"":1.003,""pressure_kpa"":12.56,""pkt"":3518}",
2026-07-12T17:09:40,esp32,PR12P210,ok,1.016,12.9,3519,-60,9.75,"{""device"":""esp32"",""sensor"":""PR12P210"",""status"":""ok"",""voltage"":1.016,""pressure_kpa"":12.90,""pkt"":3519}",
2026-07-12T17:09:41,esp32,PR12P210,ok,1.011,12.78,3520,-59,9.75,"{""device"":""esp32"",""sensor"":""PR12P210"",""status"":""ok"",""voltage"":1.011,""pressure_kpa"":12.78,""pkt"":3520}",
2026-07-12T17:09:42,esp32,PR12P210,ok,1.002,12.55,3521,-59,9.50,"{""device"":""esp32"",""sensor"":""PR12P210"",""status"":""ok"",""voltage"":1.002,""pressure_kpa"":12.55,""pkt"":3521}",
2026-07-12T17:09:43,esp32,PR12P210,ok,0.99,12.25,3522,-59,9.50,"{""device"":""esp32"",""sensor"":""PR12P210"",""status"":""ok"",""voltage"":0.990,""pressure_kpa"":12.25,""pkt"":3522}",
2026-07-12T17:09:44,esp32,PR12P210,ok,0.989,12.22,3523,-59,10.00,"{""device"":""esp32"",""sensor"":""PR12P210"",""status"":""ok"",""voltage"":0.989,""pressure_kpa"":12.22,""pkt"":3523}",
2026-07-12T17:09:46,esp32,PR12P210,ok,0.992,12.31,3524,-59,9.00,"{""device"":""esp32"",""sensor"":""PR12P210"",""status"":""ok"",""voltage"":0.992,""pressure_kpa"":12.31,""pkt"":3524}",
2026-07-12T17:09:47,esp32,PR12P210,ok,1.009,12.72,3525,-60,9.25,"{""device"":""esp32"",""sensor"":""PR12P210"",""status"":""ok"",""voltage"":1.009,""pressure_kpa"":12.72,""pkt"":3525}",
2026-07-12T17:09:48,esp32,PR12P210,ok,1.011,12.76,3526,-59,10.00,"{""device"":""esp32"",""sensor"":""PR12P210"",""status"":""ok"",""voltage"":1.011,""pressure_kpa"":12.76,""pkt"":3526}",
2026-07-12T17:09:49,esp32,PR12P210,ok,0.992,12.29,3527,-58,9.50,"{""device"":""esp32"",""sensor"":""PR12P210"",""status"":""ok"",""voltage"":0.992,""pressure_kpa"":12.29,""pkt"":3527}",
2026-07-12T17:09:50,esp32,PR12P210,ok,0.978,11.96,3528,-59,9.00,"{""device"":""esp32"",""sensor"":""PR12P210"",""status"":""ok"",""voltage"":0.978,""pressure_kpa"":11.96,""pkt"":3528}",
2026-07-12T17:09:52,esp32,PR12P210,ok,1.011,12.77,3529,-59,9.75,"{""device"":""esp32"",""sensor"":""PR12P210"",""status"":""ok"",""voltage"":1.011,""pressure_kpa"":12.77,""pkt"":3529}",
2026-07-12T17:09:53,esp32,PR12P210,ok,0.996,12.41,3530,-58,10.25,"{""device"":""esp32"",""sensor"":""PR12P210"",""status"":""ok"",""voltage"":0.996,""pressure_kpa"":12.41,""pkt"":3530}",
2026-07-12T17:09:54,esp32,PR12P210,ok,0.974,11.86,3531,-60,8.75,"{""device"":""esp32"",""sensor"":""PR12P210"",""status"":""ok"",""voltage"":0.974,""pressure_kpa"":11.86,""pkt"":3531}",
2026-07-12T17:13:24,esp32,PR12P210,ok,1.005,12.61,3707,-58,9.25,"{""device"":""esp32"",""sensor"":""PR12P210"",""status"":""ok"",""voltage"":1.005,""pressure_kpa"":12.61,""pkt"":3707}",
2026-07-12T17:13:25,esp32,PR12P210,ok,0.985,12.13,3708,-58,9.75,"{""device"":""esp32"",""sensor"":""PR12P210"",""status"":""ok"",""voltage"":0.985,""pressure_kpa"":12.13,""pkt"":3708}",
2026-07-12T17:13:26,esp32,PR12P210,ok,1.009,12.73,3709,-60,9.75,"{""device"":""esp32"",""sensor"":""PR12P210"",""status"":""ok"",""voltage"":1.009,""pressure_kpa"":12.73,""pkt"":3709}",
2026-07-12T17:13:27,esp32,PR12P210,ok,0.978,11.95,3710,-58,10.00,"{""device"":""esp32"",""sensor"":""PR12P210"",""status"":""ok"",""voltage"":0.978,""pressure_kpa"":11.95,""pkt"":3710}",
2026-07-12T17:13:28,esp32,PR12P210,ok,0.999,12.48,3711,-58,9.50,"{""device"":""esp32"",""sensor"":""PR12P210"",""status"":""ok"",""voltage"":0.999,""pressure_kpa"":12.48,""pkt"":3711}",
2026-07-12T17:13:30,esp32,PR12P210,ok,1.004,12.6,3712,-60,9.00,"{""device"":""esp32"",""sensor"":""PR12P210"",""status"":""ok"",""voltage"":1.004,""pressure_kpa"":12.60,""pkt"":3712}",
2026-07-12T17:13:31,esp32,PR12P210,ok,0.981,12.03,3713,-58,10.25,"{""device"":""esp32"",""sensor"":""PR12P210"",""status"":""ok"",""voltage"":0.981,""pressure_kpa"":12.03,""pkt"":3713}",
2026-07-12T17:13:32,esp32,PR12P210,ok,1.005,12.62,3714,-59,9.00,"{""device"":""esp32"",""sensor"":""PR12P210"",""status"":""ok"",""voltage"":1.005,""pressure_kpa"":12.62,""pkt"":3714}",
2026-07-12T17:13:33,esp32,PR12P210,ok,0.991,12.27,3715,-60,10.00,"{""device"":""esp32"",""sensor"":""PR12P210"",""status"":""ok"",""voltage"":0.991,""pressure_kpa"":12.27,""pkt"":3715}",
2026-07-12T17:13:34,esp32,PR12P210,ok,0.986,12.15,3716,-58,10.25,"{""device"":""esp32"",""sensor"":""PR12P210"",""status"":""ok"",""voltage"":0.986,""pressure_kpa"":12.15,""pkt"":3716}",
2026-07-12T17:13:36,esp32,PR12P210,ok,1.01,12.74,3717,-60,9.00,"{""device"":""esp32"",""sensor"":""PR12P210"",""status"":""ok"",""voltage"":1.010,""pressure_kpa"":12.74,""pkt"":3717}",
2026-07-12T17:13:37,esp32,PR12P210,ok,0.979,11.98,3718,-59,9.00,"{""device"":""esp32"",""sensor"":""PR12P210"",""status"":""ok"",""voltage"":0.979,""pressure_kpa"":11.98,""pkt"":3718}",
2026-07-12T17:13:38,esp32,PR12P210,ok,0.991,12.28,3719,-59,9.50,"{""device"":""esp32"",""sensor"":""PR12P210"",""status"":""ok"",""voltage"":0.991,""pressure_kpa"":12.28,""pkt"":3719}",
2026-07-12T17:13:39,esp32,PR12P210,ok,1.007,12.67,3720,-60,9.75,"{""device"":""esp32"",""sensor"":""PR12P210"",""status"":""ok"",""voltage"":1.007,""pressure_kpa"":12.67,""pkt"":3720}",
2026-07-12T17:13:40,esp32,PR12P210,ok,0.983,12.07,3721,-58,9.75,"{""device"":""esp32"",""sensor"":""PR12P210"",""status"":""ok"",""voltage"":0.983,""pressure_kpa"":12.07,""pkt"":3721}",
2026-07-12T17:13:42,esp32,PR12P210,ok,1.008,12.71,3722,-59,9.25,"{""device"":""esp32"",""sensor"":""PR12P210"",""status"":""ok"",""voltage"":1.008,""pressure_kpa"":12.71,""pkt"":3722}",
2026-07-12T17:13:43,esp32,PR12P210,ok,0.983,12.09,3723,-61,9.25,"{""device"":""esp32"",""sensor"":""PR12P210"",""status"":""ok"",""voltage"":0.983,""pressure_kpa"":12.09,""pkt"":3723}",
2026-07-12T17:13:44,esp32,PR12P210,ok,0.994,12.35,3724,-58,9.75,"{""device"":""esp32"",""sensor"":""PR12P210"",""status"":""ok"",""voltage"":0.994,""pressure_kpa"":12.35,""pkt"":3724}",
2026-07-12T17:13:45,esp32,PR12P210,ok,1.003,12.57,3725,-59,9.50,"{""device"":""esp32"",""sensor"":""PR12P210"",""status"":""ok"",""voltage"":1.003,""pressure_kpa"":12.57,""pkt"":3725}",
2026-07-12T17:13:46,esp32,PR12P210,ok,0.988,12.2,3726,-60,10.25,"{""device"":""esp32"",""sensor"":""PR12P210"",""status"":""ok"",""voltage"":0.988,""pressure_kpa"":12.20,""pkt"":3726}",
2026-07-12T17:13:48,esp32,PR12P210,ok,1.008,12.7,3727,-58,9.50,"{""device"":""esp32"",""sensor"":""PR12P210"",""status"":""ok"",""voltage"":1.008,""pressure_kpa"":12.70,""pkt"":3727}",
2026-07-12T17:13:49,esp32,PR12P210,ok,0.986,12.16,3728,-60,9.25,"{""device"":""esp32"",""sensor"":""PR12P210"",""status"":""ok"",""voltage"":0.986,""pressure_kpa"":12.16,""pkt"":3728}",
2026-07-12T17:13:50,esp32,PR12P210,ok,1.009,12.72,3729,-59,10.00,"{""device"":""esp32"",""sensor"":""PR12P210"",""status"":""ok"",""voltage"":1.009,""pressure_kpa"":12.72,""pkt"":3729}",
2026-07-12T17:13:51,esp32,PR12P210,ok,0.98,12.01,3730,-59,9.75,"{""device"":""esp32"",""sensor"":""PR12P210"",""status"":""ok"",""voltage"":0.980,""pressure_kpa"":12.01,""pkt"":3730}",
2026-07-12T17:13:52,esp32,PR12P210,ok,1.006,12.66,3731,-59,9.25,"{""device"":""esp32"",""sensor"":""PR12P210"",""status"":""ok"",""voltage"":1.006,""pressure_kpa"":12.66,""pkt"":3731}",
2026-07-12T17:13:54,esp32,PR12P210,ok,0.992,12.31,3732,-59,9.25,"{""device"":""esp32"",""sensor"":""PR12P210"",""status"":""ok"",""voltage"":0.992,""pressure_kpa"":12.31,""pkt"":3732}",
2026-07-12T17:13:55,esp32,PR12P210,ok,1.002,12.55,3733,-58,10.25,"{""device"":""esp32"",""sensor"":""PR12P210"",""status"":""ok"",""voltage"":1.002,""pressure_kpa"":12.55,""pkt"":3733}",
2026-07-12T17:13:56,esp32,PR12P210,ok,0.989,12.21,3734,-59,9.25,"{""device"":""esp32"",""sensor"":""PR12P210"",""status"":""ok"",""voltage"":0.989,""pressure_kpa"":12.21,""pkt"":3734}",
2026-07-12T17:13:57,esp32,PR12P210,ok,1.008,12.69,3735,-59,9.75,"{""device"":""esp32"",""sensor"":""PR12P210"",""status"":""ok"",""voltage"":1.008,""pressure_kpa"":12.69,""pkt"":3735}",
2026-07-12T17:13:58,esp32,PR12P210,ok,0.983,12.07,3736,-58,9.50,"{""device"":""esp32"",""sensor"":""PR12P210"",""status"":""ok"",""voltage"":0.983,""pressure_kpa"":12.07,""pkt"":3736}",
2026-07-12T17:13:59,esp32,PR12P210,ok,1.01,12.76,3737,-61,9.50,"{""device"":""esp32"",""sensor"":""PR12P210"",""status"":""ok"",""voltage"":1.010,""pressure_kpa"":12.76,""pkt"":3737}",
2026-07-12T17:14:01,esp32,PR12P210,ok,0.987,12.19,3738,-57,9.50,"{""device"":""esp32"",""sensor"":""PR12P210"",""status"":""ok"",""voltage"":0.987,""pressure_kpa"":12.19,""pkt"":3738}",
2026-07-12T17:14:02,esp32,PR12P210,ok,0.992,12.3,3739,-58,9.50,"{""device"":""esp32"",""sensor"":""PR12P210"",""status"":""ok"",""voltage"":0.992,""pressure_kpa"":12.30,""pkt"":3739}",
2026-07-12T17:14:03,esp32,PR12P210,ok,1.006,12.64,3740,-61,9.75,"{""device"":""esp32"",""sensor"":""PR12P210"",""status"":""ok"",""voltage"":1.006,""pressure_kpa"":12.64,""pkt"":3740}",
2026-07-12T17:14:04,esp32,PR12P210,ok,0.987,12.17,3741,-58,9.75,"{""device"":""esp32"",""sensor"":""PR12P210"",""status"":""ok"",""voltage"":0.987,""pressure_kpa"":12.17,""pkt"":3741}",
2026-07-12T17:14:05,esp32,PR12P210,ok,0.988,12.19,3742,-59,9.50,"{""device"":""esp32"",""sensor"":""PR12P210"",""status"":""ok"",""voltage"":0.988,""pressure_kpa"":12.19,""pkt"":3742}",
2026-07-12T17:14:07,esp32,PR12P210,ok,1.005,12.62,3743,-59,9.75,"{""device"":""esp32"",""sensor"":""PR12P210"",""status"":""ok"",""voltage"":1.005,""pressure_kpa"":12.62,""pkt"":3743}",
2026-07-12T17:14:08,esp32,PR12P210,ok,1.003,12.58,3744,-59,9.50,"{""device"":""esp32"",""sensor"":""PR12P210"",""status"":""ok"",""voltage"":1.003,""pressure_kpa"":12.58,""pkt"":3744}",
2026-07-12T17:14:09,esp32,PR12P210,ok,0.98,11.99,3745,-60,9.00,"{""device"":""esp32"",""sensor"":""PR12P210"",""status"":""ok"",""voltage"":0.980,""pressure_kpa"":11.99,""pkt"":3745}",
2026-07-12T17:14:10,esp32,PR12P210,ok,0.983,12.08,3746,-58,9.75,"{""device"":""esp32"",""sensor"":""PR12P210"",""status"":""ok"",""voltage"":0.983,""pressure_kpa"":12.08,""pkt"":3746}",
2026-07-12T17:14:11,esp32,PR12P210,ok,1.003,12.59,3747,-59,9.00,"{""device"":""esp32"",""sensor"":""PR12P210"",""status"":""ok"",""voltage"":1.003,""pressure_kpa"":12.59,""pkt"":3747}",
2026-07-12T17:14:13,esp32,PR12P210,ok,1.002,12.55,3748,-61,9.00,"{""device"":""esp32"",""sensor"":""PR12P210"",""status"":""ok"",""voltage"":1.002,""pressure_kpa"":12.55,""pkt"":3748}",
2026-07-12T17:14:14,esp32,PR12P210,ok,0.98,12.0,3749,-59,9.75,"{""device"":""esp32"",""sensor"":""PR12P210"",""status"":""ok"",""voltage"":0.980,""pressure_kpa"":12.00,""pkt"":3749}",
2026-07-12T17:14:15,esp32,PR12P210,ok,0.987,12.18,3750,-60,9.00,"{""device"":""esp32"",""sensor"":""PR12P210"",""status"":""ok"",""voltage"":0.987,""pressure_kpa"":12.18,""pkt"":3750}",
2026-07-12T17:14:16,esp32,PR12P210,ok,0.996,12.41,3751,-59,9.00,"{""device"":""esp32"",""sensor"":""PR12P210"",""status"":""ok"",""voltage"":0.996,""pressure_kpa"":12.41,""pkt"":3751}",
2026-07-12T17:14:17,esp32,PR12P210,ok,1.002,12.56,3752,-59,9.50,"{""device"":""esp32"",""sensor"":""PR12P210"",""status"":""ok"",""voltage"":1.002,""pressure_kpa"":12.56,""pkt"":3752}",
2026-07-12T17:14:20,esp32,PR12P210,ok,0.974,11.85,3754,-58,9.50,"{""device"":""esp32"",""sensor"":""PR12P210"",""status"":""ok"",""voltage"":0.974,""pressure_kpa"":11.85,""pkt"":3754}",
2026-07-12T17:14:21,esp32,PR12P210,ok,0.984,12.1,3755,-59,9.75,"{""device"":""esp32"",""sensor"":""PR12P210"",""status"":""ok"",""voltage"":0.984,""pressure_kpa"":12.10,""pkt"":3755}",
2026-07-12T17:14:22,esp32,PR12P210,ok,1.0,12.51,3756,-61,9.25,"{""device"":""esp32"",""sensor"":""PR12P210"",""status"":""ok"",""voltage"":1.000,""pressure_kpa"":12.51,""pkt"":3756}",
2026-07-12T17:14:23,esp32,PR12P210,ok,1.002,12.55,3757,-59,9.50,"{""device"":""esp32"",""sensor"":""PR12P210"",""status"":""ok"",""voltage"":1.002,""pressure_kpa"":12.55,""pkt"":3757}",
2026-07-12T17:14:25,esp32,PR12P210,ok,0.979,11.98,3758,-58,9.00,"{""device"":""esp32"",""sensor"":""PR12P210"",""status"":""ok"",""voltage"":0.979,""pressure_kpa"":11.98,""pkt"":3758}",
2026-07-12T17:14:26,esp32,PR12P210,ok,0.986,12.14,3759,-59,9.75,"{""device"":""esp32"",""sensor"":""PR12P210"",""status"":""ok"",""voltage"":0.986,""pressure_kpa"":12.14,""pkt"":3759}",
2026-07-12T17:14:27,esp32,PR12P210,ok,1.002,12.56,3760,-60,9.25,"{""device"":""esp32"",""sensor"":""PR12P210"",""status"":""ok"",""voltage"":1.002,""pressure_kpa"":12.56,""pkt"":3760}",
2026-07-12T17:14:28,esp32,PR12P210,ok,0.977,11.93,3761,-60,9.50,"{""device"":""esp32"",""sensor"":""PR12P210"",""status"":""ok"",""voltage"":0.977,""pressure_kpa"":11.93,""pkt"":3761}",
2026-07-12T17:14:29,esp32,PR12P210,ok,0.998,12.44,3762,-58,9.50,"{""device"":""esp32"",""sensor"":""PR12P210"",""status"":""ok"",""voltage"":0.998,""pressure_kpa"":12.44,""pkt"":3762}",
2026-07-12T17:14:30,esp32,PR12P210,ok,0.995,12.37,3763,-59,9.25,"{""device"":""esp32"",""sensor"":""PR12P210"",""status"":""ok"",""voltage"":0.995,""pressure_kpa"":12.37,""pkt"":3763}",
2026-07-12T17:14:32,esp32,PR12P210,ok,0.992,12.31,3764,-60,9.50,"{""device"":""esp32"",""sensor"":""PR12P210"",""status"":""ok"",""voltage"":0.992,""pressure_kpa"":12.31,""pkt"":3764}",
2026-07-12T17:14:33,esp32,PR12P210,ok,1.004,12.59,3765,-59,9.75,"{""device"":""esp32"",""sensor"":""PR12P210"",""status"":""ok"",""voltage"":1.004,""pressure_kpa"":12.59,""pkt"":3765}",
2026-07-12T17:14:34,esp32,PR12P210,ok,0.98,11.99,3766,-59,9.50,"{""device"":""esp32"",""sensor"":""PR12P210"",""status"":""ok"",""voltage"":0.980,""pressure_kpa"":11.99,""pkt"":3766}",
2026-07-12T17:14:35,esp32,PR12P210,ok,1.008,12.7,3767,-61,8.75,"{""device"":""esp32"",""sensor"":""PR12P210"",""status"":""ok"",""voltage"":1.008,""pressure_kpa"":12.70,""pkt"":3767}",
2026-07-12T17:14:36,esp32,PR12P210,ok,0.983,12.06,3768,-58,9.75,"{""device"":""esp32"",""sensor"":""PR12P210"",""status"":""ok"",""voltage"":0.983,""pressure_kpa"":12.06,""pkt"":3768}",
2026-07-12T17:14:38,esp32,PR12P210,ok,0.992,12.29,3769,-59,9.75,"{""device"":""esp32"",""sensor"":""PR12P210"",""status"":""ok"",""voltage"":0.992,""pressure_kpa"":12.29,""pkt"":3769}",
2026-07-12T17:14:39,esp32,PR12P210,ok,1.009,12.73,3770,-59,10.00,"{""device"":""esp32"",""sensor"":""PR12P210"",""status"":""ok"",""voltage"":1.009,""pressure_kpa"":12.73,""pkt"":3770}",
2026-07-12T17:14:40,esp32,PR12P210,ok,0.967,11.69,3771,-58,10.00,"{""device"":""esp32"",""sensor"":""PR12P210"",""status"":""ok"",""voltage"":0.967,""pressure_kpa"":11.69,""pkt"":3771}",
2026-07-12T17:14:41,esp32,PR12P210,ok,0.992,12.31,3772,-58,9.50,"{""device"":""esp32"",""sensor"":""PR12P210"",""status"":""ok"",""voltage"":0.992,""pressure_kpa"":12.31,""pkt"":3772}",
2026-07-12T17:14:42,esp32,PR12P210,ok,1.008,12.7,3773,-58,10.25,"{""device"":""esp32"",""sensor"":""PR12P210"",""status"":""ok"",""voltage"":1.008,""pressure_kpa"":12.70,""pkt"":3773}",
2026-07-12T17:14:44,esp32,PR12P210,ok,0.981,12.03,3774,-59,9.25,"{""device"":""esp32"",""sensor"":""PR12P210"",""status"":""ok"",""voltage"":0.981,""pressure_kpa"":12.03,""pkt"":3774}",
2026-07-12T17:14:45,esp32,PR12P210,ok,0.989,12.22,3775,-61,9.75,"{""device"":""esp32"",""sensor"":""PR12P210"",""status"":""ok"",""voltage"":0.989,""pressure_kpa"":12.22,""pkt"":3775}",
2026-07-12T17:14:46,esp32,PR12P210,ok,1.007,12.68,3776,-58,10.25,"{""device"":""esp32"",""sensor"":""PR12P210"",""status"":""ok"",""voltage"":1.007,""pressure_kpa"":12.68,""pkt"":3776}",
2026-07-12T17:14:47,esp32,PR12P210,ok,0.99,12.24,3777,-59,9.25,"{""device"":""esp32"",""sensor"":""PR12P210"",""status"":""ok"",""voltage"":0.990,""pressure_kpa"":12.24,""pkt"":3777}",
2026-07-12T17:14:48,esp32,PR12P210,ok,0.986,12.16,3778,-61,10.00,"{""device"":""esp32"",""sensor"":""PR12P210"",""status"":""ok"",""voltage"":0.986,""pressure_kpa"":12.16,""pkt"":3778}",
2026-07-12T17:14:50,esp32,PR12P210,ok,1.005,12.62,3779,-58,9.50,"{""device"":""esp32"",""sensor"":""PR12P210"",""status"":""ok"",""voltage"":1.005,""pressure_kpa"":12.62,""pkt"":3779}",
2026-07-12T17:14:51,esp32,PR12P210,ok,0.992,12.3,3780,-59,9.50,"{""device"":""esp32"",""sensor"":""PR12P210"",""status"":""ok"",""voltage"":0.992,""pressure_kpa"":12.30,""pkt"":3780}",
2026-07-12T17:14:52,esp32,PR12P210,ok,0.989,12.23,3781,-59,9.25,"{""device"":""esp32"",""sensor"":""PR12P210"",""status"":""ok"",""voltage"":0.989,""pressure_kpa"":12.23,""pkt"":3781}",
2026-07-12T17:14:53,esp32,PR12P210,ok,1.004,12.61,3782,-59,9.50,"{""device"":""esp32"",""sensor"":""PR12P210"",""status"":""ok"",""voltage"":1.004,""pressure_kpa"":12.61,""pkt"":3782}",
2026-07-12T17:14:54,esp32,PR12P210,ok,0.996,12.41,3783,-61,9.50,"{""device"":""esp32"",""sensor"":""PR12P210"",""status"":""ok"",""voltage"":0.996,""pressure_kpa"":12.41,""pkt"":3783}",
2026-07-12T17:14:55,esp32,PR12P210,ok,0.981,12.02,3784,-59,9.50,"{""device"":""esp32"",""sensor"":""PR12P210"",""status"":""ok"",""voltage"":0.981,""pressure_kpa"":12.02,""pkt"":3784}",
2026-07-12T17:14:57,esp32,PR12P210,ok,1.006,12.64,3785,-59,9.50,"{""device"":""esp32"",""sensor"":""PR12P210"",""status"":""ok"",""voltage"":1.006,""pressure_kpa"":12.64,""pkt"":3785}",
2026-07-12T17:14:58,esp32,PR12P210,ok,0.998,12.45,3786,-61,9.25,"{""device"":""esp32"",""sensor"":""PR12P210"",""status"":""ok"",""voltage"":0.998,""pressure_kpa"":12.45,""pkt"":3786}",
2026-07-12T17:14:59,esp32,PR12P210,ok,0.983,12.08,3787,-59,10.00,"{""device"":""esp32"",""sensor"":""PR12P210"",""status"":""ok"",""voltage"":0.983,""pressure_kpa"":12.08,""pkt"":3787}",
2026-07-12T17:15:00,esp32,PR12P210,ok,1.002,12.54,3788,-58,9.25,"{""device"":""esp32"",""sensor"":""PR12P210"",""status"":""ok"",""voltage"":1.002,""pressure_kpa"":12.54,""pkt"":3788}",
2026-07-12T17:17:01,esp32,PR12P210,ok,1.008,12.71,3889,-60,11.50,"{""device"":""esp32"",""sensor"":""PR12P210"",""status"":""ok"",""voltage"":1.008,""pressure_kpa"":12.71,""pkt"":3889}",
2026-07-12T17:17:02,esp32,PR12P210,ok,1.013,12.82,3890,-59,10.00,"{""device"":""esp32"",""sensor"":""PR12P210"",""status"":""ok"",""voltage"":1.013,""pressure_kpa"":12.82,""pkt"":3890}",
2026-07-12T17:17:03,esp32,PR12P210,ok,1.008,12.7,3891,-58,9.50,"{""device"":""esp32"",""sensor"":""PR12P210"",""status"":""ok"",""voltage"":1.008,""pressure_kpa"":12.70,""pkt"":3891}",
2026-07-12T17:17:04,esp32,PR12P210,ok,1.012,12.8,3892,-59,9.25,"{""device"":""esp32"",""sensor"":""PR12P210"",""status"":""ok"",""voltage"":1.012,""pressure_kpa"":12.80,""pkt"":3892}",
2026-07-12T17:17:05,esp32,PR12P210,ok,1.014,12.86,3893,-59,9.75,"{""device"":""esp32"",""sensor"":""PR12P210"",""status"":""ok"",""voltage"":1.014,""pressure_kpa"":12.86,""pkt"":3893}",
2026-07-12T17:17:07,esp32,PR12P210,ok,1.008,12.7,3894,-59,9.25,"{""device"":""esp32"",""sensor"":""PR12P210"",""status"":""ok"",""voltage"":1.008,""pressure_kpa"":12.70,""pkt"":3894}",
2026-07-12T17:17:08,esp32,PR12P210,ok,1.003,12.59,3895,-59,10.00,"{""device"":""esp32"",""sensor"":""PR12P210"",""status"":""ok"",""voltage"":1.003,""pressure_kpa"":12.59,""pkt"":3895}",
2026-07-12T17:17:09,esp32,PR12P210,ok,1.007,12.68,3896,-61,9.25,"{""device"":""esp32"",""sensor"":""PR12P210"",""status"":""ok"",""voltage"":1.007,""pressure_kpa"":12.68,""pkt"":3896}",
2026-07-12T17:17:10,esp32,PR12P210,ok,1.002,12.54,3897,-58,9.75,"{""device"":""esp32"",""sensor"":""PR12P210"",""status"":""ok"",""voltage"":1.002,""pressure_kpa"":12.54,""pkt"":3897}",
2026-07-12T17:17:11,esp32,PR12P210,ok,0.992,12.31,3898,-58,9.75,"{""device"":""esp32"",""sensor"":""PR12P210"",""status"":""ok"",""voltage"":0.992,""pressure_kpa"":12.31,""pkt"":3898}",
2026-07-12T17:17:13,esp32,PR12P210,ok,0.993,12.32,3899,-60,9.50,"{""device"":""esp32"",""sensor"":""PR12P210"",""status"":""ok"",""voltage"":0.993,""pressure_kpa"":12.32,""pkt"":3899}",
2026-07-12T17:17:14,esp32,PR12P210,ok,0.99,12.25,3900,-59,11.00,"{""device"":""esp32"",""sensor"":""PR12P210"",""status"":""ok"",""voltage"":0.990,""pressure_kpa"":12.25,""pkt"":3900}",
2026-07-12T17:17:15,esp32,PR12P210,ok,0.976,11.9,3901,-59,9.50,"{""device"":""esp32"",""sensor"":""PR12P210"",""status"":""ok"",""voltage"":0.976,""pressure_kpa"":11.90,""pkt"":3901}",
2026-07-12T17:17:16,esp32,PR12P210,ok,0.983,12.07,3902,-59,9.50,"{""device"":""esp32"",""sensor"":""PR12P210"",""status"":""ok"",""voltage"":0.983,""pressure_kpa"":12.07,""pkt"":3902}",
2026-07-12T17:17:17,esp32,PR12P210,ok,0.989,12.22,3903,-59,10.00,"{""device"":""esp32"",""sensor"":""PR12P210"",""status"":""ok"",""voltage"":0.989,""pressure_kpa"":12.22,""pkt"":3903}",
2026-07-12T17:17:19,esp32,PR12P210,ok,0.979,11.98,3904,-59,10.00,"{""device"":""esp32"",""sensor"":""PR12P210"",""status"":""ok"",""voltage"":0.979,""pressure_kpa"":11.98,""pkt"":3904}",
2026-07-12T17:17:20,esp32,PR12P210,ok,0.98,12.0,3905,-59,9.75,"{""device"":""esp32"",""sensor"":""PR12P210"",""status"":""ok"",""voltage"":0.980,""pressure_kpa"":12.00,""pkt"":3905}",
2026-07-12T17:17:21,esp32,PR12P210,ok,0.988,12.19,3906,-61,9.50,"{""device"":""esp32"",""sensor"":""PR12P210"",""status"":""ok"",""voltage"":0.988,""pressure_kpa"":12.19,""pkt"":3906}",
2026-07-12T17:17:22,esp32,PR12P210,ok,0.982,12.04,3907,-59,9.75,"{""device"":""esp32"",""sensor"":""PR12P210"",""status"":""ok"",""voltage"":0.982,""pressure_kpa"":12.04,""pkt"":3907}",
2026-07-12T17:17:23,esp32,PR12P210,ok,0.978,11.94,3908,-59,9.50,"{""device"":""esp32"",""sensor"":""PR12P210"",""status"":""ok"",""voltage"":0.978,""pressure_kpa"":11.94,""pkt"":3908}",
2026-07-12T17:17:25,esp32,PR12P210,ok,0.985,12.12,3909,-60,9.50,"{""device"":""esp32"",""sensor"":""PR12P210"",""status"":""ok"",""voltage"":0.985,""pressure_kpa"":12.12,""pkt"":3909}",
2026-07-12T17:17:26,esp32,PR12P210,ok,0.986,12.16,3910,-59,10.00,"{""device"":""esp32"",""sensor"":""PR12P210"",""status"":""ok"",""voltage"":0.986,""pressure_kpa"":12.16,""pkt"":3910}",
2026-07-12T17:17:27,esp32,PR12P210,ok,0.981,12.03,3911,-59,10.75,"{""device"":""esp32"",""sensor"":""PR12P210"",""status"":""ok"",""voltage"":0.981,""pressure_kpa"":12.03,""pkt"":3911}",
2026-07-12T17:17:28,esp32,PR12P210,ok,0.984,12.1,3912,-59,9.25,"{""device"":""esp32"",""sensor"":""PR12P210"",""status"":""ok"",""voltage"":0.984,""pressure_kpa"":12.10,""pkt"":3912}",
2026-07-12T17:17:29,esp32,PR12P210,ok,0.991,12.28,3913,-60,10.00,"{""device"":""esp32"",""sensor"":""PR12P210"",""status"":""ok"",""voltage"":0.991,""pressure_kpa"":12.28,""pkt"":3913}",
2026-07-12T17:17:30,esp32,PR12P210,ok,0.988,12.19,3914,-58,9.50,"{""device"":""esp32"",""sensor"":""PR12P210"",""status"":""ok"",""voltage"":0.988,""pressure_kpa"":12.19,""pkt"":3914}",
2026-07-12T17:17:32,esp32,PR12P210,ok,0.986,12.15,3915,-59,9.50,"{""device"":""esp32"",""sensor"":""PR12P210"",""status"":""ok"",""voltage"":0.986,""pressure_kpa"":12.15,""pkt"":3915}",
2026-07-12T17:17:33,esp32,PR12P210,ok,0.995,12.38,3916,-61,9.75,"{""device"":""esp32"",""sensor"":""PR12P210"",""status"":""ok"",""voltage"":0.995,""pressure_kpa"":12.38,""pkt"":3916}",
2026-07-12T17:17:34,esp32,PR12P210,ok,0.992,12.31,3917,-58,10.00,"{""device"":""esp32"",""sensor"":""PR12P210"",""status"":""ok"",""voltage"":0.992,""pressure_kpa"":12.31,""pkt"":3917}",
2026-07-12T17:17:35,esp32,PR12P210,ok,0.988,12.2,3918,-59,9.75,"{""device"":""esp32"",""sensor"":""PR12P210"",""status"":""ok"",""voltage"":0.988,""pressure_kpa"":12.20,""pkt"":3918}",
2026-07-12T17:17:36,esp32,PR12P210,ok,1.003,12.58,3919,-60,9.75,"{""device"":""esp32"",""sensor"":""PR12P210"",""status"":""ok"",""voltage"":1.003,""pressure_kpa"":12.58,""pkt"":3919}",
2026-07-12T17:17:38,esp32,PR12P210,ok,1.01,12.74,3920,-59,9.75,"{""device"":""esp32"",""sensor"":""PR12P210"",""status"":""ok"",""voltage"":1.010,""pressure_kpa"":12.74,""pkt"":3920}",
2026-07-12T17:17:39,esp32,PR12P210,ok,1.011,12.77,3921,-58,9.50,"{""device"":""esp32"",""sensor"":""PR12P210"",""status"":""ok"",""voltage"":1.011,""pressure_kpa"":12.77,""pkt"":3921}",
2026-07-12T17:17:40,esp32,PR12P210,ok,1.012,12.79,3922,-59,10.00,"{""device"":""esp32"",""sensor"":""PR12P210"",""status"":""ok"",""voltage"":1.012,""pressure_kpa"":12.79,""pkt"":3922}",
2026-07-12T17:17:41,esp32,PR12P210,ok,1.012,12.8,3923,-60,10.00,"{""device"":""esp32"",""sensor"":""PR12P210"",""status"":""ok"",""voltage"":1.012,""pressure_kpa"":12.80,""pkt"":3923}",
2026-07-12T17:17:42,esp32,PR12P210,ok,1.005,12.61,3924,-59,9.50,"{""device"":""esp32"",""sensor"":""PR12P210"",""status"":""ok"",""voltage"":1.005,""pressure_kpa"":12.61,""pkt"":3924}",
2026-07-12T17:17:44,esp32,PR12P210,ok,0.979,11.98,3925,-59,10.00,"{""device"":""esp32"",""sensor"":""PR12P210"",""status"":""ok"",""voltage"":0.979,""pressure_kpa"":11.98,""pkt"":3925}",
2026-07-12T17:17:45,esp32,PR12P210,ok,0.996,12.39,3926,-60,10.00,"{""device"":""esp32"",""sensor"":""PR12P210"",""status"":""ok"",""voltage"":0.996,""pressure_kpa"":12.39,""pkt"":3926}",
2026-07-12T17:17:46,esp32,PR12P210,ok,1.0,12.51,3927,-60,9.50,"{""device"":""esp32"",""sensor"":""PR12P210"",""status"":""ok"",""voltage"":1.000,""pressure_kpa"":12.51,""pkt"":3927}",
2026-07-12T17:17:47,esp32,PR12P210,ok,1.007,12.67,3928,-59,9.50,"{""device"":""esp32"",""sensor"":""PR12P210"",""status"":""ok"",""voltage"":1.007,""pressure_kpa"":12.67,""pkt"":3928}",
2026-07-12T17:17:48,esp32,PR12P210,ok,1.012,12.79,3929,-58,9.50,"{""device"":""esp32"",""sensor"":""PR12P210"",""status"":""ok"",""voltage"":1.012,""pressure_kpa"":12.79,""pkt"":3929}",
2026-07-12T17:17:50,esp32,PR12P210,ok,1.005,12.62,3930,-61,9.50,"{""device"":""esp32"",""sensor"":""PR12P210"",""status"":""ok"",""voltage"":1.005,""pressure_kpa"":12.62,""pkt"":3930}",
2026-07-12T17:17:51,esp32,PR12P210,ok,0.986,12.15,3931,-58,9.50,"{""device"":""esp32"",""sensor"":""PR12P210"",""status"":""ok"",""voltage"":0.986,""pressure_kpa"":12.15,""pkt"":3931}",
2026-07-12T17:17:52,esp32,PR12P210,ok,0.991,12.29,3932,-58,9.75,"{""device"":""esp32"",""sensor"":""PR12P210"",""status"":""ok"",""voltage"":0.991,""pressure_kpa"":12.29,""pkt"":3932}",
2026-07-12T17:17:53,esp32,PR12P210,ok,1.003,12.58,3933,-59,9.75,"{""device"":""esp32"",""sensor"":""PR12P210"",""status"":""ok"",""voltage"":1.003,""pressure_kpa"":12.58,""pkt"":3933}",
2026-07-12T17:17:54,esp32,PR12P210,ok,1.017,12.92,3934,-59,9.50,"{""device"":""esp32"",""sensor"":""PR12P210"",""status"":""ok"",""voltage"":1.017,""pressure_kpa"":12.92,""pkt"":3934}",
2026-07-12T17:17:55,esp32,PR12P210,ok,1.014,12.86,3935,-58,9.75,"{""device"":""esp32"",""sensor"":""PR12P210"",""status"":""ok"",""voltage"":1.014,""pressure_kpa"":12.86,""pkt"":3935}",
2026-07-12T17:17:57,esp32,PR12P210,ok,1.005,12.62,3936,-58,9.75,"{""device"":""esp32"",""sensor"":""PR12P210"",""status"":""ok"",""voltage"":1.005,""pressure_kpa"":12.62,""pkt"":3936}",
2026-07-12T17:17:58,esp32,PR12P210,ok,1.0,12.49,3937,-61,9.25,"{""device"":""esp32"",""sensor"":""PR12P210"",""status"":""ok"",""voltage"":1.000,""pressure_kpa"":12.49,""pkt"":3937}",
2026-07-12T17:17:59,esp32,PR12P210,ok,0.982,12.06,3938,-59,9.25,"{""device"":""esp32"",""sensor"":""PR12P210"",""status"":""ok"",""voltage"":0.982,""pressure_kpa"":12.06,""pkt"":3938}",
2026-07-12T17:18:00,esp32,PR12P210,ok,0.996,12.39,3939,-61,9.00,"{""device"":""esp32"",""sensor"":""PR12P210"",""status"":""ok"",""voltage"":0.996,""pressure_kpa"":12.39,""pkt"":3939}",
2026-07-12T17:18:01,esp32,PR12P210,ok,1.008,12.7,3940,-61,9.75,"{""device"":""esp32"",""sensor"":""PR12P210"",""status"":""ok"",""voltage"":1.008,""pressure_kpa"":12.70,""pkt"":3940}",
2026-07-12T17:18:03,esp32,PR12P210,ok,1.016,12.9,3941,-61,9.50,"{""device"":""esp32"",""sensor"":""PR12P210"",""status"":""ok"",""voltage"":1.016,""pressure_kpa"":12.90,""pkt"":3941}",
2026-07-12T17:18:04,esp32,PR12P210,ok,1.008,12.69,3942,-64,9.25,"{""device"":""esp32"",""sensor"":""PR12P210"",""status"":""ok"",""voltage"":1.008,""pressure_kpa"":12.69,""pkt"":3942}",
2026-07-12T17:18:05,esp32,PR12P210,ok,1.012,12.81,3943,-60,10.25,"{""device"":""esp32"",""sensor"":""PR12P210"",""status"":""ok"",""voltage"":1.012,""pressure_kpa"":12.81,""pkt"":3943}",
2026-07-12T17:18:06,esp32,PR12P210,ok,1.01,12.74,3944,-60,9.25,"{""device"":""esp32"",""sensor"":""PR12P210"",""status"":""ok"",""voltage"":1.010,""pressure_kpa"":12.74,""pkt"":3944}",
2026-07-12T17:18:07,esp32,PR12P210,ok,1.009,12.73,3945,-62,9.75,"{""device"":""esp32"",""sensor"":""PR12P210"",""status"":""ok"",""voltage"":1.009,""pressure_kpa"":12.73,""pkt"":3945}",
2026-07-12T17:18:09,esp32,PR12P210,ok,1.005,12.61,3946,-61,9.50,"{""device"":""esp32"",""sensor"":""PR12P210"",""status"":""ok"",""voltage"":1.005,""pressure_kpa"":12.61,""pkt"":3946}",
2026-07-12T17:18:10,esp32,PR12P210,ok,1.018,12.95,3947,-60,9.50,"{""device"":""esp32"",""sensor"":""PR12P210"",""status"":""ok"",""voltage"":1.018,""pressure_kpa"":12.95,""pkt"":3947}",
2026-07-12T17:18:11,esp32,PR12P210,ok,1.013,12.83,3948,-61,9.00,"{""device"":""esp32"",""sensor"":""PR12P210"",""status"":""ok"",""voltage"":1.013,""pressure_kpa"":12.83,""pkt"":3948}",
2026-07-12T17:18:12,esp32,PR12P210,ok,1.005,12.63,3949,-62,10.25,"{""device"":""esp32"",""sensor"":""PR12P210"",""status"":""ok"",""voltage"":1.005,""pressure_kpa"":12.63,""pkt"":3949}",
2026-07-12T17:18:13,esp32,PR12P210,ok,1.019,12.97,3950,-60,10.00,"{""device"":""esp32"",""sensor"":""PR12P210"",""status"":""ok"",""voltage"":1.019,""pressure_kpa"":12.97,""pkt"":3950}",
2026-07-12T17:18:15,esp32,PR12P210,ok,1.018,12.95,3951,-61,9.25,"{""device"":""esp32"",""sensor"":""PR12P210"",""status"":""ok"",""voltage"":1.018,""pressure_kpa"":12.95,""pkt"":3951}",
2026-07-12T17:18:16,esp32,PR12P210,ok,1.008,12.7,3952,-63,9.00,"{""device"":""esp32"",""sensor"":""PR12P210"",""status"":""ok"",""voltage"":1.008,""pressure_kpa"":12.70,""pkt"":3952}",
2026-07-12T17:18:17,esp32,PR12P210,ok,1.008,12.7,3953,-60,10.00,"{""device"":""esp32"",""sensor"":""PR12P210"",""status"":""ok"",""voltage"":1.008,""pressure_kpa"":12.70,""pkt"":3953}",
2026-07-12T17:18:18,esp32,PR12P210,ok,1.013,12.82,3954,-60,9.25,"{""device"":""esp32"",""sensor"":""PR12P210"",""status"":""ok"",""voltage"":1.013,""pressure_kpa"":12.82,""pkt"":3954}",
2026-07-12T17:18:19,esp32,PR12P210,ok,1.005,12.62,3955,-63,10.00,"{""device"":""esp32"",""sensor"":""PR12P210"",""status"":""ok"",""voltage"":1.005,""pressure_kpa"":12.62,""pkt"":3955}",
2026-07-12T17:18:21,esp32,PR12P210,ok,1.014,12.84,3956,-60,9.00,"{""device"":""esp32"",""sensor"":""PR12P210"",""status"":""ok"",""voltage"":1.014,""pressure_kpa"":12.84,""pkt"":3956}",
2026-07-12T17:18:22,esp32,PR12P210,ok,1.025,13.12,3957,-61,9.50,"{""device"":""esp32"",""sensor"":""PR12P210"",""status"":""ok"",""voltage"":1.025,""pressure_kpa"":13.12,""pkt"":3957}",
2026-07-12T17:18:23,esp32,PR12P210,ok,1.027,13.17,3958,-61,9.00,"{""device"":""esp32"",""sensor"":""PR12P210"",""status"":""ok"",""voltage"":1.027,""pressure_kpa"":13.17,""pkt"":3958}",
2026-07-12T17:18:24,esp32,PR12P210,ok,1.028,13.2,3959,-61,9.50,"{""device"":""esp32"",""sensor"":""PR12P210"",""status"":""ok"",""voltage"":1.028,""pressure_kpa"":13.20,""pkt"":3959}",
2026-07-12T17:18:25,esp32,PR12P210,ok,1.033,13.33,3960,-60,10.00,"{""device"":""esp32"",""sensor"":""PR12P210"",""status"":""ok"",""voltage"":1.033,""pressure_kpa"":13.33,""pkt"":3960}",
2026-07-12T17:18:26,esp32,PR12P210,ok,1.036,13.41,3961,-61,9.50,"{""device"":""esp32"",""sensor"":""PR12P210"",""status"":""ok"",""voltage"":1.036,""pressure_kpa"":13.41,""pkt"":3961}",
2026-07-12T17:18:28,esp32,PR12P210,ok,1.036,13.4,3962,-63,8.50,"{""device"":""esp32"",""sensor"":""PR12P210"",""status"":""ok"",""voltage"":1.036,""pressure_kpa"":13.40,""pkt"":3962}",
2026-07-12T17:18:29,esp32,PR12P210,ok,1.037,13.43,3963,-60,9.75,"{""device"":""esp32"",""sensor"":""PR12P210"",""status"":""ok"",""voltage"":1.037,""pressure_kpa"":13.43,""pkt"":3963}",
2026-07-12T17:18:30,esp32,PR12P210,ok,1.043,13.57,3964,-60,8.50,"{""device"":""esp32"",""sensor"":""PR12P210"",""status"":""ok"",""voltage"":1.043,""pressure_kpa"":13.57,""pkt"":3964}",
2026-07-12T17:20:36,esp32,PR12P210,ok,1.018,12.94,4070,-58,10.00,"{""device"":""esp32"",""sensor"":""PR12P210"",""status"":""ok"",""voltage"":1.018,""pressure_kpa"":12.94,""pkt"":4070}",
2026-07-12T17:20:38,esp32,PR12P210,ok,1.037,13.43,4071,-59,9.25,"{""device"":""esp32"",""sensor"":""PR12P210"",""status"":""ok"",""voltage"":1.037,""pressure_kpa"":13.43,""pkt"":4071}",
2026-07-12T17:20:39,esp32,PR12P210,ok,1.044,13.59,4072,-61,9.25,"{""device"":""esp32"",""sensor"":""PR12P210"",""status"":""ok"",""voltage"":1.044,""pressure_kpa"":13.59,""pkt"":4072}",
2026-07-12T17:20:40,esp32,PR12P210,ok,1.045,13.62,4073,-58,9.75,"{""device"":""esp32"",""sensor"":""PR12P210"",""status"":""ok"",""voltage"":1.045,""pressure_kpa"":13.62,""pkt"":4073}",
2026-07-12T17:20:41,esp32,PR12P210,ok,1.024,13.11,4074,-59,9.25,"{""device"":""esp32"",""sensor"":""PR12P210"",""status"":""ok"",""voltage"":1.024,""pressure_kpa"":13.11,""pkt"":4074}",
2026-07-12T17:20:42,esp32,PR12P210,ok,1.012,12.8,4075,-61,8.75,"{""device"":""esp32"",""sensor"":""PR12P210"",""status"":""ok"",""voltage"":1.012,""pressure_kpa"":12.80,""pkt"":4075}",
2026-07-12T17:20:44,esp32,PR12P210,ok,1.031,13.27,4076,-58,9.50,"{""device"":""esp32"",""sensor"":""PR12P210"",""status"":""ok"",""voltage"":1.031,""pressure_kpa"":13.27,""pkt"":4076}",
2026-07-12T17:20:45,esp32,PR12P210,ok,1.051,13.78,4077,-59,9.00,"{""device"":""esp32"",""sensor"":""PR12P210"",""status"":""ok"",""voltage"":1.051,""pressure_kpa"":13.78,""pkt"":4077}",
2026-07-12T17:20:46,esp32,PR12P210,ok,1.042,13.55,4078,-60,9.50,"{""device"":""esp32"",""sensor"":""PR12P210"",""status"":""ok"",""voltage"":1.042,""pressure_kpa"":13.55,""pkt"":4078}",
2026-07-12T17:20:47,esp32,PR12P210,ok,1.023,13.07,4079,-57,10.25,"{""device"":""esp32"",""sensor"":""PR12P210"",""status"":""ok"",""voltage"":1.023,""pressure_kpa"":13.07,""pkt"":4079}",
2026-07-12T17:20:48,esp32,PR12P210,ok,1.022,13.04,4080,-58,10.25,"{""device"":""esp32"",""sensor"":""PR12P210"",""status"":""ok"",""voltage"":1.022,""pressure_kpa"":13.04,""pkt"":4080}",
2026-07-12T17:20:50,esp32,PR12P210,ok,1.049,13.72,4081,-60,9.25,"{""device"":""esp32"",""sensor"":""PR12P210"",""status"":""ok"",""voltage"":1.049,""pressure_kpa"":13.72,""pkt"":4081}",
2026-07-12T17:20:51,esp32,PR12P210,ok,1.045,13.62,4082,-58,9.50,"{""device"":""esp32"",""sensor"":""PR12P210"",""status"":""ok"",""voltage"":1.045,""pressure_kpa"":13.62,""pkt"":4082}",
2026-07-12T17:20:52,esp32,PR12P210,ok,1.026,13.16,4083,-58,9.50,"{""device"":""esp32"",""sensor"":""PR12P210"",""status"":""ok"",""voltage"":1.026,""pressure_kpa"":13.16,""pkt"":4083}",
2026-07-12T17:20:53,esp32,PR12P210,ok,1.033,13.31,4084,-61,9.25,"{""device"":""esp32"",""sensor"":""PR12P210"",""status"":""ok"",""voltage"":1.033,""pressure_kpa"":13.31,""pkt"":4084}",
2026-07-12T17:20:54,esp32,PR12P210,ok,1.049,13.73,4085,-59,9.75,"{""device"":""esp32"",""sensor"":""PR12P210"",""status"":""ok"",""voltage"":1.049,""pressure_kpa"":13.73,""pkt"":4085}",
2026-07-12T17:20:55,esp32,PR12P210,ok,1.034,13.34,4086,-59,9.50,"{""device"":""esp32"",""sensor"":""PR12P210"",""status"":""ok"",""voltage"":1.034,""pressure_kpa"":13.34,""pkt"":4086}",
2026-07-12T17:20:57,esp32,PR12P210,ok,1.017,12.92,4087,-60,9.50,"{""device"":""esp32"",""sensor"":""PR12P210"",""status"":""ok"",""voltage"":1.017,""pressure_kpa"":12.92,""pkt"":4087}",
2026-07-12T17:20:58,esp32,PR12P210,ok,1.047,13.67,4088,-58,9.75,"{""device"":""esp32"",""sensor"":""PR12P210"",""status"":""ok"",""voltage"":1.047,""pressure_kpa"":13.67,""pkt"":4088}",
2026-07-12T17:20:59,esp32,PR12P210,ok,1.038,13.46,4089,-58,10.25,"{""device"":""esp32"",""sensor"":""PR12P210"",""status"":""ok"",""voltage"":1.038,""pressure_kpa"":13.46,""pkt"":4089}",
2026-07-12T17:21:00,esp32,PR12P210,ok,1.02,13.0,4090,-60,10.25,"{""device"":""esp32"",""sensor"":""PR12P210"",""status"":""ok"",""voltage"":1.020,""pressure_kpa"":13.00,""pkt"":4090}",
2026-07-12T17:21:01,esp32,PR12P210,ok,1.052,13.8,4091,-58,11.75,"{""device"":""esp32"",""sensor"":""PR12P210"",""status"":""ok"",""voltage"":1.052,""pressure_kpa"":13.80,""pkt"":4091}",
2026-07-12T17:21:04,esp32,PR12P210,ok,1.043,13.59,4093,-59,10.00,"{""device"":""esp32"",""sensor"":""PR12P210"",""status"":""ok"",""voltage"":1.043,""pressure_kpa"":13.59,""pkt"":4093}",
2026-07-12T17:21:05,esp32,PR12P210,ok,1.041,13.52,4094,-58,9.50,"{""device"":""esp32"",""sensor"":""PR12P210"",""status"":""ok"",""voltage"":1.041,""pressure_kpa"":13.52,""pkt"":4094}",
2026-07-12T17:21:06,esp32,PR12P210,ok,1.023,13.06,4095,-58,9.00,"{""device"":""esp32"",""sensor"":""PR12P210"",""status"":""ok"",""voltage"":1.023,""pressure_kpa"":13.06,""pkt"":4095}",
2026-07-12T17:21:07,esp32,PR12P210,ok,1.047,13.67,4096,-61,9.75,"{""device"":""esp32"",""sensor"":""PR12P210"",""status"":""ok"",""voltage"":1.047,""pressure_kpa"":13.67,""pkt"":4096}",
2026-07-12T17:21:09,esp32,PR12P210,ok,1.021,13.03,4097,-58,9.50,"{""device"":""esp32"",""sensor"":""PR12P210"",""status"":""ok"",""voltage"":1.021,""pressure_kpa"":13.03,""pkt"":4097}",
2026-07-12T17:21:10,esp32,PR12P210,ok,1.056,13.9,4098,-58,9.25,"{""device"":""esp32"",""sensor"":""PR12P210"",""status"":""ok"",""voltage"":1.056,""pressure_kpa"":13.90,""pkt"":4098}",
2026-07-12T17:21:11,esp32,PR12P210,ok,1.022,13.05,4099,-60,10.25,"{""device"":""esp32"",""sensor"":""PR12P210"",""status"":""ok"",""voltage"":1.022,""pressure_kpa"":13.05,""pkt"":4099}",
2026-07-12T17:21:12,esp32,PR12P210,ok,1.037,13.44,4100,-58,9.75,"{""device"":""esp32"",""sensor"":""PR12P210"",""status"":""ok"",""voltage"":1.037,""pressure_kpa"":13.44,""pkt"":4100}",
2026-07-12T17:21:13,esp32,PR12P210,ok,1.054,13.86,4101,-59,9.25,"{""device"":""esp32"",""sensor"":""PR12P210"",""status"":""ok"",""voltage"":1.054,""pressure_kpa"":13.86,""pkt"":4101}",
2026-07-12T17:21:15,esp32,PR12P210,ok,1.021,13.03,4102,-60,11.50,"{""device"":""esp32"",""sensor"":""PR12P210"",""status"":""ok"",""voltage"":1.021,""pressure_kpa"":13.03,""pkt"":4102}",
2026-07-12T17:21:16,esp32,PR12P210,ok,1.058,13.95,4103,-58,10.00,"{""device"":""esp32"",""sensor"":""PR12P210"",""status"":""ok"",""voltage"":1.058,""pressure_kpa"":13.95,""pkt"":4103}",
2026-07-12T17:21:17,esp32,PR12P210,ok,1.031,13.28,4104,-59,9.25,"{""device"":""esp32"",""sensor"":""PR12P210"",""status"":""ok"",""voltage"":1.031,""pressure_kpa"":13.28,""pkt"":4104}",
2026-07-12T17:21:18,esp32,PR12P210,ok,1.043,13.57,4105,-60,9.50,"{""device"":""esp32"",""sensor"":""PR12P210"",""status"":""ok"",""voltage"":1.043,""pressure_kpa"":13.57,""pkt"":4105}",
2026-07-12T17:21:19,esp32,PR12P210,ok,1.044,13.59,4106,-58,10.00,"{""device"":""esp32"",""sensor"":""PR12P210"",""status"":""ok"",""voltage"":1.044,""pressure_kpa"":13.59,""pkt"":4106}",
2026-07-12T17:21:21,esp32,PR12P210,ok,1.025,13.13,4107,-59,9.25,"{""device"":""esp32"",""sensor"":""PR12P210"",""status"":""ok"",""voltage"":1.025,""pressure_kpa"":13.13,""pkt"":4107}",
2026-07-12T17:21:22,esp32,PR12P210,ok,1.049,13.73,4108,-60,9.50,"{""device"":""esp32"",""sensor"":""PR12P210"",""status"":""ok"",""voltage"":1.049,""pressure_kpa"":13.73,""pkt"":4108}",
2026-07-12T17:21:23,esp32,PR12P210,ok,1.022,13.06,4109,-58,9.75,"{""device"":""esp32"",""sensor"":""PR12P210"",""status"":""ok"",""voltage"":1.022,""pressure_kpa"":13.06,""pkt"":4109}",
2026-07-12T17:21:24,esp32,PR12P210,ok,1.057,13.93,4110,-59,9.75,"{""device"":""esp32"",""sensor"":""PR12P210"",""status"":""ok"",""voltage"":1.057,""pressure_kpa"":13.93,""pkt"":4110}",
2026-07-12T17:21:25,esp32,PR12P210,ok,1.021,13.03,4111,-60,9.50,"{""device"":""esp32"",""sensor"":""PR12P210"",""status"":""ok"",""voltage"":1.021,""pressure_kpa"":13.03,""pkt"":4111}",
2026-07-12T17:21:26,esp32,PR12P210,ok,1.054,13.84,4112,-58,9.50,"{""device"":""esp32"",""sensor"":""PR12P210"",""status"":""ok"",""voltage"":1.054,""pressure_kpa"":13.84,""pkt"":4112}",
2026-07-12T17:21:28,esp32,PR12P210,ok,1.03,13.24,4113,-59,10.00,"{""device"":""esp32"",""sensor"":""PR12P210"",""status"":""ok"",""voltage"":1.030,""pressure_kpa"":13.24,""pkt"":4113}",
2026-07-12T17:21:29,esp32,PR12P210,ok,1.037,13.43,4114,-60,9.25,"{""device"":""esp32"",""sensor"":""PR12P210"",""status"":""ok"",""voltage"":1.037,""pressure_kpa"":13.43,""pkt"":4114}",
2026-07-12T17:21:30,esp32,PR12P210,ok,1.041,13.53,4115,-59,9.75,"{""device"":""esp32"",""sensor"":""PR12P210"",""status"":""ok"",""voltage"":1.041,""pressure_kpa"":13.53,""pkt"":4115}",
2026-07-12T17:21:31,esp32,PR12P210,ok,1.035,13.37,4116,-60,9.50,"{""device"":""esp32"",""sensor"":""PR12P210"",""status"":""ok"",""voltage"":1.035,""pressure_kpa"":13.37,""pkt"":4116}",
2026-07-12T17:21:32,esp32,PR12P210,ok,1.036,13.41,4117,-59,9.25,"{""device"":""esp32"",""sensor"":""PR12P210"",""status"":""ok"",""voltage"":1.036,""pressure_kpa"":13.41,""pkt"":4117}",
2026-07-12T17:21:34,esp32,PR12P210,ok,1.036,13.4,4118,-58,9.25,"{""device"":""esp32"",""sensor"":""PR12P210"",""status"":""ok"",""voltage"":1.036,""pressure_kpa"":13.40,""pkt"":4118}",
2026-07-12T17:21:35,esp32,PR12P210,ok,1.034,13.36,4119,-60,9.50,"{""device"":""esp32"",""sensor"":""PR12P210"",""status"":""ok"",""voltage"":1.034,""pressure_kpa"":13.36,""pkt"":4119}",
2026-07-12T17:21:36,esp32,PR12P210,ok,1.039,13.46,4120,-59,9.75,"{""device"":""esp32"",""sensor"":""PR12P210"",""status"":""ok"",""voltage"":1.039,""pressure_kpa"":13.46,""pkt"":4120}",
2026-07-12T17:21:37,,,,,,,-59,9.25,"{""dev{""dvc""""s3,sno""""R220,tts:o""""otg""100""rsueka:32,pt:11s:o""""otg""104""rsueka:33""k""419}{""device"":""esp32",Expecting ':' delimiter: line 1 column 8 (char 7)
2026-07-12T17:21:38,esp32,PR12P210,ok,1.043,13.58,4122,-61,9.25,"{""device"":""esp32"",""sensor"":""PR12P210"",""status"":""ok"",""voltage"":1.043,""pressure_kpa"":13.58,""pkt"":4122}",
2026-07-12T17:21:40,esp32,PR12P210,ok,1.025,13.14,4123,-58,9.75,"{""device"":""esp32"",""sensor"":""PR12P210"",""status"":""ok"",""voltage"":1.025,""pressure_kpa"":13.14,""pkt"":4123}",
2026-07-12T17:22:38,esp32,PR12P210,ok,1.016,12.9,4172,-60,9.00,"{""device"":""esp32"",""sensor"":""PR12P210"",""status"":""ok"",""voltage"":1.016,""pressure_kpa"":12.90,""pkt"":4172}",
2026-07-12T17:22:39,esp32,PR12P210,ok,1.019,12.98,4173,-58,9.75,"{""device"":""esp32"",""sensor"":""PR12P210"",""status"":""ok"",""voltage"":1.019,""pressure_kpa"":12.98,""pkt"":4173}",
2026-07-12T17:22:40,esp32,PR12P210,ok,1.051,13.77,4174,-58,9.25,"{""device"":""esp32"",""sensor"":""PR12P210"",""status"":""ok"",""voltage"":1.051,""pressure_kpa"":13.77,""pkt"":4174}",
2026-07-12T17:22:42,esp32,PR12P210,ok,1.044,13.61,4175,-60,9.50,"{""device"":""esp32"",""sensor"":""PR12P210"",""status"":""ok"",""voltage"":1.044,""pressure_kpa"":13.61,""pkt"":4175}",
2026-07-12T17:22:43,esp32,PR12P210,ok,1.026,13.14,4176,-58,9.75,"{""device"":""esp32"",""sensor"":""PR12P210"",""status"":""ok"",""voltage"":1.026,""pressure_kpa"":13.14,""pkt"":4176}",
2026-07-12T17:22:44,esp32,PR12P210,ok,1.048,13.7,4177,-59,9.00,"{""device"":""esp32"",""sensor"":""PR12P210"",""status"":""ok"",""voltage"":1.048,""pressure_kpa"":13.70,""pkt"":4177}",
2026-07-12T17:22:45,esp32,PR12P210,ok,1.048,13.69,4178,-60,9.25,"{""device"":""esp32"",""sensor"":""PR12P210"",""status"":""ok"",""voltage"":1.048,""pressure_kpa"":13.69,""pkt"":4178}",
2026-07-12T17:22:46,esp32,PR12P210,ok,1.021,13.02,4179,-58,10.75,"{""device"":""esp32"",""sensor"":""PR12P210"",""status"":""ok"",""voltage"":1.021,""pressure_kpa"":13.02,""pkt"":4179}",
2026-07-12T17:22:48,esp32,PR12P210,ok,1.027,13.18,4180,-59,9.75,"{""device"":""esp32"",""sensor"":""PR12P210"",""status"":""ok"",""voltage"":1.027,""pressure_kpa"":13.18,""pkt"":4180}",
2026-07-12T17:22:49,esp32,PR12P210,ok,1.046,13.66,4181,-59,9.25,"{""device"":""esp32"",""sensor"":""PR12P210"",""status"":""ok"",""voltage"":1.046,""pressure_kpa"":13.66,""pkt"":4181}",
2026-07-12T17:22:50,esp32,PR12P210,ok,1.049,13.72,4182,-59,9.50,"{""device"":""esp32"",""sensor"":""PR12P210"",""status"":""ok"",""voltage"":1.049,""pressure_kpa"":13.72,""pkt"":4182}",
2026-07-12T17:22:51,esp32,PR12P210,ok,1.017,12.92,4183,-60,9.25,"{""device"":""esp32"",""sensor"":""PR12P210"",""status"":""ok"",""voltage"":1.017,""pressure_kpa"":12.92,""pkt"":4183}",
2026-07-12T17:22:52,esp32,PR12P210,ok,1.027,13.17,4184,-58,9.50,"{""device"":""esp32"",""sensor"":""PR12P210"",""status"":""ok"",""voltage"":1.027,""pressure_kpa"":13.17,""pkt"":4184}",
2026-07-12T17:22:54,esp32,PR12P210,ok,1.05,13.76,4185,-59,9.25,"{""device"":""esp32"",""sensor"":""PR12P210"",""status"":""ok"",""voltage"":1.050,""pressure_kpa"":13.76,""pkt"":4185}",
2026-07-12T17:22:55,esp32,PR12P210,ok,1.051,13.78,4186,-60,9.75,"{""device"":""esp32"",""sensor"":""PR12P210"",""status"":""ok"",""voltage"":1.051,""pressure_kpa"":13.78,""pkt"":4186}",
2026-07-12T17:22:56,esp32,PR12P210,ok,1.035,13.38,4187,-58,9.25,"{""device"":""esp32"",""sensor"":""PR12P210"",""status"":""ok"",""voltage"":1.035,""pressure_kpa"":13.38,""pkt"":4187}",
2026-07-12T17:22:57,esp32,PR12P210,ok,1.024,13.1,4188,-59,9.25,"{""device"":""esp32"",""sensor"":""PR12P210"",""status"":""ok"",""voltage"":1.024,""pressure_kpa"":13.10,""pkt"":4188}",
2026-07-12T17:22:58,esp32,PR12P210,ok,1.034,13.34,4189,-58,9.50,"{""device"":""esp32"",""sensor"":""PR12P210"",""status"":""ok"",""voltage"":1.034,""pressure_kpa"":13.34,""pkt"":4189}",
2026-07-12T17:22:59,esp32,PR12P210,ok,1.047,13.67,4190,-58,10.00,"{""device"":""esp32"",""sensor"":""PR12P210"",""status"":""ok"",""voltage"":1.047,""pressure_kpa"":13.67,""pkt"":4190}",
2026-07-12T17:23:01,esp32,PR12P210,ok,1.052,13.81,4191,-60,9.25,"{""device"":""esp32"",""sensor"":""PR12P210"",""status"":""ok"",""voltage"":1.052,""pressure_kpa"":13.81,""pkt"":4191}",
2026-07-12T17:23:02,esp32,PR12P210,ok,1.037,13.42,4192,-57,9.25,"{""device"":""esp32"",""sensor"":""PR12P210"",""status"":""ok"",""voltage"":1.037,""pressure_kpa"":13.42,""pkt"":4192}",
2026-07-12T17:23:03,esp32,PR12P210,ok,1.019,12.97,4193,-58,9.25,"{""device"":""esp32"",""sensor"":""PR12P210"",""status"":""ok"",""voltage"":1.019,""pressure_kpa"":12.97,""pkt"":4193}",
2026-07-12T17:23:04,esp32,PR12P210,ok,1.02,12.99,4194,-59,9.50,"{""device"":""esp32"",""sensor"":""PR12P210"",""status"":""ok"",""voltage"":1.020,""pressure_kpa"":12.99,""pkt"":4194}",
2026-07-12T17:23:05,esp32,PR12P210,ok,1.018,12.96,4195,-58,9.75,"{""device"":""esp32"",""sensor"":""PR12P210"",""status"":""ok"",""voltage"":1.018,""pressure_kpa"":12.96,""pkt"":4195}",
2026-07-12T17:23:07,esp32,PR12P210,ok,1.03,13.26,4196,-60,9.50,"{""device"":""esp32"",""sensor"":""PR12P210"",""status"":""ok"",""voltage"":1.030,""pressure_kpa"":13.26,""pkt"":4196}",
2026-07-12T17:23:08,esp32,PR12P210,ok,1.039,13.48,4197,-57,9.50,"{""device"":""esp32"",""sensor"":""PR12P210"",""status"":""ok"",""voltage"":1.039,""pressure_kpa"":13.48,""pkt"":4197}",
2026-07-12T17:23:09,esp32,PR12P210,ok,1.046,13.66,4198,-58,9.50,"{""device"":""esp32"",""sensor"":""PR12P210"",""status"":""ok"",""voltage"":1.046,""pressure_kpa"":13.66,""pkt"":4198}",
2026-07-12T17:23:10,esp32,PR12P210,ok,1.049,13.73,4199,-60,9.25,"{""device"":""esp32"",""sensor"":""PR12P210"",""status"":""ok"",""voltage"":1.049,""pressure_kpa"":13.73,""pkt"":4199}",
2026-07-12T17:23:11,esp32,PR12P210,ok,1.061,14.04,4200,-58,9.75,"{""device"":""esp32"",""sensor"":""PR12P210"",""status"":""ok"",""voltage"":1.061,""pressure_kpa"":14.04,""pkt"":4200}",
2026-07-12T17:23:13,esp32,PR12P210,ok,1.062,14.06,4201,-60,10.00,"{""device"":""esp32"",""sensor"":""PR12P210"",""status"":""ok"",""voltage"":1.062,""pressure_kpa"":14.06,""pkt"":4201}",
2026-07-12T17:23:14,esp32,PR12P210,ok,1.053,13.84,4202,-58,9.25,"{""device"":""esp32"",""sensor"":""PR12P210"",""status"":""ok"",""voltage"":1.053,""pressure_kpa"":13.84,""pkt"":4202}",
2026-07-12T17:23:16,esp32,PR12P210,ok,1.022,13.06,4204,-61,9.50,"{""device"":""esp32"",""sensor"":""PR12P210"",""status"":""ok"",""voltage"":1.022,""pressure_kpa"":13.06,""pkt"":4204}",
2026-07-12T17:23:17,esp32,PR12P210,ok,1.029,13.23,4205,-58,10.25,"{""device"":""esp32"",""sensor"":""PR12P210"",""status"":""ok"",""voltage"":1.029,""pressure_kpa"":13.23,""pkt"":4205}",
2026-07-12T17:23:19,esp32,PR12P210,ok,1.028,13.21,4206,-58,9.50,"{""device"":""esp32"",""sensor"":""PR12P210"",""status"":""ok"",""voltage"":1.028,""pressure_kpa"":13.21,""pkt"":4206}",
2026-07-12T17:23:20,esp32,PR12P210,ok,1.034,13.34,4207,-59,9.75,"{""device"":""esp32"",""sensor"":""PR12P210"",""status"":""ok"",""voltage"":1.034,""pressure_kpa"":13.34,""pkt"":4207}",
2026-07-12T17:23:21,esp32,PR12P210,ok,1.047,13.67,4208,-58,9.50,"{""device"":""esp32"",""sensor"":""PR12P210"",""status"":""ok"",""voltage"":1.047,""pressure_kpa"":13.67,""pkt"":4208}",
2026-07-12T17:23:21,,,,,,,-107,-11.75,"ôÓ¸Æâ2ö´Îyëà½PO¦llu¼~:[û+*¸Ã0?¥¥·Fg¡Öd¾Ü>½yZ""#ÃÜ%¾x5cp  ñéÆóÙè9Â·èå#YÒ8kílÊ&õÉ n",Expecting value: line 1 column 1 (char 0)
2026-07-12T17:23:22,esp32,PR12P210,ok,1.049,13.73,4209,-61,9.75,"{""device"":""esp32"",""sensor"":""PR12P210"",""status"":""ok"",""voltage"":1.049,""pressure_kpa"":13.73,""pkt"":4209}",
2026-07-12T17:23:23,esp32,PR12P210,ok,1.052,13.81,4210,-58,10.00,"{""device"":""esp32"",""sensor"":""PR12P210"",""status"":""ok"",""voltage"":1.052,""pressure_kpa"":13.81,""pkt"":4210}",
2026-07-12T17:23:24,esp32,PR12P210,ok,1.057,13.91,4211,-58,9.25,"{""device"":""esp32"",""sensor"":""PR12P210"",""status"":""ok"",""voltage"":1.057,""pressure_kpa"":13.91,""pkt"":4211}",
2026-07-12T17:23:26,esp32,PR12P210,ok,1.055,13.87,4212,-59,9.50,"{""device"":""esp32"",""sensor"":""PR12P210"",""status"":""ok"",""voltage"":1.055,""pressure_kpa"":13.87,""pkt"":4212}",
2026-07-12T17:23:27,esp32,PR12P210,ok,1.049,13.72,4213,-57,9.50,"{""device"":""esp32"",""sensor"":""PR12P210"",""status"":""ok"",""voltage"":1.049,""pressure_kpa"":13.72,""pkt"":4213}",
2026-07-12T17:23:28,esp32,PR12P210,ok,1.032,13.31,4214,-60,9.25,"{""device"":""esp32"",""sensor"":""PR12P210"",""status"":""ok"",""voltage"":1.032,""pressure_kpa"":13.31,""pkt"":4214}",
2026-07-12T17:23:29,esp32,PR12P210,ok,1.022,13.06,4215,-56,10.00,"{""device"":""esp32"",""sensor"":""PR12P210"",""status"":""ok"",""voltage"":1.022,""pressure_kpa"":13.06,""pkt"":4215}",
2026-07-12T17:23:30,esp32,PR12P210,ok,1.029,13.22,4216,-57,9.50,"{""device"":""esp32"",""sensor"":""PR12P210"",""status"":""ok"",""voltage"":1.029,""pressure_kpa"":13.22,""pkt"":4216}",
2026-07-12T17:23:32,esp32,PR12P210,ok,1.023,13.07,4217,-59,9.75,"{""device"":""esp32"",""sensor"":""PR12P210"",""status"":""ok"",""voltage"":1.023,""pressure_kpa"":13.07,""pkt"":4217}",
2026-07-12T17:23:33,esp32,PR12P210,ok,1.022,13.04,4218,-57,9.50,"{""device"":""esp32"",""sensor"":""PR12P210"",""status"":""ok"",""voltage"":1.022,""pressure_kpa"":13.04,""pkt"":4218}",
2026-07-12T17:23:34,esp32,PR12P210,ok,1.034,13.34,4219,-59,10.25,"{""device"":""esp32"",""sensor"":""PR12P210"",""status"":""ok"",""voltage"":1.034,""pressure_kpa"":13.34,""pkt"":4219}",
2026-07-12T17:23:35,esp32,PR12P210,ok,1.037,13.42,4220,-58,10.00,"{""device"":""esp32"",""sensor"":""PR12P210"",""status"":""ok"",""voltage"":1.037,""pressure_kpa"":13.42,""pkt"":4220}",
2026-07-12T17:23:36,esp32,PR12P210,ok,1.043,13.58,4221,-59,9.50,"{""device"":""esp32"",""sensor"":""PR12P210"",""status"":""ok"",""voltage"":1.043,""pressure_kpa"":13.58,""pkt"":4221}",
2026-07-12T17:23:38,esp32,PR12P210,ok,1.039,13.49,4222,-60,9.50,"{""device"":""esp32"",""sensor"":""PR12P210"",""status"":""ok"",""voltage"":1.039,""pressure_kpa"":13.49,""pkt"":4222}",
2026-07-12T17:23:39,esp32,PR12P210,ok,1.027,13.18,4223,-59,9.50,"{""device"":""esp32"",""sensor"":""PR12P210"",""status"":""ok"",""voltage"":1.027,""pressure_kpa"":13.18,""pkt"":4223}",
2026-07-12T17:23:40,esp32,PR12P210,ok,1.02,12.99,4224,-61,8.50,"{""device"":""esp32"",""sensor"":""PR12P210"",""status"":""ok"",""voltage"":1.020,""pressure_kpa"":12.99,""pkt"":4224}",
2026-07-12T17:23:41,esp32,PR12P210,ok,1.021,13.01,4225,-58,9.75,"{""device"":""esp32"",""sensor"":""PR12P210"",""status"":""ok"",""voltage"":1.021,""pressure_kpa"":13.01,""pkt"":4225}",
2026-07-12T17:23:42,esp32,PR12P210,ok,1.018,12.96,4226,-60,9.50,"{""device"":""esp32"",""sensor"":""PR12P210"",""status"":""ok"",""voltage"":1.018,""pressure_kpa"":12.96,""pkt"":4226}",
2026-07-12T17:23:44,esp32,PR12P210,ok,1.024,13.09,4227,-59,9.50,"{""device"":""esp32"",""sensor"":""PR12P210"",""status"":""ok"",""voltage"":1.024,""pressure_kpa"":13.09,""pkt"":4227}",
2026-07-12T17:23:45,esp32,PR12P210,ok,1.04,13.5,4228,-59,9.00,"{""device"":""esp32"",""sensor"":""PR12P210"",""status"":""ok"",""voltage"":1.040,""pressure_kpa"":13.50,""pkt"":4228}",
2026-07-12T17:23:46,esp32,PR12P210,ok,1.045,13.62,4229,-61,9.25,"{""device"":""esp32"",""sensor"":""PR12P210"",""status"":""ok"",""voltage"":1.045,""pressure_kpa"":13.62,""pkt"":4229}",
2026-07-12T17:23:47,esp32,PR12P210,ok,1.053,13.83,4230,-58,9.50,"{""device"":""esp32"",""sensor"":""PR12P210"",""status"":""ok"",""voltage"":1.053,""pressure_kpa"":13.83,""pkt"":4230}",
2026-07-12T17:23:48,esp32,PR12P210,ok,1.054,13.84,4231,-59,9.00,"{""device"":""esp32"",""sensor"":""PR12P210"",""status"":""ok"",""voltage"":1.054,""pressure_kpa"":13.84,""pkt"":4231}",
2026-07-12T17:24:40,esp32,PR12P210,ok,1.046,13.64,4274,-59,9.00,"{""device"":""esp32"",""sensor"":""PR12P210"",""status"":""ok"",""voltage"":1.046,""pressure_kpa"":13.64,""pkt"":4274}",
2026-07-12T17:24:41,esp32,PR12P210,ok,1.042,13.55,4275,-59,10.00,"{""device"":""esp32"",""sensor"":""PR12P210"",""status"":""ok"",""voltage"":1.042,""pressure_kpa"":13.55,""pkt"":4275}",
2026-07-12T17:24:42,esp32,PR12P210,ok,1.027,13.16,4276,-58,9.25,"{""device"":""esp32"",""sensor"":""PR12P210"",""status"":""ok"",""voltage"":1.027,""pressure_kpa"":13.16,""pkt"":4276}",
2026-07-12T17:24:43,esp32,PR12P210,ok,1.047,13.66,4277,-60,9.50,"{""device"":""esp32"",""sensor"":""PR12P210"",""status"":""ok"",""voltage"":1.047,""pressure_kpa"":13.66,""pkt"":4277}",
2026-07-12T17:24:44,esp32,PR12P210,ok,1.032,13.29,4278,-59,9.25,"{""device"":""esp32"",""sensor"":""PR12P210"",""status"":""ok"",""voltage"":1.032,""pressure_kpa"":13.29,""pkt"":4278}",
2026-07-12T17:24:46,esp32,PR12P210,ok,1.017,12.93,4279,-62,10.00,"{""device"":""esp32"",""sensor"":""PR12P210"",""status"":""ok"",""voltage"":1.017,""pressure_kpa"":12.93,""pkt"":4279}",
2026-07-12T17:24:47,esp32,PR12P210,ok,1.043,13.58,4280,-59,9.75,"{""device"":""esp32"",""sensor"":""PR12P210"",""status"":""ok"",""voltage"":1.043,""pressure_kpa"":13.58,""pkt"":4280}",
2026-07-12T17:24:48,esp32,PR12P210,ok,1.036,13.39,4281,-61,9.00,"{""device"":""esp32"",""sensor"":""PR12P210"",""status"":""ok"",""voltage"":1.036,""pressure_kpa"":13.39,""pkt"":4281}",
2026-07-12T17:24:49,esp32,PR12P210,ok,1.018,12.96,4282,-58,9.25,"{""device"":""esp32"",""sensor"":""PR12P210"",""status"":""ok"",""voltage"":1.018,""pressure_kpa"":12.96,""pkt"":4282}",
2026-07-12T17:24:50,esp32,PR12P210,ok,1.04,13.5,4283,-61,9.50,"{""device"":""esp32"",""sensor"":""PR12P210"",""status"":""ok"",""voltage"":1.040,""pressure_kpa"":13.50,""pkt"":4283}",
2026-07-12T17:24:52,esp32,PR12P210,ok,1.037,13.42,4284,-60,9.00,"{""device"":""esp32"",""sensor"":""PR12P210"",""status"":""ok"",""voltage"":1.037,""pressure_kpa"":13.42,""pkt"":4284}",
2026-07-12T17:24:53,esp32,PR12P210,ok,1.016,12.89,4285,-60,9.75,"{""device"":""esp32"",""sensor"":""PR12P210"",""status"":""ok"",""voltage"":1.016,""pressure_kpa"":12.89,""pkt"":4285}",
2026-07-12T17:24:54,esp32,PR12P210,ok,1.028,13.19,4286,-62,9.00,"{""device"":""esp32"",""sensor"":""PR12P210"",""status"":""ok"",""voltage"":1.028,""pressure_kpa"":13.19,""pkt"":4286}",
2026-07-12T17:24:55,esp32,PR12P210,ok,1.048,13.71,4287,-59,9.00,"{""device"":""esp32"",""sensor"":""PR12P210"",""status"":""ok"",""voltage"":1.048,""pressure_kpa"":13.71,""pkt"":4287}",
2026-07-12T17:24:56,esp32,PR12P210,ok,1.037,13.43,4288,-61,9.25,"{""device"":""esp32"",""sensor"":""PR12P210"",""status"":""ok"",""voltage"":1.037,""pressure_kpa"":13.43,""pkt"":4288}",
2026-07-12T17:24:57,esp32,PR12P210,ok,1.017,12.94,4289,-58,10.25,"{""device"":""esp32"",""sensor"":""PR12P210"",""status"":""ok"",""voltage"":1.017,""pressure_kpa"":12.94,""pkt"":4289}",
2026-07-12T17:24:59,esp32,PR12P210,ok,1.015,12.87,4290,-61,12.00,"{""device"":""esp32"",""sensor"":""PR12P210"",""status"":""ok"",""voltage"":1.015,""pressure_kpa"":12.87,""pkt"":4290}",
2026-07-12T17:25:00,esp32,PR12P210,ok,1.04,13.5,4291,-60,9.50,"{""device"":""esp32"",""sensor"":""PR12P210"",""status"":""ok"",""voltage"":1.040,""pressure_kpa"":13.50,""pkt"":4291}",
2026-07-12T17:25:01,esp32,PR12P210,ok,1.046,13.64,4292,-59,9.50,"{""device"":""esp32"",""sensor"":""PR12P210"",""status"":""ok"",""voltage"":1.046,""pressure_kpa"":13.64,""pkt"":4292}",
2026-07-12T17:25:02,esp32,PR12P210,ok,1.035,13.37,4293,-61,9.25,"{""device"":""esp32"",""sensor"":""PR12P210"",""status"":""ok"",""voltage"":1.035,""pressure_kpa"":13.37,""pkt"":4293}",
2026-07-12T17:25:03,esp32,PR12P210,ok,1.021,13.02,4294,-59,9.00,"{""device"":""esp32"",""sensor"":""PR12P210"",""status"":""ok"",""voltage"":1.021,""pressure_kpa"":13.02,""pkt"":4294}",
2026-07-12T17:25:05,esp32,PR12P210,ok,1.009,12.72,4295,-60,9.00,"{""device"":""esp32"",""sensor"":""PR12P210"",""status"":""ok"",""voltage"":1.009,""pressure_kpa"":12.72,""pkt"":4295}",
2026-07-12T17:25:06,esp32,PR12P210,ok,1.027,13.18,4296,-59,9.75,"{""device"":""esp32"",""sensor"":""PR12P210"",""status"":""ok"",""voltage"":1.027,""pressure_kpa"":13.18,""pkt"":4296}",
2026-07-12T17:25:07,esp32,PR12P210,ok,1.045,13.63,4297,-60,8.75,"{""device"":""esp32"",""sensor"":""PR12P210"",""status"":""ok"",""voltage"":1.045,""pressure_kpa"":13.63,""pkt"":4297}",
2026-07-12T17:25:08,esp32,PR12P210,ok,1.039,13.47,4298,-60,9.00,"{""device"":""esp32"",""sensor"":""PR12P210"",""status"":""ok"",""voltage"":1.039,""pressure_kpa"":13.47,""pkt"":4298}",
2026-07-12T17:25:09,esp32,PR12P210,ok,1.027,13.17,4299,-59,9.50,"{""device"":""esp32"",""sensor"":""PR12P210"",""status"":""ok"",""voltage"":1.027,""pressure_kpa"":13.17,""pkt"":4299}",
2026-07-12T17:25:11,esp32,PR12P210,ok,1.012,12.81,4300,-61,9.75,"{""device"":""esp32"",""sensor"":""PR12P210"",""status"":""ok"",""voltage"":1.012,""pressure_kpa"":12.81,""pkt"":4300}",
2026-07-12T17:25:12,esp32,PR12P210,ok,1.012,12.79,4301,-58,11.50,"{""device"":""esp32"",""sensor"":""PR12P210"",""status"":""ok"",""voltage"":1.012,""pressure_kpa"":12.79,""pkt"":4301}",
2026-07-12T17:25:13,esp32,PR12P210,ok,1.033,13.33,4302,-60,9.25,"{""device"":""esp32"",""sensor"":""PR12P210"",""status"":""ok"",""voltage"":1.033,""pressure_kpa"":13.33,""pkt"":4302}",
2026-07-12T17:25:14,esp32,PR12P210,ok,1.04,13.5,4303,-60,9.75,"{""device"":""esp32"",""sensor"":""PR12P210"",""status"":""ok"",""voltage"":1.040,""pressure_kpa"":13.50,""pkt"":4303}",
2026-07-12T17:25:15,esp32,PR12P210,ok,1.043,13.57,4304,-60,9.50,"{""device"":""esp32"",""sensor"":""PR12P210"",""status"":""ok"",""voltage"":1.043,""pressure_kpa"":13.57,""pkt"":4304}",
2026-07-12T17:25:17,esp32,PR12P210,ok,1.035,13.37,4305,-61,9.00,"{""device"":""esp32"",""sensor"":""PR12P210"",""status"":""ok"",""voltage"":1.035,""pressure_kpa"":13.37,""pkt"":4305}",
2026-07-12T17:25:18,esp32,PR12P210,ok,1.044,13.6,4306,-58,10.25,"{""device"":""esp32"",""sensor"":""PR12P210"",""status"":""ok"",""voltage"":1.044,""pressure_kpa"":13.60,""pkt"":4306}",
2026-07-12T17:25:19,esp32,PR12P210,ok,1.039,13.46,4307,-60,9.50,"{""device"":""esp32"",""sensor"":""PR12P210"",""status"":""ok"",""voltage"":1.039,""pressure_kpa"":13.46,""pkt"":4307}",
2026-07-12T17:25:20,esp32,PR12P210,ok,1.033,13.32,4308,-60,9.25,"{""device"":""esp32"",""sensor"":""PR12P210"",""status"":""ok"",""voltage"":1.033,""pressure_kpa"":13.32,""pkt"":4308}",
2026-07-12T17:25:21,esp32,PR12P210,ok,1.032,13.31,4309,-59,9.50,"{""device"":""esp32"",""sensor"":""PR12P210"",""status"":""ok"",""voltage"":1.032,""pressure_kpa"":13.31,""pkt"":4309}",
2026-07-12T17:25:23,esp32,PR12P210,ok,1.024,13.11,4310,-61,9.50,"{""device"":""esp32"",""sensor"":""PR12P210"",""status"":""ok"",""voltage"":1.024,""pressure_kpa"":13.11,""pkt"":4310}",
2026-07-12T17:25:24,esp32,PR12P210,ok,1.017,12.93,4311,-58,10.00,"{""device"":""esp32"",""sensor"":""PR12P210"",""status"":""ok"",""voltage"":1.017,""pressure_kpa"":12.93,""pkt"":4311}",
2026-07-12T17:25:25,esp32,PR12P210,ok,1.018,12.96,4312,-60,10.00,"{""device"":""esp32"",""sensor"":""PR12P210"",""status"":""ok"",""voltage"":1.018,""pressure_kpa"":12.96,""pkt"":4312}",
2026-07-12T17:25:26,esp32,PR12P210,ok,1.014,12.85,4313,-58,10.00,"{""device"":""esp32"",""sensor"":""PR12P210"",""status"":""ok"",""voltage"":1.014,""pressure_kpa"":12.85,""pkt"":4313}",
2026-07-12T17:25:27,esp32,PR12P210,ok,1.04,13.49,4314,-60,9.25,"{""device"":""esp32"",""sensor"":""PR12P210"",""status"":""ok"",""voltage"":1.040,""pressure_kpa"":13.49,""pkt"":4314}",
2026-07-12T17:25:28,esp32,PR12P210,ok,1.049,13.72,4315,-62,9.00,"{""device"":""esp32"",""sensor"":""PR12P210"",""status"":""ok"",""voltage"":1.049,""pressure_kpa"":13.72,""pkt"":4315}",
2026-07-12T17:25:30,esp32,PR12P210,ok,1.051,13.77,4316,-58,10.00,"{""device"":""esp32"",""sensor"":""PR12P210"",""status"":""ok"",""voltage"":1.051,""pressure_kpa"":13.77,""pkt"":4316}",
2026-07-12T17:25:31,esp32,PR12P210,ok,1.042,13.55,4317,-61,9.75,"{""device"":""esp32"",""sensor"":""PR12P210"",""status"":""ok"",""voltage"":1.042,""pressure_kpa"":13.55,""pkt"":4317}",
2026-07-12T17:25:32,esp32,PR12P210,ok,1.025,13.12,4318,-58,9.75,"{""device"":""esp32"",""sensor"":""PR12P210"",""status"":""ok"",""voltage"":1.025,""pressure_kpa"":13.12,""pkt"":4318}",
2026-07-12T17:25:33,esp32,PR12P210,ok,1.025,13.12,4319,-59,9.50,"{""device"":""esp32"",""sensor"":""PR12P210"",""status"":""ok"",""voltage"":1.025,""pressure_kpa"":13.12,""pkt"":4319}",
2026-07-12T17:25:34,esp32,PR12P210,ok,1.008,12.69,4320,-60,10.00,"{""device"":""esp32"",""sensor"":""PR12P210"",""status"":""ok"",""voltage"":1.008,""pressure_kpa"":12.69,""pkt"":4320}",
2026-07-12T17:25:36,esp32,PR12P210,ok,1.021,13.02,4321,-59,9.25,"{""device"":""esp32"",""sensor"":""PR12P210"",""status"":""ok"",""voltage"":1.021,""pressure_kpa"":13.02,""pkt"":4321}",
2026-07-12T17:25:37,esp32,PR12P210,ok,1.039,13.49,4322,-60,9.00,"{""device"":""esp32"",""sensor"":""PR12P210"",""status"":""ok"",""voltage"":1.039,""pressure_kpa"":13.49,""pkt"":4322}",
2026-07-12T17:25:38,esp32,PR12P210,ok,1.05,13.74,4323,-58,10.25,"{""device"":""esp32"",""sensor"":""PR12P210"",""status"":""ok"",""voltage"":1.050,""pressure_kpa"":13.74,""pkt"":4323}",
2026-07-12T22:47:15,esp32,PR12P210,ok,1.222,18.06,2696,-68,10.25,"{""device"":""esp32"",""sensor"":""PR12P210"",""status"":""ok"",""voltage"":1.222,""pressure_kpa"":18.06,""pkt"":2696}",
2026-07-12T22:47:17,esp32,PR12P210,ok,1.274,19.36,2697,-69,9.75,"{""device"":""esp32"",""sensor"":""PR12P210"",""status"":""ok"",""voltage"":1.274,""pressure_kpa"":19.36,""pkt"":2697}",
2026-07-12T22:47:18,esp32,PR12P210,ok,1.281,19.51,2698,-68,9.75,"{""device"":""esp32"",""sensor"":""PR12P210"",""status"":""ok"",""voltage"":1.281,""pressure_kpa"":19.51,""pkt"":2698}",
2026-07-12T22:47:19,esp32,PR12P210,ok,1.219,17.97,2699,-68,10.00,"{""device"":""esp32"",""sensor"":""PR12P210"",""status"":""ok"",""voltage"":1.219,""pressure_kpa"":17.97,""pkt"":2699}",
2026-07-12T22:47:20,esp32,PR12P210,ok,1.274,19.35,2700,-69,10.00,"{""device"":""esp32"",""sensor"":""PR12P210"",""status"":""ok"",""voltage"":1.274,""pressure_kpa"":19.35,""pkt"":2700}",
2026-07-12T22:47:21,esp32,PR12P210,ok,1.249,18.71,2701,-69,9.50,"{""device"":""esp32"",""sensor"":""PR12P210"",""status"":""ok"",""voltage"":1.249,""pressure_kpa"":18.71,""pkt"":2701}",
2026-07-12T22:47:23,esp32,PR12P210,ok,1.243,18.59,2702,-69,9.50,"{""device"":""esp32"",""sensor"":""PR12P210"",""status"":""ok"",""voltage"":1.243,""pressure_kpa"":18.59,""pkt"":2702}",
2026-07-12T22:47:24,esp32,PR12P210,ok,1.274,19.35,2703,-69,9.75,"{""device"":""esp32"",""sensor"":""PR12P210"",""status"":""ok"",""voltage"":1.274,""pressure_kpa"":19.35,""pkt"":2703}",
2026-07-12T22:47:25,esp32,PR12P210,ok,1.206,17.64,2704,-69,9.50,"{""device"":""esp32"",""sensor"":""PR12P210"",""status"":""ok"",""voltage"":1.206,""pressure_kpa"":17.64,""pkt"":2704}",
2026-07-12T22:47:26,esp32,PR12P210,ok,1.263,19.08,2705,-69,10.00,"{""device"":""esp32"",""sensor"":""PR12P210"",""status"":""ok"",""voltage"":1.263,""pressure_kpa"":19.08,""pkt"":2705}",
2026-07-12T22:47:27,esp32,PR12P210,ok,1.278,19.45,2706,-70,9.75,"{""device"":""esp32"",""sensor"":""PR12P210"",""status"":""ok"",""voltage"":1.278,""pressure_kpa"":19.45,""pkt"":2706}",
2026-07-12T22:47:28,esp32,PR12P210,ok,1.236,18.39,2707,-69,9.75,"{""device"":""esp32"",""sensor"":""PR12P210"",""status"":""ok"",""voltage"":1.236,""pressure_kpa"":18.39,""pkt"":2707}",
2026-07-12T22:47:30,esp32,PR12P210,ok,1.271,19.27,2708,-69,9.75,"{""device"":""esp32"",""sensor"":""PR12P210"",""status"":""ok"",""voltage"":1.271,""pressure_kpa"":19.27,""pkt"":2708}",
2026-07-12T22:47:31,esp32,PR12P210,ok,1.205,17.63,2709,-69,9.50,"{""device"":""esp32"",""sensor"":""PR12P210"",""status"":""ok"",""voltage"":1.205,""pressure_kpa"":17.63,""pkt"":2709}",
2026-07-12T22:47:32,esp32,PR12P210,ok,1.272,19.3,2710,-69,10.00,"{""device"":""esp32"",""sensor"":""PR12P210"",""status"":""ok"",""voltage"":1.272,""pressure_kpa"":19.30,""pkt"":2710}",
2026-07-12T22:47:33,esp32,PR12P210,ok,1.226,18.14,2711,-68,9.75,"{""device"":""esp32"",""sensor"":""PR12P210"",""status"":""ok"",""voltage"":1.226,""pressure_kpa"":18.14,""pkt"":2711}",
2026-07-12T22:47:34,esp32,PR12P210,ok,1.267,19.17,2712,-69,9.50,"{""device"":""esp32"",""sensor"":""PR12P210"",""status"":""ok"",""voltage"":1.267,""pressure_kpa"":19.17,""pkt"":2712}",
2026-07-12T22:47:36,esp32,PR12P210,ok,1.236,18.4,2713,-69,10.00,"{""device"":""esp32"",""sensor"":""PR12P210"",""status"":""ok"",""voltage"":1.236,""pressure_kpa"":18.40,""pkt"":2713}",
2026-07-12T22:47:37,esp32,PR12P210,ok,1.264,19.1,2714,-69,9.50,"{""device"":""esp32"",""sensor"":""PR12P210"",""status"":""ok"",""voltage"":1.264,""pressure_kpa"":19.10,""pkt"":2714}",
2026-07-12T22:47:38,esp32,PR12P210,ok,1.212,17.79,2715,-69,9.25,"{""device"":""esp32"",""sensor"":""PR12P210"",""status"":""ok"",""voltage"":1.212,""pressure_kpa"":17.79,""pkt"":2715}",
2026-07-12T22:47:39,esp32,PR12P210,ok,1.272,19.31,2716,-71,9.75,"{""device"":""esp32"",""sensor"":""PR12P210"",""status"":""ok"",""voltage"":1.272,""pressure_kpa"":19.31,""pkt"":2716}",
2026-07-12T22:47:40,esp32,PR12P210,ok,1.208,17.7,2717,-71,9.50,"{""device"":""esp32"",""sensor"":""PR12P210"",""status"":""ok"",""voltage"":1.208,""pressure_kpa"":17.70,""pkt"":2717}",
2026-07-12T22:47:42,esp32,PR12P210,ok,1.276,19.39,2718,-70,9.50,"{""device"":""esp32"",""sensor"":""PR12P210"",""status"":""ok"",""voltage"":1.276,""pressure_kpa"":19.39,""pkt"":2718}",
2026-07-12T22:47:43,esp32,PR12P210,ok,1.23,18.25,2719,-70,10.00,"{""device"":""esp32"",""sensor"":""PR12P210"",""status"":""ok"",""voltage"":1.230,""pressure_kpa"":18.25,""pkt"":2719}",
2026-07-12T22:47:44,esp32,PR12P210,ok,1.277,19.43,2720,-71,9.25,"{""device"":""esp32"",""sensor"":""PR12P210"",""status"":""ok"",""voltage"":1.277,""pressure_kpa"":19.43,""pkt"":2720}",
2026-07-12T22:47:45,esp32,PR12P210,ok,1.261,19.04,2721,-71,9.50,"{""device"":""esp32"",""sensor"":""PR12P210"",""status"":""ok"",""voltage"":1.261,""pressure_kpa"":19.04,""pkt"":2721}",
2026-07-12T22:47:46,esp32,PR12P210,ok,1.228,18.19,2722,-68,9.50,"{""device"":""esp32"",""sensor"":""PR12P210"",""status"":""ok"",""voltage"":1.228,""pressure_kpa"":18.19,""pkt"":2722}",
2026-07-12T22:47:48,esp32,PR12P210,ok,1.274,19.34,2723,-69,9.50,"{""device"":""esp32"",""sensor"":""PR12P210"",""status"":""ok"",""voltage"":1.274,""pressure_kpa"":19.34,""pkt"":2723}",
2026-07-12T22:47:49,esp32,PR12P210,ok,1.209,17.72,2724,-68,9.25,"{""device"":""esp32"",""sensor"":""PR12P210"",""status"":""ok"",""voltage"":1.209,""pressure_kpa"":17.72,""pkt"":2724}",
2026-07-12T22:47:50,esp32,PR12P210,ok,1.27,19.24,2725,-68,9.75,"{""device"":""esp32"",""sensor"":""PR12P210"",""status"":""ok"",""voltage"":1.270,""pressure_kpa"":19.24,""pkt"":2725}",
2026-07-12T22:47:51,esp32,PR12P210,ok,1.239,18.47,2726,-69,10.00,"{""device"":""esp32"",""sensor"":""PR12P210"",""status"":""ok"",""voltage"":1.239,""pressure_kpa"":18.47,""pkt"":2726}",
2026-07-12T22:47:52,esp32,PR12P210,ok,1.269,19.21,2727,-69,9.50,"{""device"":""esp32"",""sensor"":""PR12P210"",""status"":""ok"",""voltage"":1.269,""pressure_kpa"":19.21,""pkt"":2727}",
2026-07-12T22:47:54,esp32,PR12P210,ok,1.271,19.27,2728,-68,9.75,"{""device"":""esp32"",""sensor"":""PR12P210"",""status"":""ok"",""voltage"":1.271,""pressure_kpa"":19.27,""pkt"":2728}",
2026-07-12T22:47:55,esp32,PR12P210,ok,1.212,17.8,2729,-68,12.00,"{""device"":""esp32"",""sensor"":""PR12P210"",""status"":""ok"",""voltage"":1.212,""pressure_kpa"":17.80,""pkt"":2729}",
2026-07-12T22:47:56,esp32,PR12P210,ok,1.274,19.36,2730,-68,10.25,"{""device"":""esp32"",""sensor"":""PR12P210"",""status"":""ok"",""voltage"":1.274,""pressure_kpa"":19.36,""pkt"":2730}",
2026-07-12T22:47:57,esp32,PR12P210,ok,1.264,19.09,2731,-69,9.75,"{""device"":""esp32"",""sensor"":""PR12P210"",""status"":""ok"",""voltage"":1.264,""pressure_kpa"":19.09,""pkt"":2731}",
2026-07-12T22:47:58,esp32,PR12P210,ok,1.209,17.72,2732,-68,9.50,"{""device"":""esp32"",""sensor"":""PR12P210"",""status"":""ok"",""voltage"":1.209,""pressure_kpa"":17.72,""pkt"":2732}",
2026-07-12T22:47:59,esp32,PR12P210,ok,1.274,19.35,2733,-68,9.50,"{""device"":""esp32"",""sensor"":""PR12P210"",""status"":""ok"",""voltage"":1.274,""pressure_kpa"":19.35,""pkt"":2733}",
2026-07-12T22:48:01,esp32,PR12P210,ok,1.245,18.62,2734,-70,9.50,"{""device"":""esp32"",""sensor"":""PR12P210"",""status"":""ok"",""voltage"":1.245,""pressure_kpa"":18.62,""pkt"":2734}",
2026-07-12T22:48:02,esp32,PR12P210,ok,1.22,18.01,2735,-69,10.25,"{""device"":""esp32"",""sensor"":""PR12P210"",""status"":""ok"",""voltage"":1.220,""pressure_kpa"":18.01,""pkt"":2735}",
2026-07-12T22:48:03,esp32,PR12P210,ok,1.277,19.44,2736,-68,9.75,"{""device"":""esp32"",""sensor"":""PR12P210"",""status"":""ok"",""voltage"":1.277,""pressure_kpa"":19.44,""pkt"":2736}",
2026-07-12T22:48:04,esp32,PR12P210,ok,1.243,18.57,2737,-69,9.75,"{""device"":""esp32"",""sensor"":""PR12P210"",""status"":""ok"",""voltage"":1.243,""pressure_kpa"":18.57,""pkt"":2737}",
2026-07-12T22:48:05,esp32,PR12P210,ok,1.238,18.45,2738,-69,9.50,"{""device"":""esp32"",""sensor"":""PR12P210"",""status"":""ok"",""voltage"":1.238,""pressure_kpa"":18.45,""pkt"":2738}",
2026-07-12T22:48:07,esp32,PR12P210,ok,1.274,19.35,2739,-68,10.25,"{""device"":""esp32"",""sensor"":""PR12P210"",""status"":""ok"",""voltage"":1.274,""pressure_kpa"":19.35,""pkt"":2739}",
2026-07-12T22:48:08,esp32,PR12P210,ok,1.236,18.39,2740,-69,12.75,"{""device"":""esp32"",""sensor"":""PR12P210"",""status"":""ok"",""voltage"":1.236,""pressure_kpa"":18.39,""pkt"":2740}",
2026-07-12T22:48:09,esp32,PR12P210,ok,1.276,19.4,2741,-68,10.50,"{""device"":""esp32"",""sensor"":""PR12P210"",""status"":""ok"",""voltage"":1.276,""pressure_kpa"":19.40,""pkt"":2741}",
2026-07-12T22:48:10,esp32,PR12P210,ok,1.275,19.37,2742,-69,9.75,"{""device"":""esp32"",""sensor"":""PR12P210"",""status"":""ok"",""voltage"":1.275,""pressure_kpa"":19.37,""pkt"":2742}",
2026-07-12T22:48:11,esp32,PR12P210,ok,1.218,17.94,2743,-68,9.75,"{""device"":""esp32"",""sensor"":""PR12P210"",""status"":""ok"",""voltage"":1.218,""pressure_kpa"":17.94,""pkt"":2743}",
2026-07-12T22:48:13,esp32,PR12P210,ok,1.278,19.44,2744,-69,9.50,"{""device"":""esp32"",""sensor"":""PR12P210"",""status"":""ok"",""voltage"":1.278,""pressure_kpa"":19.44,""pkt"":2744}",
2026-07-12T22:48:14,esp32,PR12P210,ok,1.256,18.89,2745,-72,9.50,"{""device"":""esp32"",""sensor"":""PR12P210"",""status"":""ok"",""voltage"":1.256,""pressure_kpa"":18.89,""pkt"":2745}",
2026-07-12T22:48:15,esp32,PR12P210,ok,1.265,19.13,2746,-66,9.75,"{""device"":""esp32"",""sensor"":""PR12P210"",""status"":""ok"",""voltage"":1.265,""pressure_kpa"":19.13,""pkt"":2746}",
2026-07-12T22:48:16,esp32,PR12P210,ok,1.269,19.22,2747,-67,10.00,"{""device"":""esp32"",""sensor"":""PR12P210"",""status"":""ok"",""voltage"":1.269,""pressure_kpa"":19.22,""pkt"":2747}",
2026-07-12T22:48:17,esp32,PR12P210,ok,1.21,17.76,2748,-68,9.75,"{""device"":""esp32"",""sensor"":""PR12P210"",""status"":""ok"",""voltage"":1.210,""pressure_kpa"":17.76,""pkt"":2748}",
2026-07-12T22:48:19,esp32,PR12P210,ok,1.28,19.49,2749,-67,10.25,"{""device"":""esp32"",""sensor"":""PR12P210"",""status"":""ok"",""voltage"":1.280,""pressure_kpa"":19.49,""pkt"":2749}",
2026-07-12T22:48:20,esp32,PR12P210,ok,1.21,17.76,2750,-67,10.75,"{""device"":""esp32"",""sensor"":""PR12P210"",""status"":""ok"",""voltage"":1.210,""pressure_kpa"":17.76,""pkt"":2750}",
2026-07-12T22:48:21,esp32,PR12P210,ok,1.276,19.39,2751,-67,10.25,"{""device"":""esp32"",""sensor"":""PR12P210"",""status"":""ok"",""voltage"":1.276,""pressure_kpa"":19.39,""pkt"":2751}",
2026-07-12T22:48:22,esp32,PR12P210,ok,1.233,18.32,2752,-68,10.50,"{""device"":""esp32"",""sensor"":""PR12P210"",""status"":""ok"",""voltage"":1.233,""pressure_kpa"":18.32,""pkt"":2752}",
2026-07-12T22:48:23,esp32,PR12P210,ok,1.272,19.31,2753,-68,10.00,"{""device"":""esp32"",""sensor"":""PR12P210"",""status"":""ok"",""voltage"":1.272,""pressure_kpa"":19.31,""pkt"":2753}",
2026-07-12T22:48:25,esp32,PR12P210,ok,1.252,18.79,2754,-67,9.75,"{""device"":""esp32"",""sensor"":""PR12P210"",""status"":""ok"",""voltage"":1.252,""pressure_kpa"":18.79,""pkt"":2754}",
2026-07-12T22:48:26,esp32,PR12P210,ok,1.259,18.96,2755,-67,9.75,"{""device"":""esp32"",""sensor"":""PR12P210"",""status"":""ok"",""voltage"":1.259,""pressure_kpa"":18.96,""pkt"":2755}",
2026-07-12T22:48:27,esp32,PR12P210,ok,1.272,19.3,2756,-68,9.75,"{""device"":""esp32"",""sensor"":""PR12P210"",""status"":""ok"",""voltage"":1.272,""pressure_kpa"":19.30,""pkt"":2756}",
2026-07-12T22:48:28,esp32,PR12P210,ok,1.204,17.6,2757,-67,9.75,"{""device"":""esp32"",""sensor"":""PR12P210"",""status"":""ok"",""voltage"":1.204,""pressure_kpa"":17.60,""pkt"":2757}",
2026-07-12T22:48:29,esp32,PR12P210,ok,1.272,19.31,2758,-66,9.50,"{""device"":""esp32"",""sensor"":""PR12P210"",""status"":""ok"",""voltage"":1.272,""pressure_kpa"":19.31,""pkt"":2758}",
2026-07-12T22:48:30,esp32,PR12P210,ok,1.231,18.29,2759,-66,10.25,"{""device"":""esp32"",""sensor"":""PR12P210"",""status"":""ok"",""voltage"":1.231,""pressure_kpa"":18.29,""pkt"":2759}",
2026-07-12T22:48:32,esp32,PR12P210,ok,1.278,19.46,2760,-66,10.00,"{""device"":""esp32"",""sensor"":""PR12P210"",""status"":""ok"",""voltage"":1.278,""pressure_kpa"":19.46,""pkt"":2760}",
2026-07-12T22:48:33,esp32,PR12P210,ok,1.268,19.21,2761,-67,9.00,"{""device"":""esp32"",""sensor"":""PR12P210"",""status"":""ok"",""voltage"":1.268,""pressure_kpa"":19.21,""pkt"":2761}",
2026-07-12T22:48:34,esp32,PR12P210,ok,1.203,17.57,2762,-66,10.50,"{""device"":""esp32"",""sensor"":""PR12P210"",""status"":""ok"",""voltage"":1.203,""pressure_kpa"":17.57,""pkt"":2762}",
2026-07-12T22:48:35,esp32,PR12P210,ok,1.273,19.32,2763,-66,10.25,"{""device"":""esp32"",""sensor"":""PR12P210"",""status"":""ok"",""voltage"":1.273,""pressure_kpa"":19.32,""pkt"":2763}",
2026-07-12T22:48:36,esp32,PR12P210,ok,1.241,18.52,2764,-67,9.00,"{""device"":""esp32"",""sensor"":""PR12P210"",""status"":""ok"",""voltage"":1.241,""pressure_kpa"":18.52,""pkt"":2764}",
2026-07-12T22:48:38,esp32,PR12P210,ok,1.234,18.35,2765,-66,9.50,"{""device"":""esp32"",""sensor"":""PR12P210"",""status"":""ok"",""voltage"":1.234,""pressure_kpa"":18.35,""pkt"":2765}",
2026-07-12T22:48:39,esp32,PR12P210,ok,1.281,19.53,2766,-66,10.25,"{""device"":""esp32"",""sensor"":""PR12P210"",""status"":""ok"",""voltage"":1.281,""pressure_kpa"":19.53,""pkt"":2766}",
2026-07-12T22:48:40,esp32,PR12P210,ok,1.235,18.38,2767,-66,9.00,"{""device"":""esp32"",""sensor"":""PR12P210"",""status"":""ok"",""voltage"":1.235,""pressure_kpa"":18.38,""pkt"":2767}",
2026-07-12T22:48:41,esp32,PR12P210,ok,1.256,18.91,2768,-66,9.25,"{""device"":""esp32"",""sensor"":""PR12P210"",""status"":""ok"",""voltage"":1.256,""pressure_kpa"":18.91,""pkt"":2768}",
2026-07-12T22:48:42,esp32,PR12P210,ok,1.276,19.4,2769,-66,9.50,"{""device"":""esp32"",""sensor"":""PR12P210"",""status"":""ok"",""voltage"":1.276,""pressure_kpa"":19.40,""pkt"":2769}",
2026-07-12T22:48:44,esp32,PR12P210,ok,1.222,18.06,2770,-66,10.00,"{""device"":""esp32"",""sensor"":""PR12P210"",""status"":""ok"",""voltage"":1.222,""pressure_kpa"":18.06,""pkt"":2770}",
2026-07-12T22:48:45,esp32,PR12P210,ok,1.278,19.46,2771,-66,9.50,"{""device"":""esp32"",""sensor"":""PR12P210"",""status"":""ok"",""voltage"":1.278,""pressure_kpa"":19.46,""pkt"":2771}",
2026-07-12T22:48:46,esp32,PR12P210,ok,1.239,18.46,2772,-66,9.50,"{""device"":""esp32"",""sensor"":""PR12P210"",""status"":""ok"",""voltage"":1.239,""pressure_kpa"":18.46,""pkt"":2772}",
2026-07-12T22:48:47,esp32,PR12P210,ok,1.281,19.51,2773,-74,9.75,"{""device"":""esp32"",""sensor"":""PR12P210"",""status"":""ok"",""voltage"":1.281,""pressure_kpa"":19.51,""pkt"":2773}",
2026-07-12T22:48:48,esp32,PR12P210,ok,1.244,18.6,2774,-71,9.25,"{""device"":""esp32"",""sensor"":""PR12P210"",""status"":""ok"",""voltage"":1.244,""pressure_kpa"":18.60,""pkt"":2774}",
2026-07-12T22:48:50,esp32,PR12P210,ok,1.278,19.46,2775,-69,9.25,"{""device"":""esp32"",""sensor"":""PR12P210"",""status"":""ok"",""voltage"":1.278,""pressure_kpa"":19.46,""pkt"":2775}",
2026-07-12T22:48:51,esp32,PR12P210,ok,1.24,18.51,2776,-70,10.00,"{""device"":""esp32"",""sensor"":""PR12P210"",""status"":""ok"",""voltage"":1.240,""pressure_kpa"":18.51,""pkt"":2776}",
2026-07-12T22:48:52,esp32,PR12P210,ok,1.276,19.4,2777,-72,9.50,"{""device"":""esp32"",""sensor"":""PR12P210"",""status"":""ok"",""voltage"":1.276,""pressure_kpa"":19.40,""pkt"":2777}",
2026-07-12T22:48:53,esp32,PR12P210,ok,1.224,18.1,2778,-69,9.50,"{""device"":""esp32"",""sensor"":""PR12P210"",""status"":""ok"",""voltage"":1.224,""pressure_kpa"":18.10,""pkt"":2778}",
2026-07-12T22:48:54,esp32,PR12P210,ok,1.279,19.47,2779,-68,9.75,"{""device"":""esp32"",""sensor"":""PR12P210"",""status"":""ok"",""voltage"":1.279,""pressure_kpa"":19.47,""pkt"":2779}",
2026-07-12T22:48:56,esp32,PR12P210,ok,1.222,18.06,2780,-69,10.00,"{""device"":""esp32"",""sensor"":""PR12P210"",""status"":""ok"",""voltage"":1.222,""pressure_kpa"":18.06,""pkt"":2780}",
2026-07-12T22:48:57,esp32,PR12P210,ok,1.275,19.37,2781,-68,9.75,"{""device"":""esp32"",""sensor"":""PR12P210"",""status"":""ok"",""voltage"":1.275,""pressure_kpa"":19.37,""pkt"":2781}",
2026-07-12T22:48:58,esp32,PR12P210,ok,1.208,17.7,2782,-68,9.75,"{""device"":""esp32"",""sensor"":""PR12P210"",""status"":""ok"",""voltage"":1.208,""pressure_kpa"":17.70,""pkt"":2782}",
2026-07-12T22:48:59,esp32,PR12P210,ok,1.275,19.37,2783,-68,10.00,"{""device"":""esp32"",""sensor"":""PR12P210"",""status"":""ok"",""voltage"":1.275,""pressure_kpa"":19.37,""pkt"":2783}",
2026-07-12T22:49:00,esp32,PR12P210,ok,1.212,17.79,2784,-69,10.00,"{""device"":""esp32"",""sensor"":""PR12P210"",""status"":""ok"",""voltage"":1.212,""pressure_kpa"":17.79,""pkt"":2784}",
2026-07-12T22:49:01,esp32,PR12P210,ok,1.268,19.19,2785,-68,9.75,"{""device"":""esp32"",""sensor"":""PR12P210"",""status"":""ok"",""voltage"":1.268,""pressure_kpa"":19.19,""pkt"":2785}",
2026-07-12T22:49:03,esp32,PR12P210,ok,1.253,18.84,2786,-68,9.75,"{""device"":""esp32"",""sensor"":""PR12P210"",""status"":""ok"",""voltage"":1.253,""pressure_kpa"":18.84,""pkt"":2786}",
2026-07-12T22:49:04,esp32,PR12P210,ok,1.246,18.65,2787,-69,9.75,"{""device"":""esp32"",""sensor"":""PR12P210"",""status"":""ok"",""voltage"":1.246,""pressure_kpa"":18.65,""pkt"":2787}",
2026-07-12T22:49:05,esp32,PR12P210,ok,1.278,19.44,2788,-68,9.25,"{""device"":""esp32"",""sensor"":""PR12P210"",""status"":""ok"",""voltage"":1.278,""pressure_kpa"":19.44,""pkt"":2788}",
2026-07-12T22:49:06,esp32,PR12P210,ok,1.221,18.04,2789,-68,10.25,"{""device"":""esp32"",""sensor"":""PR12P210"",""status"":""ok"",""voltage"":1.221,""pressure_kpa"":18.04,""pkt"":2789}",
2026-07-12T22:49:07,esp32,PR12P210,ok,1.272,19.3,2790,-75,9.75,"{""device"":""esp32"",""sensor"":""PR12P210"",""status"":""ok"",""voltage"":1.272,""pressure_kpa"":19.30,""pkt"":2790}",
2026-07-12T22:49:09,esp32,PR12P210,ok,1.212,17.8,2791,-77,9.00,"{""device"":""esp32"",""sensor"":""PR12P210"",""status"":""ok"",""voltage"":1.212,""pressure_kpa"":17.80,""pkt"":2791}",
2026-07-12T22:49:10,esp32,PR12P210,ok,1.263,19.07,2792,-68,9.50,"{""device"":""esp32"",""sensor"":""PR12P210"",""status"":""ok"",""voltage"":1.263,""pressure_kpa"":19.07,""pkt"":2792}",
2026-07-12T22:49:11,esp32,PR12P210,ok,1.278,19.46,2793,-71,9.75,"{""device"":""esp32"",""sensor"":""PR12P210"",""status"":""ok"",""voltage"":1.278,""pressure_kpa"":19.46,""pkt"":2793}",
2026-07-12T22:49:12,esp32,PR12P210,ok,1.237,18.42,2794,-71,9.25,"{""device"":""esp32"",""sensor"":""PR12P210"",""status"":""ok"",""voltage"":1.237,""pressure_kpa"":18.42,""pkt"":2794}",
2026-07-12T22:49:13,esp32,PR12P210,ok,1.275,19.37,2795,-70,10.25,"{""device"":""esp32"",""sensor"":""PR12P210"",""status"":""ok"",""voltage"":1.275,""pressure_kpa"":19.37,""pkt"":2795}",
2026-07-12T22:49:15,esp32,PR12P210,ok,1.207,17.68,2796,-74,9.25,"{""device"":""esp32"",""sensor"":""PR12P210"",""status"":""ok"",""voltage"":1.207,""pressure_kpa"":17.68,""pkt"":2796}",
2026-07-12T22:49:16,esp32,PR12P210,ok,1.264,19.09,2797,-70,8.75,"{""device"":""esp32"",""sensor"":""PR12P210"",""status"":""ok"",""voltage"":1.264,""pressure_kpa"":19.09,""pkt"":2797}",
2026-07-12T22:49:17,esp32,PR12P210,ok,1.272,19.31,2798,-67,9.75,"{""device"":""esp32"",""sensor"":""PR12P210"",""status"":""ok"",""voltage"":1.272,""pressure_kpa"":19.31,""pkt"":2798}",
2026-07-12T22:49:18,esp32,PR12P210,ok,1.204,17.6,2799,-68,10.00,"{""device"":""esp32"",""sensor"":""PR12P210"",""status"":""ok"",""voltage"":1.204,""pressure_kpa"":17.60,""pkt"":2799}",
2026-07-12T22:49:19,esp32,PR12P210,ok,1.249,18.73,2800,-67,10.25,"{""device"":""esp32"",""sensor"":""PR12P210"",""status"":""ok"",""voltage"":1.249,""pressure_kpa"":18.73,""pkt"":2800}",
2026-07-12T22:49:21,esp32,PR12P210,ok,1.278,19.45,2801,-68,10.00,"{""device"":""esp32"",""sensor"":""PR12P210"",""status"":""ok"",""voltage"":1.278,""pressure_kpa"":19.45,""pkt"":2801}",
2026-07-12T22:49:22,esp32,PR12P210,ok,1.276,19.4,2802,-68,10.00,"{""device"":""esp32"",""sensor"":""PR12P210"",""status"":""ok"",""voltage"":1.276,""pressure_kpa"":19.40,""pkt"":2802}",
2026-07-12T22:49:23,esp32,PR12P210,ok,1.211,17.77,2803,-67,9.75,"{""device"":""esp32"",""sensor"":""PR12P210"",""status"":""ok"",""voltage"":1.211,""pressure_kpa"":17.77,""pkt"":2803}",
2026-07-12T22:49:24,esp32,PR12P210,ok,1.223,18.06,2804,-67,9.50,"{""device"":""esp32"",""sensor"":""PR12P210"",""status"":""ok"",""voltage"":1.223,""pressure_kpa"":18.06,""pkt"":2804}",
2026-07-12T22:49:25,esp32,PR12P210,ok,1.263,19.08,2805,-68,9.75,"{""device"":""esp32"",""sensor"":""PR12P210"",""status"":""ok"",""voltage"":1.263,""pressure_kpa"":19.08,""pkt"":2805}",
2026-07-12T22:49:27,esp32,PR12P210,ok,1.278,19.45,2806,-67,10.00,"{""device"":""esp32"",""sensor"":""PR12P210"",""status"":""ok"",""voltage"":1.278,""pressure_kpa"":19.45,""pkt"":2806}",
2026-07-12T22:49:28,esp32,PR12P210,ok,1.272,19.31,2807,-67,9.50,"{""device"":""esp32"",""sensor"":""PR12P210"",""status"":""ok"",""voltage"":1.272,""pressure_kpa"":19.31,""pkt"":2807}",
2026-07-12T22:49:29,esp32,PR12P210,ok,1.265,19.13,2808,-67,9.50,"{""device"":""esp32"",""sensor"":""PR12P210"",""status"":""ok"",""voltage"":1.265,""pressure_kpa"":19.13,""pkt"":2808}",
2026-07-12T22:49:30,esp32,PR12P210,ok,1.212,17.79,2809,-67,9.50,"{""device"":""esp32"",""sensor"":""PR12P210"",""status"":""ok"",""voltage"":1.212,""pressure_kpa"":17.79,""pkt"":2809}",
2026-07-12T22:49:31,esp32,PR12P210,ok,1.226,18.16,2810,-67,10.75,"{""device"":""esp32"",""sensor"":""PR12P210"",""status"":""ok"",""voltage"":1.226,""pressure_kpa"":18.16,""pkt"":2810}",
2026-07-12T22:49:32,esp32,PR12P210,ok,1.245,18.64,2811,-67,9.75,"{""device"":""esp32"",""sensor"":""PR12P210"",""status"":""ok"",""voltage"":1.245,""pressure_kpa"":18.64,""pkt"":2811}",
2026-07-12T22:49:34,esp32,PR12P210,ok,1.274,19.34,2812,-67,9.75,"{""device"":""esp32"",""sensor"":""PR12P210"",""status"":""ok"",""voltage"":1.274,""pressure_kpa"":19.34,""pkt"":2812}",
2026-07-12T22:50:26,esp32,PR12P210,ok,1.269,19.22,2856,-71,10.00,"{""device"":""esp32"",""sensor"":""PR12P210"",""status"":""ok"",""voltage"":1.269,""pressure_kpa"":19.22,""pkt"":2856}",
2026-07-12T22:50:27,esp32,PR12P210,ok,1.213,17.83,2857,-68,9.50,"{""device"":""esp32"",""sensor"":""PR12P210"",""status"":""ok"",""voltage"":1.213,""pressure_kpa"":17.83,""pkt"":2857}",
2026-07-12T22:50:28,esp32,PR12P210,ok,1.256,18.91,2858,-69,10.25,"{""device"":""esp32"",""sensor"":""PR12P210"",""status"":""ok"",""voltage"":1.256,""pressure_kpa"":18.91,""pkt"":2858}",
2026-07-12T22:50:30,esp32,PR12P210,ok,1.28,19.49,2859,-69,10.25,"{""device"":""esp32"",""sensor"":""PR12P210"",""status"":""ok"",""voltage"":1.280,""pressure_kpa"":19.49,""pkt"":2859}",
2026-07-12T22:50:31,esp32,PR12P210,ok,1.241,18.53,2860,-69,9.50,"{""device"":""esp32"",""sensor"":""PR12P210"",""status"":""ok"",""voltage"":1.241,""pressure_kpa"":18.53,""pkt"":2860}",
2026-07-12T22:50:32,esp32,PR12P210,ok,1.24,18.49,2861,-70,9.75,"{""device"":""esp32"",""sensor"":""PR12P210"",""status"":""ok"",""voltage"":1.240,""pressure_kpa"":18.49,""pkt"":2861}",
2026-07-12T22:50:33,esp32,PR12P210,ok,1.279,19.47,2862,-69,9.75,"{""device"":""esp32"",""sensor"":""PR12P210"",""status"":""ok"",""voltage"":1.279,""pressure_kpa"":19.47,""pkt"":2862}",
2026-07-12T22:50:34,esp32,PR12P210,ok,1.239,18.47,2863,-69,10.00,"{""device"":""esp32"",""sensor"":""PR12P210"",""status"":""ok"",""voltage"":1.239,""pressure_kpa"":18.47,""pkt"":2863}",
2026-07-12T22:50:36,esp32,PR12P210,ok,1.238,18.46,2864,-70,9.75,"{""device"":""esp32"",""sensor"":""PR12P210"",""status"":""ok"",""voltage"":1.238,""pressure_kpa"":18.46,""pkt"":2864}",
2026-07-12T22:50:37,esp32,PR12P210,ok,1.276,19.4,2865,-69,10.25,"{""device"":""esp32"",""sensor"":""PR12P210"",""status"":""ok"",""voltage"":1.276,""pressure_kpa"":19.40,""pkt"":2865}",
2026-07-12T22:50:38,esp32,PR12P210,ok,1.207,17.67,2866,-69,9.25,"{""device"":""esp32"",""sensor"":""PR12P210"",""status"":""ok"",""voltage"":1.207,""pressure_kpa"":17.67,""pkt"":2866}",
2026-07-12T22:50:39,esp32,PR12P210,ok,1.256,18.91,2867,-70,9.25,"{""device"":""esp32"",""sensor"":""PR12P210"",""status"":""ok"",""voltage"":1.256,""pressure_kpa"":18.91,""pkt"":2867}",
2026-07-12T22:50:40,esp32,PR12P210,ok,1.274,19.36,2868,-68,9.75,"{""device"":""esp32"",""sensor"":""PR12P210"",""status"":""ok"",""voltage"":1.274,""pressure_kpa"":19.36,""pkt"":2868}",
2026-07-12T22:50:42,esp32,PR12P210,ok,1.21,17.75,2869,-67,10.00,"{""device"":""esp32"",""sensor"":""PR12P210"",""status"":""ok"",""voltage"":1.210,""pressure_kpa"":17.75,""pkt"":2869}",
2026-07-12T22:50:43,esp32,PR12P210,ok,1.273,19.32,2870,-68,10.00,"{""device"":""esp32"",""sensor"":""PR12P210"",""status"":""ok"",""voltage"":1.273,""pressure_kpa"":19.32,""pkt"":2870}",
2026-07-12T22:50:44,esp32,PR12P210,ok,1.259,18.98,2871,-68,9.50,"{""device"":""esp32"",""sensor"":""PR12P210"",""status"":""ok"",""voltage"":1.259,""pressure_kpa"":18.98,""pkt"":2871}",
2026-07-12T22:50:45,esp32,PR12P210,ok,1.244,18.59,2872,-67,9.75,"{""device"":""esp32"",""sensor"":""PR12P210"",""status"":""ok"",""voltage"":1.244,""pressure_kpa"":18.59,""pkt"":2872}",
2026-07-12T22:50:46,esp32,PR12P210,ok,1.276,19.39,2873,-68,10.25,"{""device"":""esp32"",""sensor"":""PR12P210"",""status"":""ok"",""voltage"":1.276,""pressure_kpa"":19.39,""pkt"":2873}",
2026-07-12T22:50:48,esp32,PR12P210,ok,1.206,17.65,2874,-67,9.50,"{""device"":""esp32"",""sensor"":""PR12P210"",""status"":""ok"",""voltage"":1.206,""pressure_kpa"":17.65,""pkt"":2874}",
2026-07-12T22:50:49,esp32,PR12P210,ok,1.27,19.26,2875,-69,10.00,"{""device"":""esp32"",""sensor"":""PR12P210"",""status"":""ok"",""voltage"":1.270,""pressure_kpa"":19.26,""pkt"":2875}",
2026-07-12T22:50:50,esp32,PR12P210,ok,1.282,19.56,2876,-67,9.75,"{""device"":""esp32"",""sensor"":""PR12P210"",""status"":""ok"",""voltage"":1.282,""pressure_kpa"":19.56,""pkt"":2876}",
2026-07-12T22:50:51,esp32,PR12P210,ok,1.236,18.39,2877,-67,9.50,"{""device"":""esp32"",""sensor"":""PR12P210"",""status"":""ok"",""voltage"":1.236,""pressure_kpa"":18.39,""pkt"":2877}",
2026-07-12T22:50:52,esp32,PR12P210,ok,1.277,19.42,2878,-67,9.50,"{""device"":""esp32"",""sensor"":""PR12P210"",""status"":""ok"",""voltage"":1.277,""pressure_kpa"":19.42,""pkt"":2878}",
2026-07-12T22:50:54,esp32,PR12P210,ok,1.252,18.8,2879,-67,9.50,"{""device"":""esp32"",""sensor"":""PR12P210"",""status"":""ok"",""voltage"":1.252,""pressure_kpa"":18.80,""pkt"":2879}",
2026-07-12T22:50:55,esp32,PR12P210,ok,1.24,18.5,2880,-67,10.75,"{""device"":""esp32"",""sensor"":""PR12P210"",""status"":""ok"",""voltage"":1.240,""pressure_kpa"":18.50,""pkt"":2880}",
2026-07-12T22:50:56,esp32,PR12P210,ok,1.274,19.34,2881,-67,9.50,"{""device"":""esp32"",""sensor"":""PR12P210"",""status"":""ok"",""voltage"":1.274,""pressure_kpa"":19.34,""pkt"":2881}",
2026-07-12T22:50:57,esp32,PR12P210,ok,1.23,18.25,2882,-67,9.75,"{""device"":""esp32"",""sensor"":""PR12P210"",""status"":""ok"",""voltage"":1.230,""pressure_kpa"":18.25,""pkt"":2882}",
2026-07-12T22:50:58,esp32,PR12P210,ok,1.255,18.87,2883,-67,10.00,"{""device"":""esp32"",""sensor"":""PR12P210"",""status"":""ok"",""voltage"":1.255,""pressure_kpa"":18.87,""pkt"":2883}",
2026-07-12T22:50:59,esp32,PR12P210,ok,1.278,19.46,2884,-70,9.50,"{""device"":""esp32"",""sensor"":""PR12P210"",""status"":""ok"",""voltage"":1.278,""pressure_kpa"":19.46,""pkt"":2884}",
2026-07-12T22:51:01,esp32,PR12P210,ok,1.209,17.73,2885,-71,9.75,"{""device"":""esp32"",""sensor"":""PR12P210"",""status"":""ok"",""voltage"":1.209,""pressure_kpa"":17.73,""pkt"":2885}",
2026-07-12T22:51:02,esp32,PR12P210,ok,1.264,19.09,2886,-70,9.25,"{""device"":""esp32"",""sensor"":""PR12P210"",""status"":""ok"",""voltage"":1.264,""pressure_kpa"":19.09,""pkt"":2886}",
2026-07-12T22:51:03,esp32,PR12P210,ok,1.274,19.36,2887,-70,9.50,"{""device"":""esp32"",""sensor"":""PR12P210"",""status"":""ok"",""voltage"":1.274,""pressure_kpa"":19.36,""pkt"":2887}",
2026-07-12T22:51:04,esp32,PR12P210,ok,1.215,17.88,2888,-70,9.50,"{""device"":""esp32"",""sensor"":""PR12P210"",""status"":""ok"",""voltage"":1.215,""pressure_kpa"":17.88,""pkt"":2888}",
2026-07-12T22:51:05,esp32,PR12P210,ok,1.274,19.35,2889,-70,9.50,"{""device"":""esp32"",""sensor"":""PR12P210"",""status"":""ok"",""voltage"":1.274,""pressure_kpa"":19.35,""pkt"":2889}",
2026-07-12T22:51:07,esp32,PR12P210,ok,1.231,18.27,2890,-69,9.75,"{""device"":""esp32"",""sensor"":""PR12P210"",""status"":""ok"",""voltage"":1.231,""pressure_kpa"":18.27,""pkt"":2890}",
2026-07-12T22:51:08,esp32,PR12P210,ok,1.254,18.85,2891,-70,9.25,"{""device"":""esp32"",""sensor"":""PR12P210"",""status"":""ok"",""voltage"":1.254,""pressure_kpa"":18.85,""pkt"":2891}",
2026-07-12T22:51:09,esp32,PR12P210,ok,1.278,19.46,2892,-70,9.50,"{""device"":""esp32"",""sensor"":""PR12P210"",""status"":""ok"",""voltage"":1.278,""pressure_kpa"":19.46,""pkt"":2892}",
2026-07-12T22:51:10,esp32,PR12P210,ok,1.229,18.23,2893,-68,10.50,"{""device"":""esp32"",""sensor"":""PR12P210"",""status"":""ok"",""voltage"":1.229,""pressure_kpa"":18.23,""pkt"":2893}",
2026-07-12T22:51:11,esp32,PR12P210,ok,1.276,19.39,2894,-68,9.50,"{""device"":""esp32"",""sensor"":""PR12P210"",""status"":""ok"",""voltage"":1.276,""pressure_kpa"":19.39,""pkt"":2894}",
2026-07-12T22:51:13,esp32,PR12P210,ok,1.212,17.8,2895,-68,10.25,"{""device"":""esp32"",""sensor"":""PR12P210"",""status"":""ok"",""voltage"":1.212,""pressure_kpa"":17.80,""pkt"":2895}",
2026-07-12T22:51:14,esp32,PR12P210,ok,1.261,19.04,2896,-68,10.25,"{""device"":""esp32"",""sensor"":""PR12P210"",""status"":""ok"",""voltage"":1.261,""pressure_kpa"":19.04,""pkt"":2896}",
2026-07-12T22:51:15,esp32,PR12P210,ok,1.279,19.48,2897,-69,9.75,"{""device"":""esp32"",""sensor"":""PR12P210"",""status"":""ok"",""voltage"":1.279,""pressure_kpa"":19.48,""pkt"":2897}",
2026-07-12T22:51:16,esp32,PR12P210,ok,1.212,17.79,2898,-68,10.00,"{""device"":""esp32"",""sensor"":""PR12P210"",""status"":""ok"",""voltage"":1.212,""pressure_kpa"":17.79,""pkt"":2898}",
2026-07-12T22:51:17,esp32,PR12P210,ok,1.27,19.25,2899,-68,10.00,"{""device"":""esp32"",""sensor"":""PR12P210"",""status"":""ok"",""voltage"":1.270,""pressure_kpa"":19.25,""pkt"":2899}",
2026-07-12T22:51:19,esp32,PR12P210,ok,1.276,19.39,2900,-68,10.25,"{""device"":""esp32"",""sensor"":""PR12P210"",""status"":""ok"",""voltage"":1.276,""pressure_kpa"":19.39,""pkt"":2900}",
2026-07-12T22:51:20,esp32,PR12P210,ok,1.225,18.12,2901,-69,9.50,"{""device"":""esp32"",""sensor"":""PR12P210"",""status"":""ok"",""voltage"":1.225,""pressure_kpa"":18.12,""pkt"":2901}",
2026-07-12T22:51:21,esp32,PR12P210,ok,1.271,19.27,2902,-71,9.50,"{""device"":""esp32"",""sensor"":""PR12P210"",""status"":""ok"",""voltage"":1.271,""pressure_kpa"":19.27,""pkt"":2902}",
2026-07-12T22:51:22,esp32,PR12P210,ok,1.278,19.44,2903,-69,10.25,"{""device"":""esp32"",""sensor"":""PR12P210"",""status"":""ok"",""voltage"":1.278,""pressure_kpa"":19.44,""pkt"":2903}",
2026-07-12T22:51:23,esp32,PR12P210,ok,1.231,18.26,2904,-69,10.25,"{""device"":""esp32"",""sensor"":""PR12P210"",""status"":""ok"",""voltage"":1.231,""pressure_kpa"":18.26,""pkt"":2904}",
2026-07-12T22:51:25,esp32,PR12P210,ok,1.271,19.27,2905,-70,9.75,"{""device"":""esp32"",""sensor"":""PR12P210"",""status"":""ok"",""voltage"":1.271,""pressure_kpa"":19.27,""pkt"":2905}",
2026-07-12T22:51:26,esp32,PR12P210,ok,1.26,19.0,2906,-69,10.50,"{""device"":""esp32"",""sensor"":""PR12P210"",""status"":""ok"",""voltage"":1.260,""pressure_kpa"":19.00,""pkt"":2906}",
2026-07-12T22:51:27,esp32,PR12P210,ok,1.24,18.49,2907,-70,10.00,"{""device"":""esp32"",""sensor"":""PR12P210"",""status"":""ok"",""voltage"":1.240,""pressure_kpa"":18.49,""pkt"":2907}",
2026-07-12T22:51:28,esp32,PR12P210,ok,1.275,19.37,2908,-69,9.75,"{""device"":""esp32"",""sensor"":""PR12P210"",""status"":""ok"",""voltage"":1.275,""pressure_kpa"":19.37,""pkt"":2908}",
2026-07-12T22:51:29,esp32,PR12P210,ok,1.243,18.58,2909,-69,9.75,"{""device"":""esp32"",""sensor"":""PR12P210"",""status"":""ok"",""voltage"":1.243,""pressure_kpa"":18.58,""pkt"":2909}",
2026-07-12T22:51:30,esp32,PR12P210,ok,1.237,18.41,2910,-70,10.25,"{""device"":""esp32"",""sensor"":""PR12P210"",""status"":""ok"",""voltage"":1.237,""pressure_kpa"":18.41,""pkt"":2910}",
2026-07-12T22:51:32,esp32,PR12P210,ok,1.275,19.38,2911,-69,9.75,"{""device"":""esp32"",""sensor"":""PR12P210"",""status"":""ok"",""voltage"":1.275,""pressure_kpa"":19.38,""pkt"":2911}",
2026-07-12T22:51:33,esp32,PR12P210,ok,1.245,18.63,2912,-69,9.50,"{""device"":""esp32"",""sensor"":""PR12P210"",""status"":""ok"",""voltage"":1.245,""pressure_kpa"":18.63,""pkt"":2912}",
2026-07-12T22:51:34,esp32,PR12P210,ok,1.243,18.58,2913,-70,10.00,"{""device"":""esp32"",""sensor"":""PR12P210"",""status"":""ok"",""voltage"":1.243,""pressure_kpa"":18.58,""pkt"":2913}",
2026-07-12T22:51:35,esp32,PR12P210,ok,1.277,19.43,2914,-70,9.25,"{""device"":""esp32"",""sensor"":""PR12P210"",""status"":""ok"",""voltage"":1.277,""pressure_kpa"":19.43,""pkt"":2914}",
2026-07-12T22:51:36,esp32,PR12P210,ok,1.276,19.41,2915,-70,10.25,"{""device"":""esp32"",""sensor"":""PR12P210"",""status"":""ok"",""voltage"":1.276,""pressure_kpa"":19.41,""pkt"":2915}",
2026-07-12T22:51:38,esp32,PR12P210,ok,1.222,18.05,2916,-70,10.25,"{""device"":""esp32"",""sensor"":""PR12P210"",""status"":""ok"",""voltage"":1.222,""pressure_kpa"":18.05,""pkt"":2916}",
2026-07-12T22:51:39,esp32,PR12P210,ok,1.267,19.18,2917,-70,9.75,"{""device"":""esp32"",""sensor"":""PR12P210"",""status"":""ok"",""voltage"":1.267,""pressure_kpa"":19.18,""pkt"":2917}",
2026-07-12T22:51:40,esp32,PR12P210,ok,1.277,19.42,2918,-69,9.50,"{""device"":""esp32"",""sensor"":""PR12P210"",""status"":""ok"",""voltage"":1.277,""pressure_kpa"":19.42,""pkt"":2918}",
2026-07-12T22:51:41,esp32,PR12P210,ok,1.233,18.32,2919,-70,9.75,"{""device"":""esp32"",""sensor"":""PR12P210"",""status"":""ok"",""voltage"":1.233,""pressure_kpa"":18.32,""pkt"":2919}",
2026-07-12T22:51:42,esp32,PR12P210,ok,1.233,18.32,2920,-70,9.50,"{""device"":""esp32"",""sensor"":""PR12P210"",""status"":""ok"",""voltage"":1.233,""pressure_kpa"":18.32,""pkt"":2920}",
2026-07-12T22:51:44,esp32,PR12P210,ok,1.27,19.26,2921,-69,9.75,"{""device"":""esp32"",""sensor"":""PR12P210"",""status"":""ok"",""voltage"":1.270,""pressure_kpa"":19.26,""pkt"":2921}",
2026-07-12T22:51:45,esp32,PR12P210,ok,1.285,19.63,2922,-70,9.75,"{""device"":""esp32"",""sensor"":""PR12P210"",""status"":""ok"",""voltage"":1.285,""pressure_kpa"":19.63,""pkt"":2922}",
2026-07-12T22:51:46,esp32,PR12P210,ok,1.219,17.97,2923,-70,9.75,"{""device"":""esp32"",""sensor"":""PR12P210"",""status"":""ok"",""voltage"":1.219,""pressure_kpa"":17.97,""pkt"":2923}",
2026-07-12T22:51:47,esp32,PR12P210,ok,1.235,18.38,2924,-70,9.75,"{""device"":""esp32"",""sensor"":""PR12P210"",""status"":""ok"",""voltage"":1.235,""pressure_kpa"":18.38,""pkt"":2924}",
2026-07-12T22:51:48,esp32,PR12P210,ok,1.278,19.46,2925,-69,9.75,"{""device"":""esp32"",""sensor"":""PR12P210"",""status"":""ok"",""voltage"":1.278,""pressure_kpa"":19.46,""pkt"":2925}",
2026-07-12T22:51:50,esp32,PR12P210,ok,1.276,19.4,2926,-69,9.75,"{""device"":""esp32"",""sensor"":""PR12P210"",""status"":""ok"",""voltage"":1.276,""pressure_kpa"":19.40,""pkt"":2926}",
2026-07-12T22:51:51,esp32,PR12P210,ok,1.23,18.26,2927,-69,9.50,"{""device"":""esp32"",""sensor"":""PR12P210"",""status"":""ok"",""voltage"":1.230,""pressure_kpa"":18.26,""pkt"":2927}",
2026-07-12T22:51:52,esp32,PR12P210,ok,1.23,18.26,2928,-69,10.00,"{""device"":""esp32"",""sensor"":""PR12P210"",""status"":""ok"",""voltage"":1.230,""pressure_kpa"":18.26,""pkt"":2928}",
2026-07-12T22:51:53,esp32,PR12P210,ok,1.266,19.16,2929,-68,10.25,"{""device"":""esp32"",""sensor"":""PR12P210"",""status"":""ok"",""voltage"":1.266,""pressure_kpa"":19.16,""pkt"":2929}",
2026-07-12T22:51:54,esp32,PR12P210,ok,1.275,19.38,2930,-70,9.75,"{""device"":""esp32"",""sensor"":""PR12P210"",""status"":""ok"",""voltage"":1.275,""pressure_kpa"":19.38,""pkt"":2930}",
2026-07-12T22:51:56,esp32,PR12P210,ok,1.283,19.57,2931,-69,9.25,"{""device"":""esp32"",""sensor"":""PR12P210"",""status"":""ok"",""voltage"":1.283,""pressure_kpa"":19.57,""pkt"":2931}",
2026-07-12T22:51:57,esp32,PR12P210,ok,1.204,17.6,2932,-68,9.50,"{""device"":""esp32"",""sensor"":""PR12P210"",""status"":""ok"",""voltage"":1.204,""pressure_kpa"":17.60,""pkt"":2932}",
2026-07-12T22:51:58,esp32,PR12P210,ok,1.245,18.63,2933,-71,9.75,"{""device"":""esp32"",""sensor"":""PR12P210"",""status"":""ok"",""voltage"":1.245,""pressure_kpa"":18.63,""pkt"":2933}",
2026-07-12T22:51:59,esp32,PR12P210,ok,1.276,19.4,2934,-70,9.50,"{""device"":""esp32"",""sensor"":""PR12P210"",""status"":""ok"",""voltage"":1.276,""pressure_kpa"":19.40,""pkt"":2934}",
2026-07-12T22:52:00,esp32,PR12P210,ok,1.278,19.46,2935,-70,10.00,"{""device"":""esp32"",""sensor"":""PR12P210"",""status"":""ok"",""voltage"":1.278,""pressure_kpa"":19.46,""pkt"":2935}",
2026-07-12T22:52:01,esp32,PR12P210,ok,1.282,19.54,2936,-71,9.50,"{""device"":""esp32"",""sensor"":""PR12P210"",""status"":""ok"",""voltage"":1.282,""pressure_kpa"":19.54,""pkt"":2936}",
2026-07-12T22:52:03,esp32,PR12P210,ok,1.216,17.9,2937,-70,9.50,"{""device"":""esp32"",""sensor"":""PR12P210"",""status"":""ok"",""voltage"":1.216,""pressure_kpa"":17.90,""pkt"":2937}",
2026-07-12T22:52:04,esp32,PR12P210,ok,1.239,18.47,2938,-69,9.50,"{""device"":""esp32"",""sensor"":""PR12P210"",""status"":""ok"",""voltage"":1.239,""pressure_kpa"":18.47,""pkt"":2938}",
2026-07-12T22:52:05,esp32,PR12P210,ok,1.276,19.39,2939,-69,10.25,"{""device"":""esp32"",""sensor"":""PR12P210"",""status"":""ok"",""voltage"":1.276,""pressure_kpa"":19.39,""pkt"":2939}",
2026-07-12T22:52:06,esp32,PR12P210,ok,1.278,19.44,2940,-69,10.50,"{""device"":""esp32"",""sensor"":""PR12P210"",""status"":""ok"",""voltage"":1.278,""pressure_kpa"":19.44,""pkt"":2940}",
2026-07-12T22:52:07,esp32,PR12P210,ok,1.214,17.86,2941,-69,10.00,"{""device"":""esp32"",""sensor"":""PR12P210"",""status"":""ok"",""voltage"":1.214,""pressure_kpa"":17.86,""pkt"":2941}",
2026-07-12T22:52:09,esp32,PR12P210,ok,1.24,18.5,2942,-69,9.75,"{""device"":""esp32"",""sensor"":""PR12P210"",""status"":""ok"",""voltage"":1.240,""pressure_kpa"":18.50,""pkt"":2942}",
2026-07-12T22:52:10,esp32,PR12P210,ok,1.277,19.42,2943,-69,10.50,"{""device"":""esp32"",""sensor"":""PR12P210"",""status"":""ok"",""voltage"":1.277,""pressure_kpa"":19.42,""pkt"":2943}",
2026-07-12T22:52:11,esp32,PR12P210,ok,1.273,19.33,2944,-69,10.25,"{""device"":""esp32"",""sensor"":""PR12P210"",""status"":""ok"",""voltage"":1.273,""pressure_kpa"":19.33,""pkt"":2944}",
2026-07-12T22:52:12,esp32,PR12P210,ok,1.21,17.74,2945,-69,10.25,"{""device"":""esp32"",""sensor"":""PR12P210"",""status"":""ok"",""voltage"":1.210,""pressure_kpa"":17.74,""pkt"":2945}",
2026-07-12T22:52:13,esp32,PR12P210,ok,1.246,18.65,2946,-69,10.00,"{""device"":""esp32"",""sensor"":""PR12P210"",""status"":""ok"",""voltage"":1.246,""pressure_kpa"":18.65,""pkt"":2946}",
2026-07-12T22:52:15,esp32,PR12P210,ok,1.28,19.49,2947,-69,9.75,"{""device"":""esp32"",""sensor"":""PR12P210"",""status"":""ok"",""voltage"":1.280,""pressure_kpa"":19.49,""pkt"":2947}",
2026-07-12T22:52:16,esp32,PR12P210,ok,1.266,19.16,2948,-69,9.50,"{""device"":""esp32"",""sensor"":""PR12P210"",""status"":""ok"",""voltage"":1.266,""pressure_kpa"":19.16,""pkt"":2948}",
2026-07-12T22:52:17,esp32,PR12P210,ok,1.229,18.23,2949,-68,10.00,"{""device"":""esp32"",""sensor"":""PR12P210"",""status"":""ok"",""voltage"":1.229,""pressure_kpa"":18.23,""pkt"":2949}",
2026-07-12T22:52:18,esp32,PR12P210,ok,1.278,19.46,2950,-69,10.00,"{""device"":""esp32"",""sensor"":""PR12P210"",""status"":""ok"",""voltage"":1.278,""pressure_kpa"":19.46,""pkt"":2950}",
2026-07-12T22:52:19,esp32,PR12P210,ok,1.275,19.37,2951,-70,9.50,"{""device"":""esp32"",""sensor"":""PR12P210"",""status"":""ok"",""voltage"":1.275,""pressure_kpa"":19.37,""pkt"":2951}",
2026-07-12T22:52:21,esp32,PR12P210,ok,1.241,18.53,2952,-69,9.75,"{""device"":""esp32"",""sensor"":""PR12P210"",""status"":""ok"",""voltage"":1.241,""pressure_kpa"":18.53,""pkt"":2952}",
2026-07-12T22:52:22,esp32,PR12P210,ok,1.227,18.19,2953,-69,10.00,"{""device"":""esp32"",""sensor"":""PR12P210"",""status"":""ok"",""voltage"":1.227,""pressure_kpa"":18.19,""pkt"":2953}",
2026-07-12T22:52:23,esp32,PR12P210,ok,1.257,18.93,2954,-69,9.75,"{""device"":""esp32"",""sensor"":""PR12P210"",""status"":""ok"",""voltage"":1.257,""pressure_kpa"":18.93,""pkt"":2954}",
2026-07-12T22:52:24,esp32,PR12P210,ok,1.28,19.5,2955,-71,10.00,"{""device"":""esp32"",""sensor"":""PR12P210"",""status"":""ok"",""voltage"":1.280,""pressure_kpa"":19.50,""pkt"":2955}",
2026-07-12T22:52:25,esp32,PR12P210,ok,1.284,19.59,2956,-71,10.00,"{""device"":""esp32"",""sensor"":""PR12P210"",""status"":""ok"",""voltage"":1.284,""pressure_kpa"":19.59,""pkt"":2956}",
2026-07-12T22:52:27,esp32,PR12P210,ok,1.272,19.29,2957,-69,10.00,"{""device"":""esp32"",""sensor"":""PR12P210"",""status"":""ok"",""voltage"":1.272,""pressure_kpa"":19.29,""pkt"":2957}",
2026-07-12T22:52:28,esp32,PR12P210,ok,1.21,17.75,2958,-69,9.75,"{""device"":""esp32"",""sensor"":""PR12P210"",""status"":""ok"",""voltage"":1.210,""pressure_kpa"":17.75,""pkt"":2958}",
2026-07-12T22:52:29,esp32,PR12P210,ok,1.228,18.2,2959,-69,10.25,"{""device"":""esp32"",""sensor"":""PR12P210"",""status"":""ok"",""voltage"":1.228,""pressure_kpa"":18.20,""pkt"":2959}",
2026-07-12T22:52:30,esp32,PR12P210,ok,1.244,18.61,2960,-69,10.00,"{""device"":""esp32"",""sensor"":""PR12P210"",""status"":""ok"",""voltage"":1.244,""pressure_kpa"":18.61,""pkt"":2960}",
2026-07-12T22:52:31,esp32,PR12P210,ok,1.27,19.25,2961,-70,9.50,"{""device"":""esp32"",""sensor"":""PR12P210"",""status"":""ok"",""voltage"":1.270,""pressure_kpa"":19.25,""pkt"":2961}",
2026-07-12T22:52:32,esp32,PR12P210,ok,1.282,19.54,2962,-69,10.00,"{""device"":""esp32"",""sensor"":""PR12P210"",""status"":""ok"",""voltage"":1.282,""pressure_kpa"":19.54,""pkt"":2962}",
2026-07-12T22:52:34,esp32,PR12P210,ok,1.277,19.42,2963,-69,9.50,"{""device"":""esp32"",""sensor"":""PR12P210"",""status"":""ok"",""voltage"":1.277,""pressure_kpa"":19.42,""pkt"":2963}",
2026-07-12T22:52:35,esp32,PR12P210,ok,1.276,19.41,2964,-70,9.75,"{""device"":""esp32"",""sensor"":""PR12P210"",""status"":""ok"",""voltage"":1.276,""pressure_kpa"":19.41,""pkt"":2964}",
2026-07-12T22:52:36,esp32,PR12P210,ok,1.255,18.89,2965,-69,9.50,"{""device"":""esp32"",""sensor"":""PR12P210"",""status"":""ok"",""voltage"":1.255,""pressure_kpa"":18.89,""pkt"":2965}",
2026-07-12T22:52:37,esp32,PR12P210,ok,1.212,17.79,2966,-69,9.75,"{""device"":""esp32"",""sensor"":""PR12P210"",""status"":""ok"",""voltage"":1.212,""pressure_kpa"":17.79,""pkt"":2966}",
2026-07-12T22:52:38,esp32,PR12P210,ok,1.225,18.12,2967,-70,9.75,"{""device"":""esp32"",""sensor"":""PR12P210"",""status"":""ok"",""voltage"":1.225,""pressure_kpa"":18.12,""pkt"":2967}",
2026-07-12T22:52:40,esp32,PR12P210,ok,1.246,18.64,2968,-68,9.75,"{""device"":""esp32"",""sensor"":""PR12P210"",""status"":""ok"",""voltage"":1.246,""pressure_kpa"":18.64,""pkt"":2968}",
2026-07-12T22:52:41,esp32,PR12P210,ok,1.269,19.23,2969,-69,10.00,"{""device"":""esp32"",""sensor"":""PR12P210"",""status"":""ok"",""voltage"":1.269,""pressure_kpa"":19.23,""pkt"":2969}",
2026-07-12T22:52:42,esp32,PR12P210,ok,1.272,19.3,2970,-69,9.75,"{""device"":""esp32"",""sensor"":""PR12P210"",""status"":""ok"",""voltage"":1.272,""pressure_kpa"":19.30,""pkt"":2970}",
2026-07-12T22:52:43,esp32,PR12P210,ok,1.277,19.42,2971,-72,9.25,"{""device"":""esp32"",""sensor"":""PR12P210"",""status"":""ok"",""voltage"":1.277,""pressure_kpa"":19.42,""pkt"":2971}",
2026-07-12T22:52:44,esp32,PR12P210,ok,1.289,19.71,2972,-73,9.50,"{""device"":""esp32"",""sensor"":""PR12P210"",""status"":""ok"",""voltage"":1.289,""pressure_kpa"":19.71,""pkt"":2972}",
2026-07-12T22:52:46,esp32,PR12P210,ok,1.235,18.38,2973,-69,10.00,"{""device"":""esp32"",""sensor"":""PR12P210"",""status"":""ok"",""voltage"":1.235,""pressure_kpa"":18.38,""pkt"":2973}",
2026-07-12T22:52:47,esp32,PR12P210,ok,1.213,17.83,2974,-70,9.75,"{""device"":""esp32"",""sensor"":""PR12P210"",""status"":""ok"",""voltage"":1.213,""pressure_kpa"":17.83,""pkt"":2974}",
2026-07-12T22:52:48,esp32,PR12P210,ok,1.236,18.4,2975,-69,10.00,"{""device"":""esp32"",""sensor"":""PR12P210"",""status"":""ok"",""voltage"":1.236,""pressure_kpa"":18.40,""pkt"":2975}",
2026-07-12T22:52:49,esp32,PR12P210,ok,1.254,18.86,2976,-68,10.00,"{""device"":""esp32"",""sensor"":""PR12P210"",""status"":""ok"",""voltage"":1.254,""pressure_kpa"":18.86,""pkt"":2976}",
2026-07-12T22:52:50,esp32,PR12P210,ok,1.275,19.38,2977,-70,9.75,"{""device"":""esp32"",""sensor"":""PR12P210"",""status"":""ok"",""voltage"":1.275,""pressure_kpa"":19.38,""pkt"":2977}",
2026-07-12T22:52:52,esp32,PR12P210,ok,1.278,19.44,2978,-69,10.00,"{""device"":""esp32"",""sensor"":""PR12P210"",""status"":""ok"",""voltage"":1.278,""pressure_kpa"":19.44,""pkt"":2978}",
2026-07-12T22:52:53,esp32,PR12P210,ok,1.225,18.12,2979,-68,10.50,"{""device"":""esp32"",""sensor"":""PR12P210"",""status"":""ok"",""voltage"":1.225,""pressure_kpa"":18.12,""pkt"":2979}",
2026-07-12T22:52:54,esp32,PR12P210,ok,1.231,18.28,2980,-70,10.25,"{""device"":""esp32"",""sensor"":""PR12P210"",""status"":""ok"",""voltage"":1.231,""pressure_kpa"":18.28,""pkt"":2980}",
2026-07-12T22:52:55,esp32,PR12P210,ok,1.264,19.11,2981,-69,10.25,"{""device"":""esp32"",""sensor"":""PR12P210"",""status"":""ok"",""voltage"":1.264,""pressure_kpa"":19.11,""pkt"":2981}",
2026-07-12T22:52:56,esp32,PR12P210,ok,1.274,19.35,2982,-68,9.75,"{""device"":""esp32"",""sensor"":""PR12P210"",""status"":""ok"",""voltage"":1.274,""pressure_kpa"":19.35,""pkt"":2982}",
2026-07-12T22:52:57,esp32,PR12P210,ok,1.241,18.53,2983,-69,10.00,"{""device"":""esp32"",""sensor"":""PR12P210"",""status"":""ok"",""voltage"":1.241,""pressure_kpa"":18.53,""pkt"":2983}",
2026-07-12T22:52:59,esp32,PR12P210,ok,1.231,18.27,2984,-71,9.50,"{""device"":""esp32"",""sensor"":""PR12P210"",""status"":""ok"",""voltage"":1.231,""pressure_kpa"":18.27,""pkt"":2984}",
2026-07-12T22:53:00,esp32,PR12P210,ok,1.276,19.4,2985,-69,9.75,"{""device"":""esp32"",""sensor"":""PR12P210"",""status"":""ok"",""voltage"":1.276,""pressure_kpa"":19.40,""pkt"":2985}",
2026-07-12T22:53:01,esp32,PR12P210,ok,1.272,19.3,2986,-70,10.00,"{""device"":""esp32"",""sensor"":""PR12P210"",""status"":""ok"",""voltage"":1.272,""pressure_kpa"":19.30,""pkt"":2986}",
2026-07-12T22:53:02,esp32,PR12P210,ok,1.212,17.8,2987,-69,9.50,"{""device"":""esp32"",""sensor"":""PR12P210"",""status"":""ok"",""voltage"":1.212,""pressure_kpa"":17.80,""pkt"":2987}",
2026-07-12T22:53:03,esp32,PR12P210,ok,1.247,18.67,2988,-69,9.75,"{""device"":""esp32"",""sensor"":""PR12P210"",""status"":""ok"",""voltage"":1.247,""pressure_kpa"":18.67,""pkt"":2988}",
2026-07-12T22:53:05,esp32,PR12P210,ok,1.272,19.3,2989,-70,10.00,"{""device"":""esp32"",""sensor"":""PR12P210"",""status"":""ok"",""voltage"":1.272,""pressure_kpa"":19.30,""pkt"":2989}",
2026-07-12T22:53:06,esp32,PR12P210,ok,1.278,19.44,2990,-69,10.50,"{""device"":""esp32"",""sensor"":""PR12P210"",""status"":""ok"",""voltage"":1.278,""pressure_kpa"":19.44,""pkt"":2990}",
2026-07-12T22:53:07,esp32,PR12P210,ok,1.205,17.62,2991,-67,10.00,"{""device"":""esp32"",""sensor"":""PR12P210"",""status"":""ok"",""voltage"":1.205,""pressure_kpa"":17.62,""pkt"":2991}",
2026-07-12T22:53:08,esp32,PR12P210,ok,1.234,18.36,2992,-69,9.75,"{""device"":""esp32"",""sensor"":""PR12P210"",""status"":""ok"",""voltage"":1.234,""pressure_kpa"":18.36,""pkt"":2992}",
2026-07-12T22:53:09,esp32,PR12P210,ok,1.277,19.42,2993,-67,10.00,"{""device"":""esp32"",""sensor"":""PR12P210"",""status"":""ok"",""voltage"":1.277,""pressure_kpa"":19.42,""pkt"":2993}",
2026-07-12T22:53:11,esp32,PR12P210,ok,1.277,19.43,2994,-69,10.00,"{""device"":""esp32"",""sensor"":""PR12P210"",""status"":""ok"",""voltage"":1.277,""pressure_kpa"":19.43,""pkt"":2994}",
2026-07-12T22:53:12,esp32,PR12P210,ok,1.272,19.29,2995,-68,10.00,"{""device"":""esp32"",""sensor"":""PR12P210"",""status"":""ok"",""voltage"":1.272,""pressure_kpa"":19.29,""pkt"":2995}",
2026-07-12T22:53:13,esp32,PR12P210,ok,1.219,17.98,2996,-67,10.00,"{""device"":""esp32"",""sensor"":""PR12P210"",""status"":""ok"",""voltage"":1.219,""pressure_kpa"":17.98,""pkt"":2996}",
2026-07-12T22:53:14,esp32,PR12P210,ok,1.25,18.74,2997,-69,10.00,"{""device"":""esp32"",""sensor"":""PR12P210"",""status"":""ok"",""voltage"":1.250,""pressure_kpa"":18.74,""pkt"":2997}",
2026-07-12T22:53:15,esp32,PR12P210,ok,1.276,19.39,2998,-69,10.00,"{""device"":""esp32"",""sensor"":""PR12P210"",""status"":""ok"",""voltage"":1.276,""pressure_kpa"":19.39,""pkt"":2998}",
2026-07-12T22:53:17,esp32,PR12P210,ok,1.282,19.55,2999,-70,10.25,"{""device"":""esp32"",""sensor"":""PR12P210"",""status"":""ok"",""voltage"":1.282,""pressure_kpa"":19.55,""pkt"":2999}",
2026-07-12T22:53:18,esp32,PR12P210,ok,1.215,17.87,3000,-69,10.00,"{""device"":""esp32"",""sensor"":""PR12P210"",""status"":""ok"",""voltage"":1.215,""pressure_kpa"":17.87,""pkt"":3000}",
2026-07-12T22:53:19,esp32,PR12P210,ok,1.238,18.44,3001,-69,9.75,"{""device"":""esp32"",""sensor"":""PR12P210"",""status"":""ok"",""voltage"":1.238,""pressure_kpa"":18.44,""pkt"":3001}",
2026-07-12T22:53:20,esp32,PR12P210,ok,1.276,19.4,3002,-70,9.75,"{""device"":""esp32"",""sensor"":""PR12P210"",""status"":""ok"",""voltage"":1.276,""pressure_kpa"":19.40,""pkt"":3002}",
2026-07-12T22:53:21,esp32,PR12P210,ok,1.282,19.56,3003,-69,10.25,"{""device"":""esp32"",""sensor"":""PR12P210"",""status"":""ok"",""voltage"":1.282,""pressure_kpa"":19.56,""pkt"":3003}",
2026-07-12T22:53:23,esp32,PR12P210,ok,1.253,18.82,3004,-69,9.50,"{""device"":""esp32"",""sensor"":""PR12P210"",""status"":""ok"",""voltage"":1.253,""pressure_kpa"":18.82,""pkt"":3004}",
2026-07-12T22:53:24,esp32,PR12P210,ok,1.228,18.2,3005,-70,10.00,"{""device"":""esp32"",""sensor"":""PR12P210"",""status"":""ok"",""voltage"":1.228,""pressure_kpa"":18.20,""pkt"":3005}",
2026-07-12T22:53:25,esp32,PR12P210,ok,1.258,18.96,3006,-71,10.25,"{""device"":""esp32"",""sensor"":""PR12P210"",""status"":""ok"",""voltage"":1.258,""pressure_kpa"":18.96,""pkt"":3006}",
2026-07-12T22:53:26,esp32,PR12P210,ok,1.275,19.38,3007,-71,9.75,"{""device"":""esp32"",""sensor"":""PR12P210"",""status"":""ok"",""voltage"":1.275,""pressure_kpa"":19.38,""pkt"":3007}",
2026-07-12T22:53:27,esp32,PR12P210,ok,1.281,19.53,3008,-72,9.75,"{""device"":""esp32"",""sensor"":""PR12P210"",""status"":""ok"",""voltage"":1.281,""pressure_kpa"":19.53,""pkt"":3008}",
2026-07-12T22:53:28,esp32,PR12P210,ok,1.284,19.61,3009,-71,9.50,"{""device"":""esp32"",""sensor"":""PR12P210"",""status"":""ok"",""voltage"":1.284,""pressure_kpa"":19.61,""pkt"":3009}",
2026-07-12T22:53:30,esp32,PR12P210,ok,1.215,17.86,3010,-69,10.50,"{""device"":""esp32"",""sensor"":""PR12P210"",""status"":""ok"",""voltage"":1.215,""pressure_kpa"":17.86,""pkt"":3010}",
2026-07-12T22:53:31,esp32,PR12P210,ok,1.232,18.29,3011,-70,9.75,"{""device"":""esp32"",""sensor"":""PR12P210"",""status"":""ok"",""voltage"":1.232,""pressure_kpa"":18.29,""pkt"":3011}",
2026-07-12T22:53:32,esp32,PR12P210,ok,1.266,19.16,3012,-71,9.25,"{""device"":""esp32"",""sensor"":""PR12P210"",""status"":""ok"",""voltage"":1.266,""pressure_kpa"":19.16,""pkt"":3012}",
2026-07-12T22:53:33,esp32,PR12P210,ok,1.279,19.47,3013,-70,10.50,"{""device"":""esp32"",""sensor"":""PR12P210"",""status"":""ok"",""voltage"":1.279,""pressure_kpa"":19.47,""pkt"":3013}",
2026-07-12T22:53:34,esp32,PR12P210,ok,1.282,19.55,3014,-71,9.50,"{""device"":""esp32"",""sensor"":""PR12P210"",""status"":""ok"",""voltage"":1.282,""pressure_kpa"":19.55,""pkt"":3014}",
2026-07-12T22:53:36,esp32,PR12P210,ok,1.224,18.09,3015,-71,9.50,"{""device"":""esp32"",""sensor"":""PR12P210"",""status"":""ok"",""voltage"":1.224,""pressure_kpa"":18.09,""pkt"":3015}",
2026-07-12T22:53:37,esp32,PR12P210,ok,1.233,18.34,3016,-70,10.00,"{""device"":""esp32"",""sensor"":""PR12P210"",""status"":""ok"",""voltage"":1.233,""pressure_kpa"":18.34,""pkt"":3016}",
2026-07-12T22:53:38,esp32,PR12P210,ok,1.273,19.31,3017,-71,9.75,"{""device"":""esp32"",""sensor"":""PR12P210"",""status"":""ok"",""voltage"":1.273,""pressure_kpa"":19.31,""pkt"":3017}",
2026-07-12T22:53:39,esp32,PR12P210,ok,1.285,19.63,3018,-69,9.25,"{""device"":""esp32"",""sensor"":""PR12P210"",""status"":""ok"",""voltage"":1.285,""pressure_kpa"":19.63,""pkt"":3018}",
2026-07-12T22:53:40,esp32,PR12P210,ok,1.271,19.27,3019,-70,10.25,"{""device"":""esp32"",""sensor"":""PR12P210"",""status"":""ok"",""voltage"":1.271,""pressure_kpa"":19.27,""pkt"":3019}",
2026-07-12T22:53:42,esp32,PR12P210,ok,1.224,18.11,3020,-71,9.75,"{""device"":""esp32"",""sensor"":""PR12P210"",""status"":""ok"",""voltage"":1.224,""pressure_kpa"":18.11,""pkt"":3020}",
2026-07-12T22:53:43,esp32,PR12P210,ok,1.282,19.55,3021,-70,9.25,"{""device"":""esp32"",""sensor"":""PR12P210"",""status"":""ok"",""voltage"":1.282,""pressure_kpa"":19.55,""pkt"":3021}",
2026-07-12T22:53:44,esp32,PR12P210,ok,1.278,19.45,3022,-70,9.75,"{""device"":""esp32"",""sensor"":""PR12P210"",""status"":""ok"",""voltage"":1.278,""pressure_kpa"":19.45,""pkt"":3022}",
2026-07-12T22:53:45,esp32,PR12P210,ok,1.21,17.76,3023,-71,9.50,"{""device"":""esp32"",""sensor"":""PR12P210"",""status"":""ok"",""voltage"":1.210,""pressure_kpa"":17.76,""pkt"":3023}",
2026-07-12T22:53:46,esp32,PR12P210,ok,1.256,18.91,3024,-70,9.25,"{""device"":""esp32"",""sensor"":""PR12P210"",""status"":""ok"",""voltage"":1.256,""pressure_kpa"":18.91,""pkt"":3024}",
2026-07-12T22:53:48,esp32,PR12P210,ok,1.277,19.42,3025,-70,9.75,"{""device"":""esp32"",""sensor"":""PR12P210"",""status"":""ok"",""voltage"":1.277,""pressure_kpa"":19.42,""pkt"":3025}",
2026-07-12T22:53:49,esp32,PR12P210,ok,1.209,17.73,3026,-71,9.25,"{""device"":""esp32"",""sensor"":""PR12P210"",""status"":""ok"",""voltage"":1.209,""pressure_kpa"":17.73,""pkt"":3026}",
2026-07-12T22:53:50,esp32,PR12P210,ok,1.274,19.34,3027,-70,9.50,"{""device"":""esp32"",""sensor"":""PR12P210"",""status"":""ok"",""voltage"":1.274,""pressure_kpa"":19.34,""pkt"":3027}",
2026-07-12T22:53:51,esp32,PR12P210,ok,1.279,19.47,3028,-70,9.25,"{""device"":""esp32"",""sensor"":""PR12P210"",""status"":""ok"",""voltage"":1.279,""pressure_kpa"":19.47,""pkt"":3028}",
2026-07-12T22:53:52,esp32,PR12P210,ok,1.225,18.12,3029,-71,9.75,"{""device"":""esp32"",""sensor"":""PR12P210"",""status"":""ok"",""voltage"":1.225,""pressure_kpa"":18.12,""pkt"":3029}",
2026-07-12T22:53:54,esp32,PR12P210,ok,1.278,19.46,3030,-70,9.25,"{""device"":""esp32"",""sensor"":""PR12P210"",""status"":""ok"",""voltage"":1.278,""pressure_kpa"":19.46,""pkt"":3030}",
2026-07-12T22:53:55,esp32,PR12P210,ok,1.229,18.22,3031,-70,9.75,"{""device"":""esp32"",""sensor"":""PR12P210"",""status"":""ok"",""voltage"":1.229,""pressure_kpa"":18.22,""pkt"":3031}",
2026-07-12T22:53:56,esp32,PR12P210,ok,1.242,18.56,3032,-71,9.25,"{""device"":""esp32"",""sensor"":""PR12P210"",""status"":""ok"",""voltage"":1.242,""pressure_kpa"":18.56,""pkt"":3032}",
2026-07-12T22:53:57,esp32,PR12P210,ok,1.278,19.44,3033,-71,9.25,"{""device"":""esp32"",""sensor"":""PR12P210"",""status"":""ok"",""voltage"":1.278,""pressure_kpa"":19.44,""pkt"":3033}",
2026-07-12T22:53:58,esp32,PR12P210,ok,1.209,17.73,3034,-70,10.00,"{""device"":""esp32"",""sensor"":""PR12P210"",""status"":""ok"",""voltage"":1.209,""pressure_kpa"":17.73,""pkt"":3034}",
2026-07-12T22:53:59,esp32,PR12P210,ok,1.264,19.09,3035,-71,9.25,"{""device"":""esp32"",""sensor"":""PR12P210"",""status"":""ok"",""voltage"":1.264,""pressure_kpa"":19.09,""pkt"":3035}",
2026-07-12T22:54:01,esp32,PR12P210,ok,1.28,19.51,3036,-70,9.50,"{""device"":""esp32"",""sensor"":""PR12P210"",""status"":""ok"",""voltage"":1.280,""pressure_kpa"":19.51,""pkt"":3036}",
2026-07-12T22:54:02,esp32,PR12P210,ok,1.21,17.76,3037,-70,9.50,"{""device"":""esp32"",""sensor"":""PR12P210"",""status"":""ok"",""voltage"":1.210,""pressure_kpa"":17.76,""pkt"":3037}",
2026-07-12T22:54:03,esp32,PR12P210,ok,1.27,19.26,3038,-71,9.25,"{""device"":""esp32"",""sensor"":""PR12P210"",""status"":""ok"",""voltage"":1.270,""pressure_kpa"":19.26,""pkt"":3038}",
2026-07-12T22:54:04,esp32,PR12P210,ok,1.277,19.43,3039,-70,9.25,"{""device"":""esp32"",""sensor"":""PR12P210"",""status"":""ok"",""voltage"":1.277,""pressure_kpa"":19.43,""pkt"":3039}",
2026-07-12T22:54:05,esp32,PR12P210,ok,1.207,17.68,3040,-70,9.75,"{""device"":""esp32"",""sensor"":""PR12P210"",""status"":""ok"",""voltage"":1.207,""pressure_kpa"":17.68,""pkt"":3040}",
2026-07-12T22:54:07,esp32,PR12P210,ok,1.257,18.94,3041,-71,9.50,"{""device"":""esp32"",""sensor"":""PR12P210"",""status"":""ok"",""voltage"":1.257,""pressure_kpa"":18.94,""pkt"":3041}",
2026-07-12T22:54:08,esp32,PR12P210,ok,1.276,19.4,3042,-70,9.50,"{""device"":""esp32"",""sensor"":""PR12P210"",""status"":""ok"",""voltage"":1.276,""pressure_kpa"":19.40,""pkt"":3042}",
2026-07-12T22:54:09,esp32,PR12P210,ok,1.266,19.14,3043,-70,10.00,"{""device"":""esp32"",""sensor"":""PR12P210"",""status"":""ok"",""voltage"":1.266,""pressure_kpa"":19.14,""pkt"":3043}",
2026-07-12T22:54:10,esp32,PR12P210,ok,1.211,17.77,3044,-71,9.25,"{""device"":""esp32"",""sensor"":""PR12P210"",""status"":""ok"",""voltage"":1.211,""pressure_kpa"":17.77,""pkt"":3044}",
2026-07-12T22:54:11,esp32,PR12P210,ok,1.253,18.82,3045,-71,9.75,"{""device"":""esp32"",""sensor"":""PR12P210"",""status"":""ok"",""voltage"":1.253,""pressure_kpa"":18.82,""pkt"":3045}",
2026-07-12T22:54:13,esp32,PR12P210,ok,1.276,19.41,3046,-70,10.00,"{""device"":""esp32"",""sensor"":""PR12P210"",""status"":""ok"",""voltage"":1.276,""pressure_kpa"":19.41,""pkt"":3046}",
2026-07-12T22:54:14,esp32,PR12P210,ok,1.277,19.41,3047,-71,9.50,"{""device"":""esp32"",""sensor"":""PR12P210"",""status"":""ok"",""voltage"":1.277,""pressure_kpa"":19.41,""pkt"":3047}",
2026-07-12T22:54:15,esp32,PR12P210,ok,1.212,17.8,3048,-70,9.50,"{""device"":""esp32"",""sensor"":""PR12P210"",""status"":""ok"",""voltage"":1.212,""pressure_kpa"":17.80,""pkt"":3048}",
2026-07-12T22:54:16,esp32,PR12P210,ok,1.238,18.46,3049,-70,9.75,"{""device"":""esp32"",""sensor"":""PR12P210"",""status"":""ok"",""voltage"":1.238,""pressure_kpa"":18.46,""pkt"":3049}",
2026-07-12T22:54:17,esp32,PR12P210,ok,1.273,19.33,3050,-71,10.25,"{""device"":""esp32"",""sensor"":""PR12P210"",""status"":""ok"",""voltage"":1.273,""pressure_kpa"":19.33,""pkt"":3050}",
2026-07-12T22:54:19,esp32,PR12P210,ok,1.275,19.37,3051,-71,9.25,"{""device"":""esp32"",""sensor"":""PR12P210"",""status"":""ok"",""voltage"":1.275,""pressure_kpa"":19.37,""pkt"":3051}",
2026-07-12T22:54:20,esp32,PR12P210,ok,1.245,18.63,3052,-71,9.50,"{""device"":""esp32"",""sensor"":""PR12P210"",""status"":""ok"",""voltage"":1.245,""pressure_kpa"":18.63,""pkt"":3052}",
2026-07-12T22:54:21,esp32,PR12P210,ok,1.219,17.99,3053,-71,10.00,"{""device"":""esp32"",""sensor"":""PR12P210"",""status"":""ok"",""voltage"":1.219,""pressure_kpa"":17.99,""pkt"":3053}",
2026-07-12T22:54:22,esp32,PR12P210,ok,1.267,19.18,3054,-72,9.25,"{""device"":""esp32"",""sensor"":""PR12P210"",""status"":""ok"",""voltage"":1.267,""pressure_kpa"":19.18,""pkt"":3054}",
2026-07-12T22:54:23,esp32,PR12P210,ok,1.279,19.48,3055,-71,10.00,"{""device"":""esp32"",""sensor"":""PR12P210"",""status"":""ok"",""voltage"":1.279,""pressure_kpa"":19.48,""pkt"":3055}",
2026-07-12T22:54:25,esp32,PR12P210,ok,1.248,18.71,3056,-70,9.75,"{""device"":""esp32"",""sensor"":""PR12P210"",""status"":""ok"",""voltage"":1.248,""pressure_kpa"":18.71,""pkt"":3056}",
2026-07-12T22:54:26,esp32,PR12P210,ok,1.226,18.15,3057,-71,9.25,"{""device"":""esp32"",""sensor"":""PR12P210"",""status"":""ok"",""voltage"":1.226,""pressure_kpa"":18.15,""pkt"":3057}",
2026-07-12T22:54:27,esp32,PR12P210,ok,1.275,19.36,3058,-70,9.50,"{""device"":""esp32"",""sensor"":""PR12P210"",""status"":""ok"",""voltage"":1.275,""pressure_kpa"":19.36,""pkt"":3058}",
2026-07-12T22:54:28,esp32,PR12P210,ok,1.276,19.39,3059,-70,9.50,"{""device"":""esp32"",""sensor"":""PR12P210"",""status"":""ok"",""voltage"":1.276,""pressure_kpa"":19.39,""pkt"":3059}",
2026-07-12T22:54:29,esp32,PR12P210,ok,1.277,19.42,3060,-72,9.75,"{""device"":""esp32"",""sensor"":""PR12P210"",""status"":""ok"",""voltage"":1.277,""pressure_kpa"":19.42,""pkt"":3060}",
2026-07-12T22:54:30,esp32,PR12P210,ok,1.214,17.84,3061,-71,9.50,"{""device"":""esp32"",""sensor"":""PR12P210"",""status"":""ok"",""voltage"":1.214,""pressure_kpa"":17.84,""pkt"":3061}",
2026-07-12T22:54:32,esp32,PR12P210,ok,1.225,18.13,3062,-70,9.50,"{""device"":""esp32"",""sensor"":""PR12P210"",""status"":""ok"",""voltage"":1.225,""pressure_kpa"":18.13,""pkt"":3062}",
2026-07-12T22:54:33,esp32,PR12P210,ok,1.247,18.66,3063,-72,9.75,"{""device"":""esp32"",""sensor"":""PR12P210"",""status"":""ok"",""voltage"":1.247,""pressure_kpa"":18.66,""pkt"":3063}",
2026-07-12T22:54:34,esp32,PR12P210,ok,1.276,19.39,3064,-70,10.25,"{""device"":""esp32"",""sensor"":""PR12P210"",""status"":""ok"",""voltage"":1.276,""pressure_kpa"":19.39,""pkt"":3064}",
2026-07-12T22:54:35,esp32,PR12P210,ok,1.275,19.37,3065,-68,9.75,"{""device"":""esp32"",""sensor"":""PR12P210"",""status"":""ok"",""voltage"":1.275,""pressure_kpa"":19.37,""pkt"":3065}",
2026-07-12T22:54:36,esp32,PR12P210,ok,1.276,19.4,3066,-70,10.25,"{""device"":""esp32"",""sensor"":""PR12P210"",""status"":""ok"",""voltage"":1.276,""pressure_kpa"":19.40,""pkt"":3066}",
2026-07-12T22:54:38,esp32,PR12P210,ok,1.245,18.63,3067,-70,9.25,"{""device"":""esp32"",""sensor"":""PR12P210"",""status"":""ok"",""voltage"":1.245,""pressure_kpa"":18.63,""pkt"":3067}",
2026-07-12T22:54:39,esp32,PR12P210,ok,1.216,17.9,3068,-70,9.75,"{""device"":""esp32"",""sensor"":""PR12P210"",""status"":""ok"",""voltage"":1.216,""pressure_kpa"":17.90,""pkt"":3068}",
2026-07-12T22:54:40,esp32,PR12P210,ok,1.236,18.41,3069,-71,10.00,"{""device"":""esp32"",""sensor"":""PR12P210"",""status"":""ok"",""voltage"":1.236,""pressure_kpa"":18.41,""pkt"":3069}",
2026-07-12T22:54:41,esp32,PR12P210,ok,1.273,19.32,3070,-71,9.75,"{""device"":""esp32"",""sensor"":""PR12P210"",""status"":""ok"",""voltage"":1.273,""pressure_kpa"":19.32,""pkt"":3070}",
2026-07-12T22:54:42,esp32,PR12P210,ok,1.277,19.43,3071,-70,9.75,"{""device"":""esp32"",""sensor"":""PR12P210"",""status"":""ok"",""voltage"":1.277,""pressure_kpa"":19.43,""pkt"":3071}",
2026-07-12T22:54:44,esp32,PR12P210,ok,1.276,19.41,3072,-71,9.75,"{""device"":""esp32"",""sensor"":""PR12P210"",""status"":""ok"",""voltage"":1.276,""pressure_kpa"":19.41,""pkt"":3072}",
2026-07-12T22:54:45,esp32,PR12P210,ok,1.216,17.9,3073,-70,9.50,"{""device"":""esp32"",""sensor"":""PR12P210"",""status"":""ok"",""voltage"":1.216,""pressure_kpa"":17.90,""pkt"":3073}",
2026-07-12T22:54:46,esp32,PR12P210,ok,1.235,18.39,3074,-70,9.00,"{""device"":""esp32"",""sensor"":""PR12P210"",""status"":""ok"",""voltage"":1.235,""pressure_kpa"":18.39,""pkt"":3074}",
2026-07-12T22:54:47,esp32,PR12P210,ok,1.274,19.36,3075,-71,10.00,"{""device"":""esp32"",""sensor"":""PR12P210"",""status"":""ok"",""voltage"":1.274,""pressure_kpa"":19.36,""pkt"":3075}",
2026-07-12T22:54:48,esp32,PR12P210,ok,1.277,19.41,3076,-70,9.50,"{""device"":""esp32"",""sensor"":""PR12P210"",""status"":""ok"",""voltage"":1.277,""pressure_kpa"":19.41,""pkt"":3076}",
2026-07-12T22:54:50,esp32,PR12P210,ok,1.204,17.59,3077,-71,9.50,"{""device"":""esp32"",""sensor"":""PR12P210"",""status"":""ok"",""voltage"":1.204,""pressure_kpa"":17.59,""pkt"":3077}",
2026-07-12T22:54:51,esp32,PR12P210,ok,1.263,19.07,3078,-70,9.50,"{""device"":""esp32"",""sensor"":""PR12P210"",""status"":""ok"",""voltage"":1.263,""pressure_kpa"":19.07,""pkt"":3078}",
2026-07-12T22:54:52,esp32,PR12P210,ok,1.276,19.41,3079,-71,9.50,"{""device"":""esp32"",""sensor"":""PR12P210"",""status"":""ok"",""voltage"":1.276,""pressure_kpa"":19.41,""pkt"":3079}",
2026-07-12T22:54:53,esp32,PR12P210,ok,1.213,17.82,3080,-70,9.75,"{""device"":""esp32"",""sensor"":""PR12P210"",""status"":""ok"",""voltage"":1.213,""pressure_kpa"":17.82,""pkt"":3080}",
2026-07-12T22:54:54,esp32,PR12P210,ok,1.253,18.83,3081,-70,9.25,"{""device"":""esp32"",""sensor"":""PR12P210"",""status"":""ok"",""voltage"":1.253,""pressure_kpa"":18.83,""pkt"":3081}",
2026-07-12T22:54:56,esp32,PR12P210,ok,1.274,19.36,3082,-70,9.50,"{""device"":""esp32"",""sensor"":""PR12P210"",""status"":""ok"",""voltage"":1.274,""pressure_kpa"":19.36,""pkt"":3082}",
2026-07-12T22:54:57,esp32,PR12P210,ok,1.208,17.7,3083,-70,10.00,"{""device"":""esp32"",""sensor"":""PR12P210"",""status"":""ok"",""voltage"":1.208,""pressure_kpa"":17.70,""pkt"":3083}",
2026-07-12T22:54:58,esp32,PR12P210,ok,1.246,18.64,3084,-71,9.25,"{""device"":""esp32"",""sensor"":""PR12P210"",""status"":""ok"",""voltage"":1.246,""pressure_kpa"":18.64,""pkt"":3084}",
2026-07-12T22:54:59,esp32,PR12P210,ok,1.272,19.31,3085,-72,9.75,"{""device"":""esp32"",""sensor"":""PR12P210"",""status"":""ok"",""voltage"":1.272,""pressure_kpa"":19.31,""pkt"":3085}",
2026-07-12T22:55:00,esp32,PR12P210,ok,1.258,18.95,3086,-68,10.00,"{""device"":""esp32"",""sensor"":""PR12P210"",""status"":""ok"",""voltage"":1.258,""pressure_kpa"":18.95,""pkt"":3086}",
2026-07-12T22:55:01,esp32,PR12P210,ok,1.217,17.94,3087,-70,9.75,"{""device"":""esp32"",""sensor"":""PR12P210"",""status"":""ok"",""voltage"":1.217,""pressure_kpa"":17.94,""pkt"":3087}",
2026-07-12T22:55:03,esp32,PR12P210,ok,1.275,19.39,3088,-72,9.25,"{""device"":""esp32"",""sensor"":""PR12P210"",""status"":""ok"",""voltage"":1.275,""pressure_kpa"":19.39,""pkt"":3088}",
2026-07-12T22:55:04,esp32,PR12P210,ok,1.281,19.52,3089,-69,10.00,"{""device"":""esp32"",""sensor"":""PR12P210"",""status"":""ok"",""voltage"":1.281,""pressure_kpa"":19.52,""pkt"":3089}",
2026-07-12T22:55:05,esp32,PR12P210,ok,1.221,18.01,3090,-69,10.00,"{""device"":""esp32"",""sensor"":""PR12P210"",""status"":""ok"",""voltage"":1.221,""pressure_kpa"":18.01,""pkt"":3090}",
2026-07-12T22:55:06,esp32,PR12P210,ok,1.276,19.39,3091,-68,9.75,"{""device"":""esp32"",""sensor"":""PR12P210"",""status"":""ok"",""voltage"":1.276,""pressure_kpa"":19.39,""pkt"":3091}",
2026-07-12T22:55:07,esp32,PR12P210,ok,1.234,18.35,3092,-69,9.75,"{""device"":""esp32"",""sensor"":""PR12P210"",""status"":""ok"",""voltage"":1.234,""pressure_kpa"":18.35,""pkt"":3092}",
2026-07-12T22:55:09,esp32,PR12P210,ok,1.256,18.9,3093,-68,10.00,"{""device"":""esp32"",""sensor"":""PR12P210"",""status"":""ok"",""voltage"":1.256,""pressure_kpa"":18.90,""pkt"":3093}",
2026-07-12T22:55:10,esp32,PR12P210,ok,1.277,19.43,3094,-68,9.25,"{""device"":""esp32"",""sensor"":""PR12P210"",""status"":""ok"",""voltage"":1.277,""pressure_kpa"":19.43,""pkt"":3094}",
2026-07-12T22:55:11,esp32,PR12P210,ok,1.236,18.39,3095,-69,9.75,"{""device"":""esp32"",""sensor"":""PR12P210"",""status"":""ok"",""voltage"":1.236,""pressure_kpa"":18.39,""pkt"":3095}",
2026-07-12T22:55:12,esp32,PR12P210,ok,1.276,19.41,3096,-69,10.25,"{""device"":""esp32"",""sensor"":""PR12P210"",""status"":""ok"",""voltage"":1.276,""pressure_kpa"":19.41,""pkt"":3096}",
2026-07-12T22:55:13,esp32,PR12P210,ok,1.21,17.76,3097,-68,9.50,"{""device"":""esp32"",""sensor"":""PR12P210"",""status"":""ok"",""voltage"":1.210,""pressure_kpa"":17.76,""pkt"":3097}",
2026-07-12T22:55:15,esp32,PR12P210,ok,1.276,19.41,3098,-68,10.00,"{""device"":""esp32"",""sensor"":""PR12P210"",""status"":""ok"",""voltage"":1.276,""pressure_kpa"":19.41,""pkt"":3098}",
2026-07-12T22:55:16,esp32,PR12P210,ok,1.23,18.26,3099,-68,10.50,"{""device"":""esp32"",""sensor"":""PR12P210"",""status"":""ok"",""voltage"":1.230,""pressure_kpa"":18.26,""pkt"":3099}",
2026-07-12T22:55:17,esp32,PR12P210,ok,1.264,19.1,3100,-67,10.50,"{""device"":""esp32"",""sensor"":""PR12P210"",""status"":""ok"",""voltage"":1.264,""pressure_kpa"":19.10,""pkt"":3100}",
2026-07-12T22:55:18,esp32,PR12P210,ok,1.279,19.48,3101,-68,9.50,"{""device"":""esp32"",""sensor"":""PR12P210"",""status"":""ok"",""voltage"":1.279,""pressure_kpa"":19.48,""pkt"":3101}",
2026-07-12T22:55:19,esp32,PR12P210,ok,1.246,18.64,3102,-69,9.50,"{""device"":""esp32"",""sensor"":""PR12P210"",""status"":""ok"",""voltage"":1.246,""pressure_kpa"":18.64,""pkt"":3102}",
2026-07-12T22:55:21,esp32,PR12P210,ok,1.279,19.47,3103,-68,10.25,"{""device"":""esp32"",""sensor"":""PR12P210"",""status"":""ok"",""voltage"":1.279,""pressure_kpa"":19.47,""pkt"":3103}",
2026-07-12T22:55:22,esp32,PR12P210,ok,1.224,18.09,3104,-69,9.50,"{""device"":""esp32"",""sensor"":""PR12P210"",""status"":""ok"",""voltage"":1.224,""pressure_kpa"":18.09,""pkt"":3104}",
2026-07-12T22:55:23,esp32,PR12P210,ok,1.268,19.2,3105,-69,10.00,"{""device"":""esp32"",""sensor"":""PR12P210"",""status"":""ok"",""voltage"":1.268,""pressure_kpa"":19.20,""pkt"":3105}",
2026-07-12T22:55:24,esp32,PR12P210,ok,1.212,17.79,3106,-68,9.75,"{""device"":""esp32"",""sensor"":""PR12P210"",""status"":""ok"",""voltage"":1.212,""pressure_kpa"":17.79,""pkt"":3106}",
2026-07-12T22:55:25,esp32,PR12P210,ok,1.264,19.1,3107,-73,9.00,"{""device"":""esp32"",""sensor"":""PR12P210"",""status"":""ok"",""voltage"":1.264,""pressure_kpa"":19.10,""pkt"":3107}",
2026-07-12T22:55:27,esp32,PR12P210,ok,1.278,19.45,3108,-71,9.50,"{""device"":""esp32"",""sensor"":""PR12P210"",""status"":""ok"",""voltage"":1.278,""pressure_kpa"":19.45,""pkt"":3108}",
2026-07-12T22:55:28,esp32,PR12P210,ok,1.214,17.84,3109,-70,10.00,"{""device"":""esp32"",""sensor"":""PR12P210"",""status"":""ok"",""voltage"":1.214,""pressure_kpa"":17.84,""pkt"":3109}",
2026-07-12T22:55:29,,,,,,,-78,5.75,"{""device"":""esp32"",""sensorB:""PW1""P²10""$""sraDsw""Y*on"",""vãl}gcer21774v""pscssv~åkt`""61	.;6,p[´¢:Z=9Ý",Expecting ':' delimiter: line 1 column 29 (char 28)
2026-07-12T22:55:30,esp32,PR12P210,ok,1.284,19.59,3111,-77,9.00,"{""device"":""esp32"",""sensor"":""PR12P210"",""status"":""ok"",""voltage"":1.284,""pressure_kpa"":19.59,""pkt"":3111}",
2026-07-12T22:55:31,esp32,PR12P210,ok,1.222,18.05,3112,-75,9.00,"{""device"":""esp32"",""sensor"":""PR12P210"",""status"":""ok"",""voltage"":1.222,""pressure_kpa"":18.05,""pkt"":3112}",
2026-07-12T22:55:32,esp32,PR12P210,ok,1.295,19.88,3113,-69,9.25,"{""device"":""esp32"",""sensor"":""PR12P210"",""status"":""ok"",""voltage"":1.295,""pressure_kpa"":19.88,""pkt"":3113}",
2026-07-12T22:55:34,esp32,PR12P210,ok,1.37,21.74,3114,-64,10.50,"{""device"":""esp32"",""sensor"":""PR12P210"",""status"":""ok"",""voltage"":1.370,""pressure_kpa"":21.74,""pkt"":3114}",
2026-07-12T22:55:35,esp32,PR12P210,ok,1.373,21.83,3115,-65,10.25,"{""device"":""esp32"",""sensor"":""PR12P210"",""status"":""ok"",""voltage"":1.373,""pressure_kpa"":21.83,""pkt"":3115}",
2026-07-12T22:55:36,esp32,PR12P210,ok,1.367,21.67,3116,-64,10.00,"{""device"":""esp32"",""sensor"":""PR12P210"",""status"":""ok"",""voltage"":1.367,""pressure_kpa"":21.67,""pkt"":3116}",
2026-07-12T22:55:37,esp32,PR12P210,ok,1.392,22.29,3117,-66,9.75,"{""device"":""esp32"",""sensor"":""PR12P210"",""status"":""ok"",""voltage"":1.392,""pressure_kpa"":22.29,""pkt"":3117}",
2026-07-12T22:55:38,esp32,PR12P210,ok,1.391,22.27,3118,-65,9.75,"{""device"":""esp32"",""sensor"":""PR12P210"",""status"":""ok"",""voltage"":1.391,""pressure_kpa"":22.27,""pkt"":3118}",
2026-07-12T22:55:40,esp32,PR12P210,ok,1.383,22.09,3119,-64,10.50,"{""device"":""esp32"",""sensor"":""PR12P210"",""status"":""ok"",""voltage"":1.383,""pressure_kpa"":22.09,""pkt"":3119}",
2026-07-12T22:55:41,esp32,PR12P210,ok,1.398,22.45,3120,-66,10.25,"{""device"":""esp32"",""sensor"":""PR12P210"",""status"":""ok"",""voltage"":1.398,""pressure_kpa"":22.45,""pkt"":3120}",
2026-07-12T22:55:42,esp32,PR12P210,ok,1.41,22.74,3121,-66,9.75,"{""device"":""esp32"",""sensor"":""PR12P210"",""status"":""ok"",""voltage"":1.410,""pressure_kpa"":22.74,""pkt"":3121}",
2026-07-12T22:55:43,esp32,PR12P210,ok,1.389,22.23,3122,-65,10.00,"{""device"":""esp32"",""sensor"":""PR12P210"",""status"":""ok"",""voltage"":1.389,""pressure_kpa"":22.23,""pkt"":3122}",
2026-07-12T22:55:44,esp32,PR12P210,ok,1.396,22.41,3123,-66,9.75,"{""device"":""esp32"",""sensor"":""PR12P210"",""status"":""ok"",""voltage"":1.396,""pressure_kpa"":22.41,""pkt"":3123}",
2026-07-12T22:55:46,esp32,PR12P210,ok,1.413,22.83,3124,-67,9.50,"{""device"":""esp32"",""sensor"":""PR12P210"",""status"":""ok"",""voltage"":1.413,""pressure_kpa"":22.83,""pkt"":3124}",
2026-07-12T22:55:47,esp32,PR12P210,ok,1.406,22.65,3125,-66,9.75,"{""device"":""esp32"",""sensor"":""PR12P210"",""status"":""ok"",""voltage"":1.406,""pressure_kpa"":22.65,""pkt"":3125}",
2026-07-12T22:55:48,esp32,PR12P210,ok,1.391,22.29,3126,-66,9.50,"{""device"":""esp32"",""sensor"":""PR12P210"",""status"":""ok"",""voltage"":1.391,""pressure_kpa"":22.29,""pkt"":3126}",
2026-07-12T22:55:49,esp32,PR12P210,ok,1.283,19.57,3127,-68,9.50,"{""device"":""esp32"",""sensor"":""PR12P210"",""status"":""ok"",""voltage"":1.283,""pressure_kpa"":19.57,""pkt"":3127}",
2026-07-12T22:55:50,esp32,PR12P210,ok,1.398,22.45,3128,-63,10.00,"{""device"":""esp32"",""sensor"":""PR12P210"",""status"":""ok"",""voltage"":1.398,""pressure_kpa"":22.45,""pkt"":3128}",
2026-07-12T22:55:52,esp32,PR12P210,ok,1.403,22.59,3129,-65,9.50,"{""device"":""esp32"",""sensor"":""PR12P210"",""status"":""ok"",""voltage"":1.403,""pressure_kpa"":22.59,""pkt"":3129}",
2026-07-12T22:55:53,esp32,PR12P210,ok,1.391,22.28,3130,-65,9.75,"{""device"":""esp32"",""sensor"":""PR12P210"",""status"":""ok"",""voltage"":1.391,""pressure_kpa"":22.28,""pkt"":3130}",
2026-07-12T22:55:54,esp32,PR12P210,ok,1.235,18.37,3131,-75,9.00,"{""device"":""esp32"",""sensor"":""PR12P210"",""status"":""ok"",""voltage"":1.235,""pressure_kpa"":18.37,""pkt"":3131}",
2026-07-12T22:55:55,esp32,PR12P210,ok,1.305,20.12,3132,-66,9.75,"{""device"":""esp32"",""sensor"":""PR12P210"",""status"":""ok"",""voltage"":1.305,""pressure_kpa"":20.12,""pkt"":3132}",
2026-07-12T22:55:56,esp32,PR12P210,ok,1.261,19.03,3133,-66,10.00,"{""device"":""esp32"",""sensor"":""PR12P210"",""status"":""ok"",""voltage"":1.261,""pressure_kpa"":19.03,""pkt"":3133}",
2026-07-12T22:55:57,esp32,PR12P210,ok,1.294,19.85,3134,-65,9.75,"{""device"":""esp32"",""sensor"":""PR12P210"",""status"":""ok"",""voltage"":1.294,""pressure_kpa"":19.85,""pkt"":3134}",
2026-07-12T22:55:59,esp32,PR12P210,ok,1.295,19.88,3135,-65,9.75,"{""device"":""esp32"",""sensor"":""PR12P210"",""status"":""ok"",""voltage"":1.295,""pressure_kpa"":19.88,""pkt"":3135}",
2026-07-12T22:56:00,esp32,PR12P210,ok,1.301,20.02,3136,-65,10.25,"{""device"":""esp32"",""sensor"":""PR12P210"",""status"":""ok"",""voltage"":1.301,""pressure_kpa"":20.02,""pkt"":3136}",
2026-07-12T22:56:01,esp32,PR12P210,ok,1.27,19.25,3137,-64,9.75,"{""device"":""esp32"",""sensor"":""PR12P210"",""status"":""ok"",""voltage"":1.270,""pressure_kpa"":19.25,""pkt"":3137}",
2026-07-12T22:56:02,esp32,PR12P210,ok,1.29,19.74,3138,-65,9.75,"{""device"":""esp32"",""sensor"":""PR12P210"",""status"":""ok"",""voltage"":1.290,""pressure_kpa"":19.74,""pkt"":3138}",
2026-07-12T22:56:03,esp32,PR12P210,ok,1.301,20.03,3139,-64,9.75,"{""device"":""esp32"",""sensor"":""PR12P210"",""status"":""ok"",""voltage"":1.301,""pressure_kpa"":20.03,""pkt"":3139}",
2026-07-12T22:56:05,esp32,PR12P210,ok,1.256,18.89,3140,-64,10.25,"{""device"":""esp32"",""sensor"":""PR12P210"",""status"":""ok"",""voltage"":1.256,""pressure_kpa"":18.89,""pkt"":3140}",
2026-07-12T22:56:06,esp32,PR12P210,ok,1.284,19.61,3141,-65,9.75,"{""device"":""esp32"",""sensor"":""PR12P210"",""status"":""ok"",""voltage"":1.284,""pressure_kpa"":19.61,""pkt"":3141}",
2026-07-12T22:56:07,esp32,PR12P210,ok,1.299,19.97,3142,-64,10.25,"{""device"":""esp32"",""sensor"":""PR12P210"",""status"":""ok"",""voltage"":1.299,""pressure_kpa"":19.97,""pkt"":3142}",
2026-07-12T22:56:08,esp32,PR12P210,ok,1.311,20.27,3143,-65,10.50,"{""device"":""esp32"",""sensor"":""PR12P210"",""status"":""ok"",""voltage"":1.311,""pressure_kpa"":20.27,""pkt"":3143}",
2026-07-12T22:56:09,esp32,PR12P210,ok,1.253,18.83,3144,-65,10.00,"{""device"":""esp32"",""sensor"":""PR12P210"",""status"":""ok"",""voltage"":1.253,""pressure_kpa"":18.83,""pkt"":3144}",
2026-07-12T22:56:11,esp32,PR12P210,ok,1.295,19.88,3145,-64,9.75,"{""device"":""esp32"",""sensor"":""PR12P210"",""status"":""ok"",""voltage"":1.295,""pressure_kpa"":19.88,""pkt"":3145}",
2026-07-12T22:56:12,esp32,PR12P210,ok,1.298,19.94,3146,-65,10.00,"{""device"":""esp32"",""sensor"":""PR12P210"",""status"":""ok"",""voltage"":1.298,""pressure_kpa"":19.94,""pkt"":3146}",
2026-07-12T22:56:13,esp32,PR12P210,ok,1.3,20.0,3147,-66,9.75,"{""device"":""esp32"",""sensor"":""PR12P210"",""status"":""ok"",""voltage"":1.300,""pressure_kpa"":20.00,""pkt"":3147}",
2026-07-12T22:56:14,esp32,PR12P210,ok,1.263,19.07,3148,-65,9.50,"{""device"":""esp32"",""sensor"":""PR12P210"",""status"":""ok"",""voltage"":1.263,""pressure_kpa"":19.07,""pkt"":3148}",
2026-07-12T22:56:15,esp32,PR12P210,ok,1.297,19.92,3149,-65,10.25,"{""device"":""esp32"",""sensor"":""PR12P210"",""status"":""ok"",""voltage"":1.297,""pressure_kpa"":19.92,""pkt"":3149}",
2026-07-12T22:56:17,esp32,PR12P210,ok,1.293,19.83,3150,-65,10.25,"{""device"":""esp32"",""sensor"":""PR12P210"",""status"":""ok"",""voltage"":1.293,""pressure_kpa"":19.83,""pkt"":3150}",
2026-07-12T22:56:18,esp32,PR12P210,ok,1.301,20.02,3151,-66,9.75,"{""device"":""esp32"",""sensor"":""PR12P210"",""status"":""ok"",""voltage"":1.301,""pressure_kpa"":20.02,""pkt"":3151}",
2026-07-12T22:56:19,esp32,PR12P210,ok,1.262,19.05,3152,-65,9.50,"{""device"":""esp32"",""sensor"":""PR12P210"",""status"":""ok"",""voltage"":1.262,""pressure_kpa"":19.05,""pkt"":3152}",
2026-07-12T22:56:20,esp32,PR12P210,ok,1.29,19.74,3153,-66,10.50,"{""device"":""esp32"",""sensor"":""PR12P210"",""status"":""ok"",""voltage"":1.290,""pressure_kpa"":19.74,""pkt"":3153}",
2026-07-12T22:56:21,esp32,PR12P210,ok,1.296,19.89,3154,-66,9.75,"{""device"":""esp32"",""sensor"":""PR12P210"",""status"":""ok"",""voltage"":1.296,""pressure_kpa"":19.89,""pkt"":3154}",
2026-07-12T22:56:23,esp32,PR12P210,ok,1.308,20.2,3155,-66,10.50,"{""device"":""esp32"",""sensor"":""PR12P210"",""status"":""ok"",""voltage"":1.308,""pressure_kpa"":20.20,""pkt"":3155}",
2026-07-12T22:56:24,esp32,PR12P210,ok,1.254,18.85,3156,-65,10.00,"{""device"":""esp32"",""sensor"":""PR12P210"",""status"":""ok"",""voltage"":1.254,""pressure_kpa"":18.85,""pkt"":3156}",
2026-07-12T22:56:25,esp32,PR12P210,ok,1.292,19.8,3157,-66,9.75,"{""device"":""esp32"",""sensor"":""PR12P210"",""status"":""ok"",""voltage"":1.292,""pressure_kpa"":19.80,""pkt"":3157}",
2026-07-12T22:56:26,esp32,PR12P210,ok,1.299,19.96,3158,-65,9.75,"{""device"":""esp32"",""sensor"":""PR12P210"",""status"":""ok"",""voltage"":1.299,""pressure_kpa"":19.96,""pkt"":3158}",
2026-07-12T22:56:27,esp32,PR12P210,ok,1.3,20.01,3159,-61,10.00,"{""device"":""esp32"",""sensor"":""PR12P210"",""status"":""ok"",""voltage"":1.300,""pressure_kpa"":20.01,""pkt"":3159}",
2026-07-12T22:56:28,esp32,PR12P210,ok,1.246,18.65,3160,-62,10.25,"{""device"":""esp32"",""sensor"":""PR12P210"",""status"":""ok"",""voltage"":1.246,""pressure_kpa"":18.65,""pkt"":3160}",
2026-07-12T22:56:30,esp32,PR12P210,ok,1.278,19.46,3161,-62,9.75,"{""device"":""esp32"",""sensor"":""PR12P210"",""status"":""ok"",""voltage"":1.278,""pressure_kpa"":19.46,""pkt"":3161}",
2026-07-12T22:56:31,esp32,PR12P210,ok,1.295,19.87,3162,-62,9.50,"{""device"":""esp32"",""sensor"":""PR12P210"",""status"":""ok"",""voltage"":1.295,""pressure_kpa"":19.87,""pkt"":3162}",
2026-07-12T22:56:32,esp32,PR12P210,ok,1.289,19.74,3163,-62,10.00,"{""device"":""esp32"",""sensor"":""PR12P210"",""status"":""ok"",""voltage"":1.289,""pressure_kpa"":19.74,""pkt"":3163}",
2026-07-12T22:56:33,esp32,PR12P210,ok,1.295,19.88,3164,-62,9.75,"{""device"":""esp32"",""sensor"":""PR12P210"",""status"":""ok"",""voltage"":1.295,""pressure_kpa"":19.88,""pkt"":3164}",
2026-07-12T22:56:34,esp32,PR12P210,ok,1.295,19.87,3165,-62,10.50,"{""device"":""esp32"",""sensor"":""PR12P210"",""status"":""ok"",""voltage"":1.295,""pressure_kpa"":19.87,""pkt"":3165}",
2026-07-12T22:56:36,esp32,PR12P210,ok,1.243,18.56,3166,-62,10.00,"{""device"":""esp32"",""sensor"":""PR12P210"",""status"":""ok"",""voltage"":1.243,""pressure_kpa"":18.56,""pkt"":3166}",
2026-07-12T22:56:37,esp32,PR12P210,ok,1.262,19.04,3167,-62,9.50,"{""device"":""esp32"",""sensor"":""PR12P210"",""status"":""ok"",""voltage"":1.262,""pressure_kpa"":19.04,""pkt"":3167}",
2026-07-12T22:56:38,esp32,PR12P210,ok,1.29,19.75,3168,-62,9.75,"{""device"":""esp32"",""sensor"":""PR12P210"",""status"":""ok"",""voltage"":1.290,""pressure_kpa"":19.75,""pkt"":3168}",
2026-07-12T22:56:39,esp32,PR12P210,ok,1.289,19.74,3169,-62,9.75,"{""device"":""esp32"",""sensor"":""PR12P210"",""status"":""ok"",""voltage"":1.289,""pressure_kpa"":19.74,""pkt"":3169}",
2026-07-12T22:56:40,esp32,PR12P210,ok,1.298,19.94,3170,-61,10.25,"{""device"":""esp32"",""sensor"":""PR12P210"",""status"":""ok"",""voltage"":1.298,""pressure_kpa"":19.94,""pkt"":3170}",
2026-07-12T22:56:42,esp32,PR12P210,ok,1.298,19.94,3171,-61,9.50,"{""device"":""esp32"",""sensor"":""PR12P210"",""status"":""ok"",""voltage"":1.298,""pressure_kpa"":19.94,""pkt"":3171}",
2026-07-12T22:56:43,esp32,PR12P210,ok,1.28,19.5,3172,-62,9.50,"{""device"":""esp32"",""sensor"":""PR12P210"",""status"":""ok"",""voltage"":1.280,""pressure_kpa"":19.50,""pkt"":3172}",
2026-07-12T22:56:44,esp32,PR12P210,ok,1.245,18.62,3173,-62,10.25,"{""device"":""esp32"",""sensor"":""PR12P210"",""status"":""ok"",""voltage"":1.245,""pressure_kpa"":18.62,""pkt"":3173}",
2026-07-12T22:56:45,esp32,PR12P210,ok,1.282,19.56,3174,-62,9.75,"{""device"":""esp32"",""sensor"":""PR12P210"",""status"":""ok"",""voltage"":1.282,""pressure_kpa"":19.56,""pkt"":3174}",
2026-07-12T22:56:46,esp32,PR12P210,ok,1.291,19.76,3175,-62,10.25,"{""device"":""esp32"",""sensor"":""PR12P210"",""status"":""ok"",""voltage"":1.291,""pressure_kpa"":19.76,""pkt"":3175}",
2026-07-12T22:56:48,esp32,PR12P210,ok,1.295,19.88,3176,-62,11.25,"{""device"":""esp32"",""sensor"":""PR12P210"",""status"":""ok"",""voltage"":1.295,""pressure_kpa"":19.88,""pkt"":3176}",
2026-07-12T22:56:49,esp32,PR12P210,ok,1.249,18.71,3177,-62,10.00,"{""device"":""esp32"",""sensor"":""PR12P210"",""status"":""ok"",""voltage"":1.249,""pressure_kpa"":18.71,""pkt"":3177}",
2026-07-12T22:56:50,esp32,PR12P210,ok,1.271,19.27,3178,-61,9.75,"{""device"":""esp32"",""sensor"":""PR12P210"",""status"":""ok"",""voltage"":1.271,""pressure_kpa"":19.27,""pkt"":3178}",
2026-07-12T22:56:51,esp32,PR12P210,ok,1.293,19.82,3179,-62,10.25,"{""device"":""esp32"",""sensor"":""PR12P210"",""status"":""ok"",""voltage"":1.293,""pressure_kpa"":19.82,""pkt"":3179}",
2026-07-12T22:56:52,esp32,PR12P210,ok,1.297,19.93,3180,-62,10.00,"{""device"":""esp32"",""sensor"":""PR12P210"",""status"":""ok"",""voltage"":1.297,""pressure_kpa"":19.93,""pkt"":3180}",
2026-07-12T22:56:54,esp32,PR12P210,ok,1.239,18.48,3181,-62,10.00,"{""device"":""esp32"",""sensor"":""PR12P210"",""status"":""ok"",""voltage"":1.239,""pressure_kpa"":18.48,""pkt"":3181}",
2026-07-12T22:56:55,esp32,PR12P210,ok,1.276,19.39,3182,-62,10.00,"{""device"":""esp32"",""sensor"":""PR12P210"",""status"":""ok"",""voltage"":1.276,""pressure_kpa"":19.39,""pkt"":3182}",
2026-07-12T22:56:56,esp32,PR12P210,ok,1.294,19.86,3183,-62,10.25,"{""device"":""esp32"",""sensor"":""PR12P210"",""status"":""ok"",""voltage"":1.294,""pressure_kpa"":19.86,""pkt"":3183}",
2026-07-12T22:56:57,esp32,PR12P210,ok,1.289,19.72,3184,-62,9.75,"{""device"":""esp32"",""sensor"":""PR12P210"",""status"":""ok"",""voltage"":1.289,""pressure_kpa"":19.72,""pkt"":3184}",
2026-07-12T22:56:58,esp32,PR12P210,ok,1.269,19.24,3185,-62,8.25,"{""device"":""esp32"",""sensor"":""PR12P210"",""status"":""ok"",""voltage"":1.269,""pressure_kpa"":19.24,""pkt"":3185}",
2026-07-12T22:56:59,esp32,PR12P210,ok,1.248,18.71,3186,-62,10.25,"{""device"":""esp32"",""sensor"":""PR12P210"",""status"":""ok"",""voltage"":1.248,""pressure_kpa"":18.71,""pkt"":3186}",
2026-07-12T22:57:01,esp32,PR12P210,ok,1.293,19.83,3187,-62,12.50,"{""device"":""esp32"",""sensor"":""PR12P210"",""status"":""ok"",""voltage"":1.293,""pressure_kpa"":19.83,""pkt"":3187}",
2026-07-12T22:57:02,esp32,PR12P210,ok,1.301,20.02,3188,-62,10.00,"{""device"":""esp32"",""sensor"":""PR12P210"",""status"":""ok"",""voltage"":1.301,""pressure_kpa"":20.02,""pkt"":3188}",
2026-07-12T22:57:03,esp32,PR12P210,ok,1.309,20.23,3189,-62,10.00,"{""device"":""esp32"",""sensor"":""PR12P210"",""status"":""ok"",""voltage"":1.309,""pressure_kpa"":20.23,""pkt"":3189}",
2026-07-12T22:57:04,esp32,PR12P210,ok,1.254,18.86,3190,-61,9.75,"{""device"":""esp32"",""sensor"":""PR12P210"",""status"":""ok"",""voltage"":1.254,""pressure_kpa"":18.86,""pkt"":3190}",
2026-07-12T22:57:05,esp32,PR12P210,ok,1.293,19.82,3191,-62,9.50,"{""device"":""esp32"",""sensor"":""PR12P210"",""status"":""ok"",""voltage"":1.293,""pressure_kpa"":19.82,""pkt"":3191}",
2026-07-12T22:57:07,esp32,PR12P210,ok,1.296,19.89,3192,-61,9.75,"{""device"":""esp32"",""sensor"":""PR12P210"",""status"":""ok"",""voltage"":1.296,""pressure_kpa"":19.89,""pkt"":3192}",
2026-07-12T22:57:08,esp32,PR12P210,ok,1.298,19.94,3193,-61,10.25,"{""device"":""esp32"",""sensor"":""PR12P210"",""status"":""ok"",""voltage"":1.298,""pressure_kpa"":19.94,""pkt"":3193}",
2026-07-12T22:57:09,esp32,PR12P210,ok,1.264,19.1,3194,-62,10.25,"{""device"":""esp32"",""sensor"":""PR12P210"",""status"":""ok"",""voltage"":1.264,""pressure_kpa"":19.10,""pkt"":3194}",
2026-07-12T22:57:10,esp32,PR12P210,ok,1.296,19.89,3195,-62,10.00,"{""device"":""esp32"",""sensor"":""PR12P210"",""status"":""ok"",""voltage"":1.296,""pressure_kpa"":19.89,""pkt"":3195}",
2026-07-12T22:57:11,esp32,PR12P210,ok,1.3,20.0,3196,-61,10.00,"{""device"":""esp32"",""sensor"":""PR12P210"",""status"":""ok"",""voltage"":1.300,""pressure_kpa"":20.00,""pkt"":3196}",
2026-07-12T22:57:13,esp32,PR12P210,ok,1.251,18.77,3197,-62,9.75,"{""device"":""esp32"",""sensor"":""PR12P210"",""status"":""ok"",""voltage"":1.251,""pressure_kpa"":18.77,""pkt"":3197}",
2026-07-12T22:57:14,esp32,PR12P210,ok,1.296,19.9,3198,-61,12.25,"{""device"":""esp32"",""sensor"":""PR12P210"",""status"":""ok"",""voltage"":1.296,""pressure_kpa"":19.90,""pkt"":3198}",
2026-07-12T22:57:15,esp32,PR12P210,ok,1.299,19.97,3199,-60,10.00,"{""device"":""esp32"",""sensor"":""PR12P210"",""status"":""ok"",""voltage"":1.299,""pressure_kpa"":19.97,""pkt"":3199}",
2026-07-12T22:57:16,esp32,PR12P210,ok,1.276,19.4,3200,-62,10.25,"{""device"":""esp32"",""sensor"":""PR12P210"",""status"":""ok"",""voltage"":1.276,""pressure_kpa"":19.40,""pkt"":3200}",
2026-07-12T22:57:17,esp32,PR12P210,ok,1.271,19.29,3201,-62,9.75,"{""device"":""esp32"",""sensor"":""PR12P210"",""status"":""ok"",""voltage"":1.271,""pressure_kpa"":19.29,""pkt"":3201}",
2026-07-12T22:57:19,esp32,PR12P210,ok,1.3,19.99,3202,-62,9.75,"{""device"":""esp32"",""sensor"":""PR12P210"",""status"":""ok"",""voltage"":1.300,""pressure_kpa"":19.99,""pkt"":3202}",
2026-07-12T22:57:20,esp32,PR12P210,ok,1.301,20.03,3203,-62,10.25,"{""device"":""esp32"",""sensor"":""PR12P210"",""status"":""ok"",""voltage"":1.301,""pressure_kpa"":20.03,""pkt"":3203}",
2026-07-12T22:57:21,esp32,PR12P210,ok,1.246,18.64,3204,-61,9.75,"{""device"":""esp32"",""sensor"":""PR12P210"",""status"":""ok"",""voltage"":1.246,""pressure_kpa"":18.64,""pkt"":3204}",
2026-07-12T22:57:22,esp32,PR12P210,ok,1.292,19.8,3205,-62,10.50,"{""device"":""esp32"",""sensor"":""PR12P210"",""status"":""ok"",""voltage"":1.292,""pressure_kpa"":19.80,""pkt"":3205}",
2026-07-12T22:57:23,esp32,PR12P210,ok,1.296,19.89,3206,-62,10.50,"{""device"":""esp32"",""sensor"":""PR12P210"",""status"":""ok"",""voltage"":1.296,""pressure_kpa"":19.89,""pkt"":3206}",
2026-07-12T22:57:25,esp32,PR12P210,ok,1.248,18.7,3207,-62,9.75,"{""device"":""esp32"",""sensor"":""PR12P210"",""status"":""ok"",""voltage"":1.248,""pressure_kpa"":18.70,""pkt"":3207}",
2026-07-12T22:57:26,esp32,PR12P210,ok,1.293,19.82,3208,-61,10.00,"{""device"":""esp32"",""sensor"":""PR12P210"",""status"":""ok"",""voltage"":1.293,""pressure_kpa"":19.82,""pkt"":3208}",
2026-07-12T22:57:27,esp32,PR12P210,ok,1.29,19.76,3209,-61,12.25,"{""device"":""esp32"",""sensor"":""PR12P210"",""status"":""ok"",""voltage"":1.290,""pressure_kpa"":19.76,""pkt"":3209}",
2026-07-12T22:57:28,esp32,PR12P210,ok,1.245,18.62,3210,-61,10.50,"{""device"":""esp32"",""sensor"":""PR12P210"",""status"":""ok"",""voltage"":1.245,""pressure_kpa"":18.62,""pkt"":3210}",
2026-07-12T22:57:29,esp32,PR12P210,ok,1.295,19.88,3211,-61,10.00,"{""device"":""esp32"",""sensor"":""PR12P210"",""status"":""ok"",""voltage"":1.295,""pressure_kpa"":19.88,""pkt"":3211}",
2026-07-12T22:57:30,esp32,PR12P210,ok,1.299,19.97,3212,-61,9.50,"{""device"":""esp32"",""sensor"":""PR12P210"",""status"":""ok"",""voltage"":1.299,""pressure_kpa"":19.97,""pkt"":3212}",
2026-07-12T22:57:32,esp32,PR12P210,ok,1.27,19.25,3213,-61,10.00,"{""device"":""esp32"",""sensor"":""PR12P210"",""status"":""ok"",""voltage"":1.270,""pressure_kpa"":19.25,""pkt"":3213}",
2026-07-12T22:57:33,esp32,PR12P210,ok,1.277,19.43,3214,-62,9.75,"{""device"":""esp32"",""sensor"":""PR12P210"",""status"":""ok"",""voltage"":1.277,""pressure_kpa"":19.43,""pkt"":3214}",
2026-07-12T22:57:34,esp32,PR12P210,ok,1.296,19.9,3215,-62,10.50,"{""device"":""esp32"",""sensor"":""PR12P210"",""status"":""ok"",""voltage"":1.296,""pressure_kpa"":19.90,""pkt"":3215}",
2026-07-12T22:57:35,esp32,PR12P210,ok,1.299,19.98,3216,-62,10.75,"{""device"":""esp32"",""sensor"":""PR12P210"",""status"":""ok"",""voltage"":1.299,""pressure_kpa"":19.98,""pkt"":3216}",
2026-07-12T22:57:36,esp32,PR12P210,ok,1.251,18.78,3217,-62,9.75,"{""device"":""esp32"",""sensor"":""PR12P210"",""status"":""ok"",""voltage"":1.251,""pressure_kpa"":18.78,""pkt"":3217}",
2026-07-12T22:57:38,esp32,PR12P210,ok,1.285,19.62,3218,-61,9.75,"{""device"":""esp32"",""sensor"":""PR12P210"",""status"":""ok"",""voltage"":1.285,""pressure_kpa"":19.62,""pkt"":3218}",
2026-07-12T22:57:39,esp32,PR12P210,ok,1.295,19.88,3219,-61,10.25,"{""device"":""esp32"",""sensor"":""PR12P210"",""status"":""ok"",""voltage"":1.295,""pressure_kpa"":19.88,""pkt"":3219}",
2026-07-12T22:57:40,esp32,PR12P210,ok,1.305,20.12,3220,-62,10.75,"{""device"":""esp32"",""sensor"":""PR12P210"",""status"":""ok"",""voltage"":1.305,""pressure_kpa"":20.12,""pkt"":3220}",
2026-07-12T22:57:41,esp32,PR12P210,ok,1.247,18.68,3221,-62,9.50,"{""device"":""esp32"",""sensor"":""PR12P210"",""status"":""ok"",""voltage"":1.247,""pressure_kpa"":18.68,""pkt"":3221}",
2026-07-12T22:57:42,esp32,PR12P210,ok,1.29,19.74,3222,-62,9.75,"{""device"":""esp32"",""sensor"":""PR12P210"",""status"":""ok"",""voltage"":1.290,""pressure_kpa"":19.74,""pkt"":3222}",
2026-07-12T22:57:44,esp32,PR12P210,ok,1.302,20.04,3223,-62,10.00,"{""device"":""esp32"",""sensor"":""PR12P210"",""status"":""ok"",""voltage"":1.302,""pressure_kpa"":20.04,""pkt"":3223}",
2026-07-12T22:57:45,esp32,PR12P210,ok,1.301,20.02,3224,-62,9.50,"{""device"":""esp32"",""sensor"":""PR12P210"",""status"":""ok"",""voltage"":1.301,""pressure_kpa"":20.02,""pkt"":3224}",
2026-07-12T22:57:46,esp32,PR12P210,ok,1.248,18.7,3225,-62,9.75,"{""device"":""esp32"",""sensor"":""PR12P210"",""status"":""ok"",""voltage"":1.248,""pressure_kpa"":18.70,""pkt"":3225}",
2026-07-12T22:57:47,esp32,PR12P210,ok,1.288,19.69,3226,-62,10.00,"{""device"":""esp32"",""sensor"":""PR12P210"",""status"":""ok"",""voltage"":1.288,""pressure_kpa"":19.69,""pkt"":3226}",
2026-07-12T22:57:48,esp32,PR12P210,ok,1.293,19.83,3227,-62,9.75,"{""device"":""esp32"",""sensor"":""PR12P210"",""status"":""ok"",""voltage"":1.293,""pressure_kpa"":19.83,""pkt"":3227}",
2026-07-12T22:57:50,esp32,PR12P210,ok,1.294,19.85,3228,-61,9.75,"{""device"":""esp32"",""sensor"":""PR12P210"",""status"":""ok"",""voltage"":1.294,""pressure_kpa"":19.85,""pkt"":3228}",
2026-07-12T22:57:51,esp32,PR12P210,ok,1.294,19.84,3229,-61,10.00,"{""device"":""esp32"",""sensor"":""PR12P210"",""status"":""ok"",""voltage"":1.294,""pressure_kpa"":19.84,""pkt"":3229}",
2026-07-12T22:57:52,esp32,PR12P210,ok,1.25,18.75,3230,-62,10.25,"{""device"":""esp32"",""sensor"":""PR12P210"",""status"":""ok"",""voltage"":1.250,""pressure_kpa"":18.75,""pkt"":3230}",
2026-07-12T22:57:53,esp32,PR12P210,ok,1.274,19.36,3231,-62,10.75,"{""device"":""esp32"",""sensor"":""PR12P210"",""status"":""ok"",""voltage"":1.274,""pressure_kpa"":19.36,""pkt"":3231}",
2026-07-12T22:57:54,esp32,PR12P210,ok,1.294,19.86,3232,-62,10.25,"{""device"":""esp32"",""sensor"":""PR12P210"",""status"":""ok"",""voltage"":1.294,""pressure_kpa"":19.86,""pkt"":3232}",
2026-07-12T22:57:56,esp32,PR12P210,ok,1.295,19.86,3233,-62,10.00,"{""device"":""esp32"",""sensor"":""PR12P210"",""status"":""ok"",""voltage"":1.295,""pressure_kpa"":19.86,""pkt"":3233}",
2026-07-12T22:57:57,esp32,PR12P210,ok,1.293,19.81,3234,-62,9.75,"{""device"":""esp32"",""sensor"":""PR12P210"",""status"":""ok"",""voltage"":1.293,""pressure_kpa"":19.81,""pkt"":3234}",
2026-07-12T22:57:58,esp32,PR12P210,ok,1.263,19.08,3235,-62,10.50,"{""device"":""esp32"",""sensor"":""PR12P210"",""status"":""ok"",""voltage"":1.263,""pressure_kpa"":19.08,""pkt"":3235}",
2026-07-12T22:57:59,esp32,PR12P210,ok,1.242,18.55,3236,-61,10.25,"{""device"":""esp32"",""sensor"":""PR12P210"",""status"":""ok"",""voltage"":1.242,""pressure_kpa"":18.55,""pkt"":3236}",
2026-07-12T22:58:00,esp32,PR12P210,ok,1.263,19.07,3237,-62,10.00,"{""device"":""esp32"",""sensor"":""PR12P210"",""status"":""ok"",""voltage"":1.263,""pressure_kpa"":19.07,""pkt"":3237}",
2026-07-12T22:58:01,esp32,PR12P210,ok,1.295,19.88,3238,-62,9.75,"{""device"":""esp32"",""sensor"":""PR12P210"",""status"":""ok"",""voltage"":1.295,""pressure_kpa"":19.88,""pkt"":3238}",
2026-07-12T22:58:03,esp32,PR12P210,ok,1.293,19.84,3239,-61,10.00,"{""device"":""esp32"",""sensor"":""PR12P210"",""status"":""ok"",""voltage"":1.293,""pressure_kpa"":19.84,""pkt"":3239}",
2026-07-12T22:58:04,esp32,PR12P210,ok,1.296,19.9,3240,-62,10.00,"{""device"":""esp32"",""sensor"":""PR12P210"",""status"":""ok"",""voltage"":1.296,""pressure_kpa"":19.90,""pkt"":3240}",
2026-07-12T22:58:05,esp32,PR12P210,ok,1.296,19.9,3241,-61,9.75,"{""device"":""esp32"",""sensor"":""PR12P210"",""status"":""ok"",""voltage"":1.296,""pressure_kpa"":19.90,""pkt"":3241}",
2026-07-12T22:58:06,esp32,PR12P210,ok,1.253,18.82,3242,-62,11.00,"{""device"":""esp32"",""sensor"":""PR12P210"",""status"":""ok"",""voltage"":1.253,""pressure_kpa"":18.82,""pkt"":3242}",
2026-07-12T22:58:07,esp32,PR12P210,ok,1.272,19.3,3243,-61,10.25,"{""device"":""esp32"",""sensor"":""PR12P210"",""status"":""ok"",""voltage"":1.272,""pressure_kpa"":19.30,""pkt"":3243}",
2026-07-12T22:58:09,esp32,PR12P210,ok,1.295,19.87,3244,-61,9.75,"{""device"":""esp32"",""sensor"":""PR12P210"",""status"":""ok"",""voltage"":1.295,""pressure_kpa"":19.87,""pkt"":3244}",
2026-07-12T22:58:10,esp32,PR12P210,ok,1.292,19.81,3245,-61,10.00,"{""device"":""esp32"",""sensor"":""PR12P210"",""status"":""ok"",""voltage"":1.292,""pressure_kpa"":19.81,""pkt"":3245}",
2026-07-12T22:58:11,esp32,PR12P210,ok,1.249,18.72,3246,-61,10.50,"{""device"":""esp32"",""sensor"":""PR12P210"",""status"":""ok"",""voltage"":1.249,""pressure_kpa"":18.72,""pkt"":3246}",
2026-07-12T22:58:12,esp32,PR12P210,ok,1.257,18.93,3247,-62,9.75,"{""device"":""esp32"",""sensor"":""PR12P210"",""status"":""ok"",""voltage"":1.257,""pressure_kpa"":18.93,""pkt"":3247}",
2026-07-12T22:58:13,esp32,PR12P210,ok,1.292,19.79,3248,-61,9.75,"{""device"":""esp32"",""sensor"":""PR12P210"",""status"":""ok"",""voltage"":1.292,""pressure_kpa"":19.79,""pkt"":3248}",
2026-07-12T22:58:15,esp32,PR12P210,ok,1.295,19.87,3249,-61,10.00,"{""device"":""esp32"",""sensor"":""PR12P210"",""status"":""ok"",""voltage"":1.295,""pressure_kpa"":19.87,""pkt"":3249}",
2026-07-12T22:58:16,esp32,PR12P210,ok,1.284,19.59,3250,-61,10.00,"{""device"":""esp32"",""sensor"":""PR12P210"",""status"":""ok"",""voltage"":1.284,""pressure_kpa"":19.59,""pkt"":3250}",
2026-07-12T22:58:17,esp32,PR12P210,ok,1.252,18.79,3251,-61,9.50,"{""device"":""esp32"",""sensor"":""PR12P210"",""status"":""ok"",""voltage"":1.252,""pressure_kpa"":18.79,""pkt"":3251}",
2026-07-12T22:58:18,esp32,PR12P210,ok,1.291,19.77,3252,-61,10.00,"{""device"":""esp32"",""sensor"":""PR12P210"",""status"":""ok"",""voltage"":1.291,""pressure_kpa"":19.77,""pkt"":3252}",
2026-07-12T22:58:19,esp32,PR12P210,ok,1.294,19.85,3253,-61,10.50,"{""device"":""esp32"",""sensor"":""PR12P210"",""status"":""ok"",""voltage"":1.294,""pressure_kpa"":19.85,""pkt"":3253}",
2026-07-12T22:58:21,esp32,PR12P210,ok,1.298,19.96,3254,-62,9.75,"{""device"":""esp32"",""sensor"":""PR12P210"",""status"":""ok"",""voltage"":1.298,""pressure_kpa"":19.96,""pkt"":3254}",
2026-07-12T22:58:22,esp32,PR12P210,ok,1.251,18.78,3255,-61,9.50,"{""device"":""esp32"",""sensor"":""PR12P210"",""status"":""ok"",""voltage"":1.251,""pressure_kpa"":18.78,""pkt"":3255}",
2026-07-12T22:58:23,esp32,PR12P210,ok,1.248,18.71,3256,-62,10.25,"{""device"":""esp32"",""sensor"":""PR12P210"",""status"":""ok"",""voltage"":1.248,""pressure_kpa"":18.71,""pkt"":3256}",
2026-07-12T22:58:24,esp32,PR12P210,ok,1.289,19.72,3257,-62,9.75,"{""device"":""esp32"",""sensor"":""PR12P210"",""status"":""ok"",""voltage"":1.289,""pressure_kpa"":19.72,""pkt"":3257}",
2026-07-12T22:58:25,esp32,PR12P210,ok,1.289,19.71,3258,-62,9.75,"{""device"":""esp32"",""sensor"":""PR12P210"",""status"":""ok"",""voltage"":1.289,""pressure_kpa"":19.71,""pkt"":3258}",
2026-07-12T22:58:26,esp32,PR12P210,ok,1.292,19.8,3259,-62,10.00,"{""device"":""esp32"",""sensor"":""PR12P210"",""status"":""ok"",""voltage"":1.292,""pressure_kpa"":19.80,""pkt"":3259}",
2026-07-12T22:58:28,esp32,PR12P210,ok,1.253,18.82,3260,-62,10.00,"{""device"":""esp32"",""sensor"":""PR12P210"",""status"":""ok"",""voltage"":1.253,""pressure_kpa"":18.82,""pkt"":3260}",
2026-07-12T22:58:29,esp32,PR12P210,ok,1.256,18.91,3261,-62,9.75,"{""device"":""esp32"",""sensor"":""PR12P210"",""status"":""ok"",""voltage"":1.256,""pressure_kpa"":18.91,""pkt"":3261}",
2026-07-12T22:58:30,esp32,PR12P210,ok,1.285,19.63,3262,-62,9.50,"{""device"":""esp32"",""sensor"":""PR12P210"",""status"":""ok"",""voltage"":1.285,""pressure_kpa"":19.63,""pkt"":3262}",
2026-07-12T22:58:31,esp32,PR12P210,ok,1.292,19.79,3263,-61,10.00,"{""device"":""esp32"",""sensor"":""PR12P210"",""status"":""ok"",""voltage"":1.292,""pressure_kpa"":19.79,""pkt"":3263}",
2026-07-12T22:58:32,esp32,PR12P210,ok,1.296,19.9,3264,-62,10.00,"{""device"":""esp32"",""sensor"":""PR12P210"",""status"":""ok"",""voltage"":1.296,""pressure_kpa"":19.90,""pkt"":3264}",
2026-07-12T22:58:34,esp32,PR12P210,ok,1.24,18.5,3265,-62,10.00,"{""device"":""esp32"",""sensor"":""PR12P210"",""status"":""ok"",""voltage"":1.240,""pressure_kpa"":18.50,""pkt"":3265}",
2026-07-12T22:58:35,esp32,PR12P210,ok,1.274,19.36,3266,-61,9.75,"{""device"":""esp32"",""sensor"":""PR12P210"",""status"":""ok"",""voltage"":1.274,""pressure_kpa"":19.36,""pkt"":3266}",
2026-07-12T22:58:36,esp32,PR12P210,ok,1.292,19.81,3267,-61,9.75,"{""device"":""esp32"",""sensor"":""PR12P210"",""status"":""ok"",""voltage"":1.292,""pressure_kpa"":19.81,""pkt"":3267}",
2026-07-12T22:58:37,esp32,PR12P210,ok,1.289,19.72,3268,-61,9.75,"{""device"":""esp32"",""sensor"":""PR12P210"",""status"":""ok"",""voltage"":1.289,""pressure_kpa"":19.72,""pkt"":3268}",
2026-07-12T22:58:38,esp32,PR12P210,ok,1.269,19.23,3269,-61,10.50,"{""device"":""esp32"",""sensor"":""PR12P210"",""status"":""ok"",""voltage"":1.269,""pressure_kpa"":19.23,""pkt"":3269}",
2026-07-12T22:58:40,esp32,PR12P210,ok,1.245,18.63,3270,-61,10.25,"{""device"":""esp32"",""sensor"":""PR12P210"",""status"":""ok"",""voltage"":1.245,""pressure_kpa"":18.63,""pkt"":3270}",
2026-07-12T22:58:41,esp32,PR12P210,ok,1.278,19.45,3271,-61,9.75,"{""device"":""esp32"",""sensor"":""PR12P210"",""status"":""ok"",""voltage"":1.278,""pressure_kpa"":19.45,""pkt"":3271}",
2026-07-12T22:58:42,esp32,PR12P210,ok,1.291,19.78,3272,-61,9.50,"{""device"":""esp32"",""sensor"":""PR12P210"",""status"":""ok"",""voltage"":1.291,""pressure_kpa"":19.78,""pkt"":3272}",
2026-07-12T22:58:43,esp32,PR12P210,ok,1.294,19.84,3273,-61,10.25,"{""device"":""esp32"",""sensor"":""PR12P210"",""status"":""ok"",""voltage"":1.294,""pressure_kpa"":19.84,""pkt"":3273}",
2026-07-12T22:58:44,esp32,PR12P210,ok,1.294,19.85,3274,-61,9.50,"{""device"":""esp32"",""sensor"":""PR12P210"",""status"":""ok"",""voltage"":1.294,""pressure_kpa"":19.85,""pkt"":3274}",
2026-07-12T22:58:46,esp32,PR12P210,ok,1.242,18.56,3275,-62,10.50,"{""device"":""esp32"",""sensor"":""PR12P210"",""status"":""ok"",""voltage"":1.242,""pressure_kpa"":18.56,""pkt"":3275}",
2026-07-12T22:58:47,esp32,PR12P210,ok,1.269,19.24,3276,-62,8.25,"{""device"":""esp32"",""sensor"":""PR12P210"",""status"":""ok"",""voltage"":1.269,""pressure_kpa"":19.24,""pkt"":3276}",
2026-07-12T22:58:48,esp32,PR12P210,ok,1.289,19.73,3277,-61,10.00,"{""device"":""esp32"",""sensor"":""PR12P210"",""status"":""ok"",""voltage"":1.289,""pressure_kpa"":19.73,""pkt"":3277}",
2026-07-12T22:58:49,esp32,PR12P210,ok,1.296,19.9,3278,-61,9.50,"{""device"":""esp32"",""sensor"":""PR12P210"",""status"":""ok"",""voltage"":1.296,""pressure_kpa"":19.90,""pkt"":3278}",
2026-07-12T22:58:50,esp32,PR12P210,ok,1.293,19.82,3279,-61,9.75,"{""device"":""esp32"",""sensor"":""PR12P210"",""status"":""ok"",""voltage"":1.293,""pressure_kpa"":19.82,""pkt"":3279}",
2026-07-12T22:58:52,esp32,PR12P210,ok,1.298,19.95,3280,-61,10.00,"{""device"":""esp32"",""sensor"":""PR12P210"",""status"":""ok"",""voltage"":1.298,""pressure_kpa"":19.95,""pkt"":3280}",
2026-07-12T22:58:53,esp32,PR12P210,ok,1.257,18.93,3281,-61,10.00,"{""device"":""esp32"",""sensor"":""PR12P210"",""status"":""ok"",""voltage"":1.257,""pressure_kpa"":18.93,""pkt"":3281}",
2026-07-12T22:58:54,esp32,PR12P210,ok,1.247,18.67,3282,-61,9.50,"{""device"":""esp32"",""sensor"":""PR12P210"",""status"":""ok"",""voltage"":1.247,""pressure_kpa"":18.67,""pkt"":3282}",
2026-07-12T22:58:55,esp32,PR12P210,ok,1.254,18.86,3283,-61,9.75,"{""device"":""esp32"",""sensor"":""PR12P210"",""status"":""ok"",""voltage"":1.254,""pressure_kpa"":18.86,""pkt"":3283}",
2026-07-12T22:58:56,esp32,PR12P210,ok,1.269,19.23,3284,-62,9.50,"{""device"":""esp32"",""sensor"":""PR12P210"",""status"":""ok"",""voltage"":1.269,""pressure_kpa"":19.23,""pkt"":3284}",
2026-07-12T22:58:57,esp32,PR12P210,ok,1.288,19.69,3285,-62,10.00,"{""device"":""esp32"",""sensor"":""PR12P210"",""status"":""ok"",""voltage"":1.288,""pressure_kpa"":19.69,""pkt"":3285}",
2026-07-12T22:58:59,esp32,PR12P210,ok,1.291,19.78,3286,-61,10.25,"{""device"":""esp32"",""sensor"":""PR12P210"",""status"":""ok"",""voltage"":1.291,""pressure_kpa"":19.78,""pkt"":3286}",
2026-07-12T22:59:00,esp32,PR12P210,ok,1.286,19.65,3287,-62,9.50,"{""device"":""esp32"",""sensor"":""PR12P210"",""status"":""ok"",""voltage"":1.286,""pressure_kpa"":19.65,""pkt"":3287}",
2026-07-12T22:59:01,esp32,PR12P210,ok,1.294,19.86,3288,-62,9.50,"{""device"":""esp32"",""sensor"":""PR12P210"",""status"":""ok"",""voltage"":1.294,""pressure_kpa"":19.86,""pkt"":3288}",
2026-07-12T22:59:02,esp32,PR12P210,ok,1.296,19.91,3289,-62,10.25,"{""device"":""esp32"",""sensor"":""PR12P210"",""status"":""ok"",""voltage"":1.296,""pressure_kpa"":19.91,""pkt"":3289}",
2026-07-12T22:59:03,esp32,PR12P210,ok,1.291,19.78,3290,-61,8.00,"{""device"":""esp32"",""sensor"":""PR12P210"",""status"":""ok"",""voltage"":1.291,""pressure_kpa"":19.78,""pkt"":3290}",
2026-07-12T22:59:05,esp32,PR12P210,ok,1.293,19.83,3291,-62,9.50,"{""device"":""esp32"",""sensor"":""PR12P210"",""status"":""ok"",""voltage"":1.293,""pressure_kpa"":19.83,""pkt"":3291}",
2026-07-12T22:59:06,esp32,PR12P210,ok,1.298,19.95,3292,-61,10.00,"{""device"":""esp32"",""sensor"":""PR12P210"",""status"":""ok"",""voltage"":1.298,""pressure_kpa"":19.95,""pkt"":3292}",
2026-07-12T22:59:07,esp32,PR12P210,ok,1.292,19.8,3293,-61,10.50,"{""device"":""esp32"",""sensor"":""PR12P210"",""status"":""ok"",""voltage"":1.292,""pressure_kpa"":19.80,""pkt"":3293}",
2026-07-12T22:59:08,esp32,PR12P210,ok,1.291,19.78,3294,-62,9.75,"{""device"":""esp32"",""sensor"":""PR12P210"",""status"":""ok"",""voltage"":1.291,""pressure_kpa"":19.78,""pkt"":3294}",
2026-07-12T22:59:09,esp32,PR12P210,ok,1.292,19.8,3295,-62,10.00,"{""device"":""esp32"",""sensor"":""PR12P210"",""status"":""ok"",""voltage"":1.292,""pressure_kpa"":19.80,""pkt"":3295}",
2026-07-12T22:59:11,esp32,PR12P210,ok,1.29,19.75,3296,-62,10.00,"{""device"":""esp32"",""sensor"":""PR12P210"",""status"":""ok"",""voltage"":1.290,""pressure_kpa"":19.75,""pkt"":3296}",
2026-07-12T22:59:12,esp32,PR12P210,ok,1.287,19.69,3297,-62,10.00,"{""device"":""esp32"",""sensor"":""PR12P210"",""status"":""ok"",""voltage"":1.287,""pressure_kpa"":19.69,""pkt"":3297}",
2026-07-12T22:59:13,esp32,PR12P210,ok,1.288,19.7,3298,-61,9.25,"{""device"":""esp32"",""sensor"":""PR12P210"",""status"":""ok"",""voltage"":1.288,""pressure_kpa"":19.70,""pkt"":3298}",
2026-07-12T22:59:14,esp32,PR12P210,ok,1.291,19.77,3299,-61,10.00,"{""device"":""esp32"",""sensor"":""PR12P210"",""status"":""ok"",""voltage"":1.291,""pressure_kpa"":19.77,""pkt"":3299}",
2026-07-12T22:59:15,esp32,PR12P210,ok,1.273,19.33,3300,-61,10.50,"{""device"":""esp32"",""sensor"":""PR12P210"",""status"":""ok"",""voltage"":1.273,""pressure_kpa"":19.33,""pkt"":3300}",
2026-07-12T22:59:17,esp32,PR12P210,ok,1.259,18.97,3301,-62,9.75,"{""device"":""esp32"",""sensor"":""PR12P210"",""status"":""ok"",""voltage"":1.259,""pressure_kpa"":18.97,""pkt"":3301}",
2026-07-12T22:59:18,esp32,PR12P210,ok,1.252,18.81,3302,-62,10.00,"{""device"":""esp32"",""sensor"":""PR12P210"",""status"":""ok"",""voltage"":1.252,""pressure_kpa"":18.81,""pkt"":3302}",
2026-07-12T22:59:19,esp32,PR12P210,ok,1.239,18.47,3303,-61,10.50,"{""device"":""esp32"",""sensor"":""PR12P210"",""status"":""ok"",""voltage"":1.239,""pressure_kpa"":18.47,""pkt"":3303}",
2026-07-12T22:59:20,esp32,PR12P210,ok,1.24,18.51,3304,-62,10.00,"{""device"":""esp32"",""sensor"":""PR12P210"",""status"":""ok"",""voltage"":1.240,""pressure_kpa"":18.51,""pkt"":3304}",
2026-07-12T22:59:21,esp32,PR12P210,ok,1.243,18.57,3305,-61,10.00,"{""device"":""esp32"",""sensor"":""PR12P210"",""status"":""ok"",""voltage"":1.243,""pressure_kpa"":18.57,""pkt"":3305}",
2026-07-12T22:59:23,esp32,PR12P210,ok,1.253,18.83,3306,-61,9.75,"{""device"":""esp32"",""sensor"":""PR12P210"",""status"":""ok"",""voltage"":1.253,""pressure_kpa"":18.83,""pkt"":3306}",
2026-07-12T22:59:24,esp32,PR12P210,ok,1.265,19.14,3307,-62,10.00,"{""device"":""esp32"",""sensor"":""PR12P210"",""status"":""ok"",""voltage"":1.265,""pressure_kpa"":19.14,""pkt"":3307}",
2026-07-12T22:59:25,esp32,PR12P210,ok,1.283,19.58,3308,-62,9.75,"{""device"":""esp32"",""sensor"":""PR12P210"",""status"":""ok"",""voltage"":1.283,""pressure_kpa"":19.58,""pkt"":3308}",
2026-07-12T22:59:26,esp32,PR12P210,ok,1.293,19.81,3309,-62,10.50,"{""device"":""esp32"",""sensor"":""PR12P210"",""status"":""ok"",""voltage"":1.293,""pressure_kpa"":19.81,""pkt"":3309}",
2026-07-12T22:59:27,esp32,PR12P210,ok,1.289,19.72,3310,-61,10.00,"{""device"":""esp32"",""sensor"":""PR12P210"",""status"":""ok"",""voltage"":1.289,""pressure_kpa"":19.72,""pkt"":3310}",
2026-07-12T22:59:28,esp32,PR12P210,ok,1.292,19.8,3311,-62,10.00,"{""device"":""esp32"",""sensor"":""PR12P210"",""status"":""ok"",""voltage"":1.292,""pressure_kpa"":19.80,""pkt"":3311}",
2026-07-12T22:59:30,esp32,PR12P210,ok,1.293,19.82,3312,-62,10.00,"{""device"":""esp32"",""sensor"":""PR12P210"",""status"":""ok"",""voltage"":1.293,""pressure_kpa"":19.82,""pkt"":3312}",
2026-07-12T22:59:31,esp32,PR12P210,ok,1.269,19.23,3313,-61,10.00,"{""device"":""esp32"",""sensor"":""PR12P210"",""status"":""ok"",""voltage"":1.269,""pressure_kpa"":19.23,""pkt"":3313}",
2026-07-12T22:59:32,esp32,PR12P210,ok,1.236,18.41,3314,-61,10.00,"{""device"":""esp32"",""sensor"":""PR12P210"",""status"":""ok"",""voltage"":1.236,""pressure_kpa"":18.41,""pkt"":3314}",
2026-07-12T22:59:33,esp32,PR12P210,ok,1.261,19.03,3315,-62,10.25,"{""device"":""esp32"",""sensor"":""PR12P210"",""status"":""ok"",""voltage"":1.261,""pressure_kpa"":19.03,""pkt"":3315}",
2026-07-12T22:59:34,esp32,PR12P210,ok,1.283,19.57,3316,-61,10.00,"{""device"":""esp32"",""sensor"":""PR12P210"",""status"":""ok"",""voltage"":1.283,""pressure_kpa"":19.57,""pkt"":3316}",
2026-07-12T22:59:36,esp32,PR12P210,ok,1.289,19.73,3317,-62,9.50,"{""device"":""esp32"",""sensor"":""PR12P210"",""status"":""ok"",""voltage"":1.289,""pressure_kpa"":19.73,""pkt"":3317}",
2026-07-12T22:59:37,esp32,PR12P210,ok,1.292,19.79,3318,-61,10.00,"{""device"":""esp32"",""sensor"":""PR12P210"",""status"":""ok"",""voltage"":1.292,""pressure_kpa"":19.79,""pkt"":3318}",
2026-07-12T22:59:38,esp32,PR12P210,ok,1.278,19.45,3319,-61,10.00,"{""device"":""esp32"",""sensor"":""PR12P210"",""status"":""ok"",""voltage"":1.278,""pressure_kpa"":19.45,""pkt"":3319}",
2026-07-12T22:59:39,esp32,PR12P210,ok,1.24,18.5,3320,-62,10.00,"{""device"":""esp32"",""sensor"":""PR12P210"",""status"":""ok"",""voltage"":1.240,""pressure_kpa"":18.50,""pkt"":3320}",
2026-07-12T22:59:40,esp32,PR12P210,ok,1.247,18.67,3321,-61,9.75,"{""device"":""esp32"",""sensor"":""PR12P210"",""status"":""ok"",""voltage"":1.247,""pressure_kpa"":18.67,""pkt"":3321}",
2026-07-12T22:59:42,esp32,PR12P210,ok,1.275,19.36,3322,-61,9.75,"{""device"":""esp32"",""sensor"":""PR12P210"",""status"":""ok"",""voltage"":1.275,""pressure_kpa"":19.36,""pkt"":3322}",
2026-07-12T22:59:43,esp32,PR12P210,ok,1.283,19.57,3323,-61,10.25,"{""device"":""esp32"",""sensor"":""PR12P210"",""status"":""ok"",""voltage"":1.283,""pressure_kpa"":19.57,""pkt"":3323}",
2026-07-12T22:59:44,esp32,PR12P210,ok,1.286,19.66,3324,-62,9.75,"{""device"":""esp32"",""sensor"":""PR12P210"",""status"":""ok"",""voltage"":1.286,""pressure_kpa"":19.66,""pkt"":3324}",
2026-07-12T22:59:45,esp32,PR12P210,ok,1.288,19.69,3325,-62,9.75,"{""device"":""esp32"",""sensor"":""PR12P210"",""status"":""ok"",""voltage"":1.288,""pressure_kpa"":19.69,""pkt"":3325}",
2026-07-12T22:59:46,esp32,PR12P210,ok,1.283,19.58,3326,-62,9.75,"{""device"":""esp32"",""sensor"":""PR12P210"",""status"":""ok"",""voltage"":1.283,""pressure_kpa"":19.58,""pkt"":3326}",
2026-07-12T22:59:48,esp32,PR12P210,ok,1.281,19.52,3327,-62,9.75,"{""device"":""esp32"",""sensor"":""PR12P210"",""status"":""ok"",""voltage"":1.281,""pressure_kpa"":19.52,""pkt"":3327}",
2026-07-12T22:59:49,esp32,PR12P210,ok,1.271,19.27,3328,-62,10.00,"{""device"":""esp32"",""sensor"":""PR12P210"",""status"":""ok"",""voltage"":1.271,""pressure_kpa"":19.27,""pkt"":3328}",
2026-07-12T22:59:50,esp32,PR12P210,ok,1.257,18.92,3329,-61,10.00,"{""device"":""esp32"",""sensor"":""PR12P210"",""status"":""ok"",""voltage"":1.257,""pressure_kpa"":18.92,""pkt"":3329}",
2026-07-12T22:59:51,esp32,PR12P210,ok,1.242,18.56,3330,-62,10.50,"{""device"":""esp32"",""sensor"":""PR12P210"",""status"":""ok"",""voltage"":1.242,""pressure_kpa"":18.56,""pkt"":3330}",
2026-07-12T22:59:52,esp32,PR12P210,ok,1.237,18.42,3331,-61,9.75,"{""device"":""esp32"",""sensor"":""PR12P210"",""status"":""ok"",""voltage"":1.237,""pressure_kpa"":18.42,""pkt"":3331}",
2026-07-12T22:59:54,esp32,PR12P210,ok,1.263,19.07,3332,-61,9.75,"{""device"":""esp32"",""sensor"":""PR12P210"",""status"":""ok"",""voltage"":1.263,""pressure_kpa"":19.07,""pkt"":3332}",
2026-07-12T22:59:55,esp32,PR12P210,ok,1.292,19.81,3333,-61,10.00,"{""device"":""esp32"",""sensor"":""PR12P210"",""status"":""ok"",""voltage"":1.292,""pressure_kpa"":19.81,""pkt"":3333}",
2026-07-12T22:59:56,esp32,PR12P210,ok,1.29,19.75,3334,-62,9.50,"{""device"":""esp32"",""sensor"":""PR12P210"",""status"":""ok"",""voltage"":1.290,""pressure_kpa"":19.75,""pkt"":3334}",
2026-07-12T22:59:57,esp32,PR12P210,ok,1.292,19.81,3335,-61,10.25,"{""device"":""esp32"",""sensor"":""PR12P210"",""status"":""ok"",""voltage"":1.292,""pressure_kpa"":19.81,""pkt"":3335}",
2026-07-12T22:59:58,esp32,PR12P210,ok,1.285,19.62,3336,-61,10.00,"{""device"":""esp32"",""sensor"":""PR12P210"",""status"":""ok"",""voltage"":1.285,""pressure_kpa"":19.62,""pkt"":3336}",
2026-07-12T22:59:59,esp32,PR12P210,ok,1.285,19.63,3337,-62,9.75,"{""device"":""esp32"",""sensor"":""PR12P210"",""status"":""ok"",""voltage"":1.285,""pressure_kpa"":19.63,""pkt"":3337}",
2026-07-12T23:00:01,esp32,PR12P210,ok,1.29,19.75,3338,-61,10.00,"{""device"":""esp32"",""sensor"":""PR12P210"",""status"":""ok"",""voltage"":1.290,""pressure_kpa"":19.75,""pkt"":3338}",
2026-07-12T23:00:02,esp32,PR12P210,ok,1.291,19.77,3339,-61,10.25,"{""device"":""esp32"",""sensor"":""PR12P210"",""status"":""ok"",""voltage"":1.291,""pressure_kpa"":19.77,""pkt"":3339}",
2026-07-12T23:00:03,esp32,PR12P210,ok,1.285,19.62,3340,-62,10.00,"{""device"":""esp32"",""sensor"":""PR12P210"",""status"":""ok"",""voltage"":1.285,""pressure_kpa"":19.62,""pkt"":3340}",
2026-07-12T23:00:04,esp32,PR12P210,ok,1.288,19.69,3341,-62,10.00,"{""device"":""esp32"",""sensor"":""PR12P210"",""status"":""ok"",""voltage"":1.288,""pressure_kpa"":19.69,""pkt"":3341}",
2026-07-12T23:00:05,esp32,PR12P210,ok,1.289,19.72,3342,-62,9.75,"{""device"":""esp32"",""sensor"":""PR12P210"",""status"":""ok"",""voltage"":1.289,""pressure_kpa"":19.72,""pkt"":3342}",
2026-07-12T23:00:07,esp32,PR12P210,ok,1.283,19.56,3343,-61,10.25,"{""device"":""esp32"",""sensor"":""PR12P210"",""status"":""ok"",""voltage"":1.283,""pressure_kpa"":19.56,""pkt"":3343}",
2026-07-12T23:00:08,esp32,PR12P210,ok,1.288,19.69,3344,-62,9.75,"{""device"":""esp32"",""sensor"":""PR12P210"",""status"":""ok"",""voltage"":1.288,""pressure_kpa"":19.69,""pkt"":3344}",
2026-07-12T23:00:09,esp32,PR12P210,ok,1.281,19.51,3345,-62,10.25,"{""device"":""esp32"",""sensor"":""PR12P210"",""status"":""ok"",""voltage"":1.281,""pressure_kpa"":19.51,""pkt"":3345}",
2026-07-12T23:00:11,esp32,PR12P210,ok,1.256,18.9,3347,-61,9.75,"{""device"":""esp32"",""sensor"":""PR12P210"",""status"":""ok"",""voltage"":1.256,""pressure_kpa"":18.90,""pkt"":3347}",
2026-07-12T23:00:13,esp32,PR12P210,ok,1.285,19.63,3348,-61,9.25,"{""device"":""esp32"",""sensor"":""PR12P210"",""status"":""ok"",""voltage"":1.285,""pressure_kpa"":19.63,""pkt"":3348}",
2026-07-12T23:00:14,esp32,PR12P210,ok,1.286,19.65,3349,-61,9.75,"{""device"":""esp32"",""sensor"":""PR12P210"",""status"":""ok"",""voltage"":1.286,""pressure_kpa"":19.65,""pkt"":3349}",
2026-07-12T23:00:15,esp32,PR12P210,ok,1.261,19.03,3350,-62,10.50,"{""device"":""esp32"",""sensor"":""PR12P210"",""status"":""ok"",""voltage"":1.261,""pressure_kpa"":19.03,""pkt"":3350}",
2026-07-12T23:00:16,esp32,PR12P210,ok,1.247,18.67,3351,-61,9.75,"{""device"":""esp32"",""sensor"":""PR12P210"",""status"":""ok"",""voltage"":1.247,""pressure_kpa"":18.67,""pkt"":3351}",
2026-07-12T23:00:17,esp32,PR12P210,ok,1.282,19.54,3352,-61,10.00,"{""device"":""esp32"",""sensor"":""PR12P210"",""status"":""ok"",""voltage"":1.282,""pressure_kpa"":19.54,""pkt"":3352}",
2026-07-12T23:00:19,esp32,PR12P210,ok,1.286,19.64,3353,-62,10.00,"{""device"":""esp32"",""sensor"":""PR12P210"",""status"":""ok"",""voltage"":1.286,""pressure_kpa"":19.64,""pkt"":3353}",
2026-07-12T23:00:20,esp32,PR12P210,ok,1.296,19.91,3354,-62,10.25,"{""device"":""esp32"",""sensor"":""PR12P210"",""status"":""ok"",""voltage"":1.296,""pressure_kpa"":19.91,""pkt"":3354}",
2026-07-12T23:00:21,esp32,PR12P210,ok,1.237,18.42,3355,-62,10.00,"{""device"":""esp32"",""sensor"":""PR12P210"",""status"":""ok"",""voltage"":1.237,""pressure_kpa"":18.42,""pkt"":3355}",
2026-07-12T23:00:22,esp32,PR12P210,ok,1.269,19.22,3356,-62,10.25,"{""device"":""esp32"",""sensor"":""PR12P210"",""status"":""ok"",""voltage"":1.269,""pressure_kpa"":19.22,""pkt"":3356}",
2026-07-12T23:00:23,esp32,PR12P210,ok,1.288,19.71,3357,-61,10.00,"{""device"":""esp32"",""sensor"":""PR12P210"",""status"":""ok"",""voltage"":1.288,""pressure_kpa"":19.71,""pkt"":3357}",
2026-07-12T23:00:24,esp32,PR12P210,ok,1.291,19.77,3358,-61,9.75,"{""device"":""esp32"",""sensor"":""PR12P210"",""status"":""ok"",""voltage"":1.291,""pressure_kpa"":19.77,""pkt"":3358}",
2026-07-12T23:00:26,esp32,PR12P210,ok,1.29,19.75,3359,-61,10.00,"{""device"":""esp32"",""sensor"":""PR12P210"",""status"":""ok"",""voltage"":1.290,""pressure_kpa"":19.75,""pkt"":3359}",
2026-07-12T23:00:27,esp32,PR12P210,ok,1.24,18.51,3360,-62,10.00,"{""device"":""esp32"",""sensor"":""PR12P210"",""status"":""ok"",""voltage"":1.240,""pressure_kpa"":18.51,""pkt"":3360}",
2026-07-12T23:00:28,esp32,PR12P210,ok,1.263,19.08,3361,-61,10.00,"{""device"":""esp32"",""sensor"":""PR12P210"",""status"":""ok"",""voltage"":1.263,""pressure_kpa"":19.08,""pkt"":3361}",
2026-07-12T23:00:29,esp32,PR12P210,ok,1.284,19.59,3362,-62,9.75,"{""device"":""esp32"",""sensor"":""PR12P210"",""status"":""ok"",""voltage"":1.284,""pressure_kpa"":19.59,""pkt"":3362}",
2026-07-12T23:00:30,esp32,PR12P210,ok,1.291,19.77,3363,-62,10.00,"{""device"":""esp32"",""sensor"":""PR12P210"",""status"":""ok"",""voltage"":1.291,""pressure_kpa"":19.77,""pkt"":3363}",
2026-07-12T23:00:32,esp32,PR12P210,ok,1.292,19.8,3364,-62,9.75,"{""device"":""esp32"",""sensor"":""PR12P210"",""status"":""ok"",""voltage"":1.292,""pressure_kpa"":19.80,""pkt"":3364}",
2026-07-12T23:00:33,esp32,PR12P210,ok,1.288,19.71,3365,-62,10.50,"{""device"":""esp32"",""sensor"":""PR12P210"",""status"":""ok"",""voltage"":1.288,""pressure_kpa"":19.71,""pkt"":3365}",
2026-07-12T23:00:34,esp32,PR12P210,ok,1.297,19.92,3366,-62,10.00,"{""device"":""esp32"",""sensor"":""PR12P210"",""status"":""ok"",""voltage"":1.297,""pressure_kpa"":19.92,""pkt"":3366}",
2026-07-12T23:00:35,esp32,PR12P210,ok,1.247,18.68,3367,-62,9.75,"{""device"":""esp32"",""sensor"":""PR12P210"",""status"":""ok"",""voltage"":1.247,""pressure_kpa"":18.68,""pkt"":3367}",
2026-07-12T23:00:36,esp32,PR12P210,ok,1.242,18.56,3368,-61,9.75,"{""device"":""esp32"",""sensor"":""PR12P210"",""status"":""ok"",""voltage"":1.242,""pressure_kpa"":18.56,""pkt"":3368}",
2026-07-12T23:00:38,esp32,PR12P210,ok,1.261,19.02,3369,-61,9.75,"{""device"":""esp32"",""sensor"":""PR12P210"",""status"":""ok"",""voltage"":1.261,""pressure_kpa"":19.02,""pkt"":3369}",
2026-07-12T23:00:39,esp32,PR12P210,ok,1.283,19.57,3370,-61,10.00,"{""device"":""esp32"",""sensor"":""PR12P210"",""status"":""ok"",""voltage"":1.283,""pressure_kpa"":19.57,""pkt"":3370}",
2026-07-12T23:00:40,esp32,PR12P210,ok,1.285,19.62,3371,-61,9.25,"{""device"":""esp32"",""sensor"":""PR12P210"",""status"":""ok"",""voltage"":1.285,""pressure_kpa"":19.62,""pkt"":3371}",
2026-07-12T23:00:41,esp32,PR12P210,ok,1.282,19.55,3372,-62,7.75,"{""device"":""esp32"",""sensor"":""PR12P210"",""status"":""ok"",""voltage"":1.282,""pressure_kpa"":19.55,""pkt"":3372}",
2026-07-12T23:00:42,esp32,PR12P210,ok,1.291,19.77,3373,-61,10.25,"{""device"":""esp32"",""sensor"":""PR12P210"",""status"":""ok"",""voltage"":1.291,""pressure_kpa"":19.77,""pkt"":3373}",
2026-07-12T23:00:44,esp32,PR12P210,ok,1.291,19.78,3374,-61,9.75,"{""device"":""esp32"",""sensor"":""PR12P210"",""status"":""ok"",""voltage"":1.291,""pressure_kpa"":19.78,""pkt"":3374}",
2026-07-12T23:00:45,esp32,PR12P210,ok,1.237,18.44,3375,-62,10.00,"{""device"":""esp32"",""sensor"":""PR12P210"",""status"":""ok"",""voltage"":1.237,""pressure_kpa"":18.44,""pkt"":3375}",
2026-07-12T23:00:46,esp32,PR12P210,ok,1.247,18.68,3376,-62,10.50,"{""device"":""esp32"",""sensor"":""PR12P210"",""status"":""ok"",""voltage"":1.247,""pressure_kpa"":18.68,""pkt"":3376}",
2026-07-12T23:00:47,esp32,PR12P210,ok,1.276,19.41,3377,-62,9.75,"{""device"":""esp32"",""sensor"":""PR12P210"",""status"":""ok"",""voltage"":1.276,""pressure_kpa"":19.41,""pkt"":3377}",
2026-07-12T23:00:48,esp32,PR12P210,ok,1.283,19.58,3378,-61,9.75,"{""device"":""esp32"",""sensor"":""PR12P210"",""status"":""ok"",""voltage"":1.283,""pressure_kpa"":19.58,""pkt"":3378}",
2026-07-12T23:00:50,esp32,PR12P210,ok,1.289,19.73,3379,-61,10.25,"{""device"":""esp32"",""sensor"":""PR12P210"",""status"":""ok"",""voltage"":1.289,""pressure_kpa"":19.73,""pkt"":3379}",
2026-07-12T23:00:51,esp32,PR12P210,ok,1.298,19.95,3380,-61,10.50,"{""device"":""esp32"",""sensor"":""PR12P210"",""status"":""ok"",""voltage"":1.298,""pressure_kpa"":19.95,""pkt"":3380}",
2026-07-12T23:00:52,esp32,PR12P210,ok,1.285,19.62,3381,-61,9.75,"{""device"":""esp32"",""sensor"":""PR12P210"",""status"":""ok"",""voltage"":1.285,""pressure_kpa"":19.62,""pkt"":3381}",
2026-07-12T23:00:53,esp32,PR12P210,ok,1.242,18.54,3382,-61,9.75,"{""device"":""esp32"",""sensor"":""PR12P210"",""status"":""ok"",""voltage"":1.242,""pressure_kpa"":18.54,""pkt"":3382}",
2026-07-12T23:00:54,esp32,PR12P210,ok,1.269,19.23,3383,-62,10.25,"{""device"":""esp32"",""sensor"":""PR12P210"",""status"":""ok"",""voltage"":1.269,""pressure_kpa"":19.23,""pkt"":3383}",
2026-07-12T23:00:55,esp32,PR12P210,ok,1.286,19.65,3384,-61,9.75,"{""device"":""esp32"",""sensor"":""PR12P210"",""status"":""ok"",""voltage"":1.286,""pressure_kpa"":19.65,""pkt"":3384}",
2026-07-12T23:00:57,esp32,PR12P210,ok,1.288,19.7,3385,-62,10.00,"{""device"":""esp32"",""sensor"":""PR12P210"",""status"":""ok"",""voltage"":1.288,""pressure_kpa"":19.70,""pkt"":3385}",
2026-07-12T23:00:58,esp32,PR12P210,ok,1.242,18.56,3386,-62,10.00,"{""device"":""esp32"",""sensor"":""PR12P210"",""status"":""ok"",""voltage"":1.242,""pressure_kpa"":18.56,""pkt"":3386}",
2026-07-12T23:00:59,esp32,PR12P210,ok,1.275,19.36,3387,-61,9.75,"{""device"":""esp32"",""sensor"":""PR12P210"",""status"":""ok"",""voltage"":1.275,""pressure_kpa"":19.36,""pkt"":3387}",
2026-07-12T23:01:00,esp32,PR12P210,ok,1.291,19.77,3388,-61,9.75,"{""device"":""esp32"",""sensor"":""PR12P210"",""status"":""ok"",""voltage"":1.291,""pressure_kpa"":19.77,""pkt"":3388}",
2026-07-12T23:01:01,esp32,PR12P210,ok,1.271,19.27,3389,-61,10.00,"{""device"":""esp32"",""sensor"":""PR12P210"",""status"":""ok"",""voltage"":1.271,""pressure_kpa"":19.27,""pkt"":3389}",
2026-07-12T23:01:03,esp32,PR12P210,ok,1.272,19.31,3390,-61,10.25,"{""device"":""esp32"",""sensor"":""PR12P210"",""status"":""ok"",""voltage"":1.272,""pressure_kpa"":19.31,""pkt"":3390}",
2026-07-12T23:01:04,esp32,PR12P210,ok,1.288,19.7,3391,-62,9.50,"{""device"":""esp32"",""sensor"":""PR12P210"",""status"":""ok"",""voltage"":1.288,""pressure_kpa"":19.70,""pkt"":3391}",
2026-07-12T23:01:05,esp32,PR12P210,ok,1.236,18.41,3392,-61,9.75,"{""device"":""esp32"",""sensor"":""PR12P210"",""status"":""ok"",""voltage"":1.236,""pressure_kpa"":18.41,""pkt"":3392}",
2026-07-12T23:01:06,esp32,PR12P210,ok,1.285,19.63,3393,-61,10.25,"{""device"":""esp32"",""sensor"":""PR12P210"",""status"":""ok"",""voltage"":1.285,""pressure_kpa"":19.63,""pkt"":3393}",
2026-07-12T23:01:07,esp32,PR12P210,ok,1.298,19.96,3394,-62,9.75,"{""device"":""esp32"",""sensor"":""PR12P210"",""status"":""ok"",""voltage"":1.298,""pressure_kpa"":19.96,""pkt"":3394}",
2026-07-12T23:01:09,esp32,PR12P210,ok,1.287,19.67,3395,-62,8.50,"{""device"":""esp32"",""sensor"":""PR12P210"",""status"":""ok"",""voltage"":1.287,""pressure_kpa"":19.67,""pkt"":3395}",
2026-07-12T23:01:10,esp32,PR12P210,ok,1.293,19.83,3396,-61,10.00,"{""device"":""esp32"",""sensor"":""PR12P210"",""status"":""ok"",""voltage"":1.293,""pressure_kpa"":19.83,""pkt"":3396}",
2026-07-12T23:01:11,esp32,PR12P210,ok,1.259,18.99,3397,-62,10.00,"{""device"":""esp32"",""sensor"":""PR12P210"",""status"":""ok"",""voltage"":1.259,""pressure_kpa"":18.99,""pkt"":3397}",
2026-07-12T23:01:12,esp32,PR12P210,ok,1.293,19.82,3398,-61,10.00,"{""device"":""esp32"",""sensor"":""PR12P210"",""status"":""ok"",""voltage"":1.293,""pressure_kpa"":19.82,""pkt"":3398}",
2026-07-12T23:01:13,esp32,PR12P210,ok,1.236,18.4,3399,-62,9.75,"{""device"":""esp32"",""sensor"":""PR12P210"",""status"":""ok"",""voltage"":1.236,""pressure_kpa"":18.40,""pkt"":3399}",
2026-07-12T23:01:15,esp32,PR12P210,ok,1.291,19.77,3400,-62,10.00,"{""device"":""esp32"",""sensor"":""PR12P210"",""status"":""ok"",""voltage"":1.291,""pressure_kpa"":19.77,""pkt"":3400}",
2026-07-12T23:01:16,esp32,PR12P210,ok,1.244,18.61,3401,-62,9.75,"{""device"":""esp32"",""sensor"":""PR12P210"",""status"":""ok"",""voltage"":1.244,""pressure_kpa"":18.61,""pkt"":3401}",
2026-07-12T23:01:17,esp32,PR12P210,ok,1.287,19.67,3402,-62,10.00,"{""device"":""esp32"",""sensor"":""PR12P210"",""status"":""ok"",""voltage"":1.287,""pressure_kpa"":19.67,""pkt"":3402}",
2026-07-12T23:01:18,esp32,PR12P210,ok,1.295,19.87,3403,-62,10.25,"{""device"":""esp32"",""sensor"":""PR12P210"",""status"":""ok"",""voltage"":1.295,""pressure_kpa"":19.87,""pkt"":3403}",
2026-07-12T23:01:19,esp32,PR12P210,ok,1.254,18.85,3404,-62,9.50,"{""device"":""esp32"",""sensor"":""PR12P210"",""status"":""ok"",""voltage"":1.254,""pressure_kpa"":18.85,""pkt"":3404}",
2026-07-12T23:01:21,esp32,PR12P210,ok,1.288,19.7,3405,-62,10.00,"{""device"":""esp32"",""sensor"":""PR12P210"",""status"":""ok"",""voltage"":1.288,""pressure_kpa"":19.70,""pkt"":3405}",
2026-07-12T23:01:22,esp32,PR12P210,ok,1.299,19.97,3406,-62,10.00,"{""device"":""esp32"",""sensor"":""PR12P210"",""status"":""ok"",""voltage"":1.299,""pressure_kpa"":19.97,""pkt"":3406}",
2026-07-12T23:01:23,esp32,PR12P210,ok,1.262,19.06,3407,-62,10.00,"{""device"":""esp32"",""sensor"":""PR12P210"",""status"":""ok"",""voltage"":1.262,""pressure_kpa"":19.06,""pkt"":3407}",
2026-07-12T23:01:24,esp32,PR12P210,ok,1.286,19.65,3408,-62,9.75,"{""device"":""esp32"",""sensor"":""PR12P210"",""status"":""ok"",""voltage"":1.286,""pressure_kpa"":19.65,""pkt"":3408}",
2026-07-12T23:01:25,esp32,PR12P210,ok,1.283,19.58,3409,-62,10.00,"{""device"":""esp32"",""sensor"":""PR12P210"",""status"":""ok"",""voltage"":1.283,""pressure_kpa"":19.58,""pkt"":3409}",
2026-07-12T23:01:26,esp32,PR12P210,ok,1.263,19.08,3410,-62,10.00,"{""device"":""esp32"",""sensor"":""PR12P210"",""status"":""ok"",""voltage"":1.263,""pressure_kpa"":19.08,""pkt"":3410}",
2026-07-12T23:01:28,esp32,PR12P210,ok,1.29,19.75,3411,-62,9.75,"{""device"":""esp32"",""sensor"":""PR12P210"",""status"":""ok"",""voltage"":1.290,""pressure_kpa"":19.75,""pkt"":3411}",
2026-07-12T23:01:29,esp32,PR12P210,ok,1.281,19.52,3412,-62,9.75,"{""device"":""esp32"",""sensor"":""PR12P210"",""status"":""ok"",""voltage"":1.281,""pressure_kpa"":19.52,""pkt"":3412}",
2026-07-12T23:01:30,esp32,PR12P210,ok,1.268,19.19,3413,-62,10.00,"{""device"":""esp32"",""sensor"":""PR12P210"",""status"":""ok"",""voltage"":1.268,""pressure_kpa"":19.19,""pkt"":3413}",
2026-07-12T23:01:31,esp32,PR12P210,ok,1.288,19.7,3414,-62,10.00,"{""device"":""esp32"",""sensor"":""PR12P210"",""status"":""ok"",""voltage"":1.288,""pressure_kpa"":19.70,""pkt"":3414}",
2026-07-12T23:01:32,esp32,PR12P210,ok,1.267,19.18,3415,-62,10.25,"{""device"":""esp32"",""sensor"":""PR12P210"",""status"":""ok"",""voltage"":1.267,""pressure_kpa"":19.18,""pkt"":3415}",
2026-07-12T23:01:34,esp32,PR12P210,ok,1.276,19.39,3416,-62,10.25,"{""device"":""esp32"",""sensor"":""PR12P210"",""status"":""ok"",""voltage"":1.276,""pressure_kpa"":19.39,""pkt"":3416}",
2026-07-12T23:01:35,esp32,PR12P210,ok,1.289,19.73,3417,-62,10.00,"{""device"":""esp32"",""sensor"":""PR12P210"",""status"":""ok"",""voltage"":1.289,""pressure_kpa"":19.73,""pkt"":3417}",
2026-07-12T23:01:36,esp32,PR12P210,ok,1.243,18.57,3418,-61,10.25,"{""device"":""esp32"",""sensor"":""PR12P210"",""status"":""ok"",""voltage"":1.243,""pressure_kpa"":18.57,""pkt"":3418}",
2026-07-12T23:01:37,esp32,PR12P210,ok,1.288,19.69,3419,-62,10.25,"{""device"":""esp32"",""sensor"":""PR12P210"",""status"":""ok"",""voltage"":1.288,""pressure_kpa"":19.69,""pkt"":3419}",
2026-07-12T23:01:38,esp32,PR12P210,ok,1.291,19.78,3420,-62,10.25,"{""device"":""esp32"",""sensor"":""PR12P210"",""status"":""ok"",""voltage"":1.291,""pressure_kpa"":19.78,""pkt"":3420}",
2026-07-12T23:01:40,esp32,PR12P210,ok,1.248,18.71,3421,-62,9.25,"{""device"":""esp32"",""sensor"":""PR12P210"",""status"":""ok"",""voltage"":1.248,""pressure_kpa"":18.71,""pkt"":3421}",
2026-07-12T23:01:41,esp32,PR12P210,ok,1.294,19.85,3422,-62,9.75,"{""device"":""esp32"",""sensor"":""PR12P210"",""status"":""ok"",""voltage"":1.294,""pressure_kpa"":19.85,""pkt"":3422}",
2026-07-12T23:01:42,esp32,PR12P210,ok,1.238,18.45,3423,-62,10.50,"{""device"":""esp32"",""sensor"":""PR12P210"",""status"":""ok"",""voltage"":1.238,""pressure_kpa"":18.45,""pkt"":3423}",
2026-07-12T23:01:43,esp32,PR12P210,ok,1.283,19.59,3424,-62,9.50,"{""device"":""esp32"",""sensor"":""PR12P210"",""status"":""ok"",""voltage"":1.283,""pressure_kpa"":19.59,""pkt"":3424}",
2026-07-12T23:01:44,esp32,PR12P210,ok,1.254,18.85,3425,-62,10.00,"{""device"":""esp32"",""sensor"":""PR12P210"",""status"":""ok"",""voltage"":1.254,""pressure_kpa"":18.85,""pkt"":3425}",
2026-07-12T23:01:46,esp32,PR12P210,ok,1.281,19.52,3426,-62,9.75,"{""device"":""esp32"",""sensor"":""PR12P210"",""status"":""ok"",""voltage"":1.281,""pressure_kpa"":19.52,""pkt"":3426}",
2026-07-12T23:01:47,esp32,PR12P210,ok,1.288,19.71,3427,-62,9.00,"{""device"":""esp32"",""sensor"":""PR12P210"",""status"":""ok"",""voltage"":1.288,""pressure_kpa"":19.71,""pkt"":3427}",
2026-07-12T23:01:48,esp32,PR12P210,ok,1.285,19.61,3428,-62,9.75,"{""device"":""esp32"",""sensor"":""PR12P210"",""status"":""ok"",""voltage"":1.285,""pressure_kpa"":19.61,""pkt"":3428}",
2026-07-12T23:01:49,esp32,PR12P210,ok,1.272,19.3,3429,-62,10.00,"{""device"":""esp32"",""sensor"":""PR12P210"",""status"":""ok"",""voltage"":1.272,""pressure_kpa"":19.30,""pkt"":3429}",
2026-07-12T23:01:50,esp32,PR12P210,ok,1.286,19.64,3430,-62,10.00,"{""device"":""esp32"",""sensor"":""PR12P210"",""status"":""ok"",""voltage"":1.286,""pressure_kpa"":19.64,""pkt"":3430}",
2026-07-12T23:01:52,esp32,PR12P210,ok,1.236,18.4,3431,-62,9.25,"{""device"":""esp32"",""sensor"":""PR12P210"",""status"":""ok"",""voltage"":1.236,""pressure_kpa"":18.40,""pkt"":3431}",
2026-07-12T23:01:53,esp32,PR12P210,ok,1.293,19.82,3432,-62,9.75,"{""device"":""esp32"",""sensor"":""PR12P210"",""status"":""ok"",""voltage"":1.293,""pressure_kpa"":19.82,""pkt"":3432}",
2026-07-12T23:01:54,esp32,PR12P210,ok,1.253,18.83,3433,-62,10.00,"{""device"":""esp32"",""sensor"":""PR12P210"",""status"":""ok"",""voltage"":1.253,""pressure_kpa"":18.83,""pkt"":3433}",
2026-07-12T23:01:55,esp32,PR12P210,ok,1.288,19.69,3434,-62,9.75,"{""device"":""esp32"",""sensor"":""PR12P210"",""status"":""ok"",""voltage"":1.288,""pressure_kpa"":19.69,""pkt"":3434}",
2026-07-12T23:01:56,esp32,PR12P210,ok,1.277,19.43,3435,-62,10.00,"{""device"":""esp32"",""sensor"":""PR12P210"",""status"":""ok"",""voltage"":1.277,""pressure_kpa"":19.43,""pkt"":3435}",
2026-07-12T23:01:57,esp32,PR12P210,ok,1.285,19.64,3436,-62,10.00,"{""device"":""esp32"",""sensor"":""PR12P210"",""status"":""ok"",""voltage"":1.285,""pressure_kpa"":19.64,""pkt"":3436}",
2026-07-12T23:01:59,esp32,PR12P210,ok,1.287,19.66,3437,-62,10.00,"{""device"":""esp32"",""sensor"":""PR12P210"",""status"":""ok"",""voltage"":1.287,""pressure_kpa"":19.66,""pkt"":3437}",
2026-07-12T23:02:00,esp32,PR12P210,ok,1.238,18.45,3438,-61,9.75,"{""device"":""esp32"",""sensor"":""PR12P210"",""status"":""ok"",""voltage"":1.238,""pressure_kpa"":18.45,""pkt"":3438}",
2026-07-12T23:02:01,esp32,PR12P210,ok,1.289,19.73,3439,-62,10.25,"{""device"":""esp32"",""sensor"":""PR12P210"",""status"":""ok"",""voltage"":1.289,""pressure_kpa"":19.73,""pkt"":3439}",
2026-07-12T23:02:02,esp32,PR12P210,ok,1.238,18.44,3440,-62,10.25,"{""device"":""esp32"",""sensor"":""PR12P210"",""status"":""ok"",""voltage"":1.238,""pressure_kpa"":18.44,""pkt"":3440}",
2026-07-12T23:02:03,esp32,PR12P210,ok,1.286,19.65,3441,-61,10.00,"{""device"":""esp32"",""sensor"":""PR12P210"",""status"":""ok"",""voltage"":1.286,""pressure_kpa"":19.65,""pkt"":3441}",
2026-07-12T23:02:05,esp32,PR12P210,ok,1.252,18.8,3442,-62,9.75,"{""device"":""esp32"",""sensor"":""PR12P210"",""status"":""ok"",""voltage"":1.252,""pressure_kpa"":18.80,""pkt"":3442}",
2026-07-12T23:02:06,esp32,PR12P210,ok,1.288,19.69,3443,-62,10.00,"{""device"":""esp32"",""sensor"":""PR12P210"",""status"":""ok"",""voltage"":1.288,""pressure_kpa"":19.69,""pkt"":3443}",
2026-07-12T23:02:07,esp32,PR12P210,ok,1.254,18.86,3444,-62,9.75,"{""device"":""esp32"",""sensor"":""PR12P210"",""status"":""ok"",""voltage"":1.254,""pressure_kpa"":18.86,""pkt"":3444}",
2026-07-12T23:02:08,esp32,PR12P210,ok,1.287,19.67,3445,-62,10.00,"{""device"":""esp32"",""sensor"":""PR12P210"",""status"":""ok"",""voltage"":1.287,""pressure_kpa"":19.67,""pkt"":3445}",
2026-07-12T23:02:09,esp32,PR12P210,ok,1.249,18.73,3446,-62,10.25,"{""device"":""esp32"",""sensor"":""PR12P210"",""status"":""ok"",""voltage"":1.249,""pressure_kpa"":18.73,""pkt"":3446}",
2026-07-12T23:02:11,esp32,PR12P210,ok,1.29,19.76,3447,-62,10.00,"{""device"":""esp32"",""sensor"":""PR12P210"",""status"":""ok"",""voltage"":1.290,""pressure_kpa"":19.76,""pkt"":3447}",
2026-07-12T23:02:12,esp32,PR12P210,ok,1.253,18.83,3448,-62,10.00,"{""device"":""esp32"",""sensor"":""PR12P210"",""status"":""ok"",""voltage"":1.253,""pressure_kpa"":18.83,""pkt"":3448}",
2026-07-12T23:02:13,esp32,PR12P210,ok,1.288,19.71,3449,-62,10.00,"{""device"":""esp32"",""sensor"":""PR12P210"",""status"":""ok"",""voltage"":1.288,""pressure_kpa"":19.71,""pkt"":3449}",
2026-07-12T23:02:14,esp32,PR12P210,ok,1.267,19.17,3450,-62,10.25,"{""device"":""esp32"",""sensor"":""PR12P210"",""status"":""ok"",""voltage"":1.267,""pressure_kpa"":19.17,""pkt"":3450}",
2026-07-12T23:02:15,esp32,PR12P210,ok,1.294,19.86,3451,-62,10.00,"{""device"":""esp32"",""sensor"":""PR12P210"",""status"":""ok"",""voltage"":1.294,""pressure_kpa"":19.86,""pkt"":3451}",
2026-07-12T23:02:17,esp32,PR12P210,ok,1.284,19.61,3452,-61,9.75,"{""device"":""esp32"",""sensor"":""PR12P210"",""status"":""ok"",""voltage"":1.284,""pressure_kpa"":19.61,""pkt"":3452}",
2026-07-12T23:02:18,esp32,PR12P210,ok,1.243,18.57,3453,-62,10.00,"{""device"":""esp32"",""sensor"":""PR12P210"",""status"":""ok"",""voltage"":1.243,""pressure_kpa"":18.57,""pkt"":3453}",
2026-07-12T23:02:19,esp32,PR12P210,ok,1.287,19.68,3454,-62,9.50,"{""device"":""esp32"",""sensor"":""PR12P210"",""status"":""ok"",""voltage"":1.287,""pressure_kpa"":19.68,""pkt"":3454}",
2026-07-12T23:02:20,esp32,PR12P210,ok,1.286,19.66,3455,-61,9.75,"{""device"":""esp32"",""sensor"":""PR12P210"",""status"":""ok"",""voltage"":1.286,""pressure_kpa"":19.66,""pkt"":3455}",
2026-07-12T23:02:21,esp32,PR12P210,ok,1.243,18.57,3456,-61,10.50,"{""device"":""esp32"",""sensor"":""PR12P210"",""status"":""ok"",""voltage"":1.243,""pressure_kpa"":18.57,""pkt"":3456}",
2026-07-12T23:02:23,esp32,PR12P210,ok,1.287,19.68,3457,-62,9.75,"{""device"":""esp32"",""sensor"":""PR12P210"",""status"":""ok"",""voltage"":1.287,""pressure_kpa"":19.68,""pkt"":3457}",
2026-07-12T23:02:24,esp32,PR12P210,ok,1.287,19.68,3458,-61,9.75,"{""device"":""esp32"",""sensor"":""PR12P210"",""status"":""ok"",""voltage"":1.287,""pressure_kpa"":19.68,""pkt"":3458}",
2026-07-12T23:02:25,esp32,PR12P210,ok,1.262,19.05,3459,-61,10.25,"{""device"":""esp32"",""sensor"":""PR12P210"",""status"":""ok"",""voltage"":1.262,""pressure_kpa"":19.05,""pkt"":3459}",
2026-07-12T23:02:26,esp32,PR12P210,ok,1.242,18.56,3460,-62,10.00,"{""device"":""esp32"",""sensor"":""PR12P210"",""status"":""ok"",""voltage"":1.242,""pressure_kpa"":18.56,""pkt"":3460}",
2026-07-12T23:02:27,esp32,PR12P210,ok,1.291,19.78,3461,-62,9.75,"{""device"":""esp32"",""sensor"":""PR12P210"",""status"":""ok"",""voltage"":1.291,""pressure_kpa"":19.78,""pkt"":3461}",
2026-07-12T23:02:28,esp32,PR12P210,ok,1.283,19.58,3462,-62,9.75,"{""device"":""esp32"",""sensor"":""PR12P210"",""status"":""ok"",""voltage"":1.283,""pressure_kpa"":19.58,""pkt"":3462}",
2026-07-12T23:02:30,esp32,PR12P210,ok,1.241,18.53,3463,-61,9.75,"{""device"":""esp32"",""sensor"":""PR12P210"",""status"":""ok"",""voltage"":1.241,""pressure_kpa"":18.53,""pkt"":3463}",
2026-07-12T23:02:31,esp32,PR12P210,ok,1.294,19.86,3464,-62,9.75,"{""device"":""esp32"",""sensor"":""PR12P210"",""status"":""ok"",""voltage"":1.294,""pressure_kpa"":19.86,""pkt"":3464}",
2026-07-12T23:02:32,esp32,PR12P210,ok,1.285,19.62,3465,-62,10.00,"{""device"":""esp32"",""sensor"":""PR12P210"",""status"":""ok"",""voltage"":1.285,""pressure_kpa"":19.62,""pkt"":3465}",
2026-07-12T23:02:33,esp32,PR12P210,ok,1.247,18.67,3466,-62,9.75,"{""device"":""esp32"",""sensor"":""PR12P210"",""status"":""ok"",""voltage"":1.247,""pressure_kpa"":18.67,""pkt"":3466}",
2026-07-12T23:02:34,esp32,PR12P210,ok,1.291,19.77,3467,-61,9.75,"{""device"":""esp32"",""sensor"":""PR12P210"",""status"":""ok"",""voltage"":1.291,""pressure_kpa"":19.77,""pkt"":3467}",
2026-07-12T23:02:36,esp32,PR12P210,ok,1.283,19.58,3468,-62,9.50,"{""device"":""esp32"",""sensor"":""PR12P210"",""status"":""ok"",""voltage"":1.283,""pressure_kpa"":19.58,""pkt"":3468}",
2026-07-12T23:02:37,esp32,PR12P210,ok,1.244,18.61,3469,-61,10.25,"{""device"":""esp32"",""sensor"":""PR12P210"",""status"":""ok"",""voltage"":1.244,""pressure_kpa"":18.61,""pkt"":3469}",
2026-07-12T23:02:38,esp32,PR12P210,ok,1.287,19.69,3470,-62,10.50,"{""device"":""esp32"",""sensor"":""PR12P210"",""status"":""ok"",""voltage"":1.287,""pressure_kpa"":19.69,""pkt"":3470}",
2026-07-12T23:02:39,esp32,PR12P210,ok,1.248,18.69,3471,-62,9.75,"{""device"":""esp32"",""sensor"":""PR12P210"",""status"":""ok"",""voltage"":1.248,""pressure_kpa"":18.69,""pkt"":3471}",
2026-07-12T23:02:40,esp32,PR12P210,ok,1.294,19.84,3472,-62,10.25,"{""device"":""esp32"",""sensor"":""PR12P210"",""status"":""ok"",""voltage"":1.294,""pressure_kpa"":19.84,""pkt"":3472}",
2026-07-12T23:02:42,esp32,PR12P210,ok,1.286,19.65,3473,-62,10.50,"{""device"":""esp32"",""sensor"":""PR12P210"",""status"":""ok"",""voltage"":1.286,""pressure_kpa"":19.65,""pkt"":3473}",
2026-07-12T23:02:43,esp32,PR12P210,ok,1.248,18.7,3474,-62,9.50,"{""device"":""esp32"",""sensor"":""PR12P210"",""status"":""ok"",""voltage"":1.248,""pressure_kpa"":18.70,""pkt"":3474}",
2026-07-12T23:02:44,esp32,PR12P210,ok,1.286,19.65,3475,-62,9.50,"{""device"":""esp32"",""sensor"":""PR12P210"",""status"":""ok"",""voltage"":1.286,""pressure_kpa"":19.65,""pkt"":3475}",
2026-07-12T23:02:45,esp32,PR12P210,ok,1.247,18.68,3476,-63,9.75,"{""device"":""esp32"",""sensor"":""PR12P210"",""status"":""ok"",""voltage"":1.247,""pressure_kpa"":18.68,""pkt"":3476}",
2026-07-12T23:02:46,esp32,PR12P210,ok,1.291,19.79,3477,-62,9.50,"{""device"":""esp32"",""sensor"":""PR12P210"",""status"":""ok"",""voltage"":1.291,""pressure_kpa"":19.79,""pkt"":3477}",
2026-07-12T23:02:48,esp32,PR12P210,ok,1.287,19.67,3478,-62,9.75,"{""device"":""esp32"",""sensor"":""PR12P210"",""status"":""ok"",""voltage"":1.287,""pressure_kpa"":19.67,""pkt"":3478}",
2026-07-12T23:02:49,esp32,PR12P210,ok,1.235,18.39,3479,-62,9.75,"{""device"":""esp32"",""sensor"":""PR12P210"",""status"":""ok"",""voltage"":1.235,""pressure_kpa"":18.39,""pkt"":3479}",
2026-07-12T23:02:50,esp32,PR12P210,ok,1.29,19.75,3480,-62,10.50,"{""device"":""esp32"",""sensor"":""PR12P210"",""status"":""ok"",""voltage"":1.290,""pressure_kpa"":19.75,""pkt"":3480}",
2026-07-12T23:02:51,esp32,PR12P210,ok,1.252,18.79,3481,-62,9.75,"{""device"":""esp32"",""sensor"":""PR12P210"",""status"":""ok"",""voltage"":1.252,""pressure_kpa"":18.79,""pkt"":3481}",
2026-07-12T23:02:52,esp32,PR12P210,ok,1.29,19.75,3482,-62,9.75,"{""device"":""esp32"",""sensor"":""PR12P210"",""status"":""ok"",""voltage"":1.290,""pressure_kpa"":19.75,""pkt"":3482}",
2026-07-12T23:02:53,esp32,PR12P210,ok,1.283,19.58,3483,-62,10.75,"{""device"":""esp32"",""sensor"":""PR12P210"",""status"":""ok"",""voltage"":1.283,""pressure_kpa"":19.58,""pkt"":3483}",
2026-07-12T23:02:55,esp32,PR12P210,ok,1.268,19.2,3484,-62,10.00,"{""device"":""esp32"",""sensor"":""PR12P210"",""status"":""ok"",""voltage"":1.268,""pressure_kpa"":19.20,""pkt"":3484}",
2026-07-12T23:02:56,esp32,PR12P210,ok,1.287,19.67,3485,-61,9.75,"{""device"":""esp32"",""sensor"":""PR12P210"",""status"":""ok"",""voltage"":1.287,""pressure_kpa"":19.67,""pkt"":3485}",
2026-07-12T23:02:57,esp32,PR12P210,ok,1.24,18.51,3486,-62,9.75,"{""device"":""esp32"",""sensor"":""PR12P210"",""status"":""ok"",""voltage"":1.240,""pressure_kpa"":18.51,""pkt"":3486}",
2026-07-12T23:02:58,esp32,PR12P210,ok,1.287,19.68,3487,-62,10.00,"{""device"":""esp32"",""sensor"":""PR12P210"",""status"":""ok"",""voltage"":1.287,""pressure_kpa"":19.68,""pkt"":3487}",
2026-07-12T23:02:59,esp32,PR12P210,ok,1.237,18.42,3488,-61,9.75,"{""device"":""esp32"",""sensor"":""PR12P210"",""status"":""ok"",""voltage"":1.237,""pressure_kpa"":18.42,""pkt"":3488}",
2026-07-12T23:03:01,esp32,PR12P210,ok,1.288,19.7,3489,-61,10.00,"{""device"":""esp32"",""sensor"":""PR12P210"",""status"":""ok"",""voltage"":1.288,""pressure_kpa"":19.70,""pkt"":3489}",
2026-07-12T23:03:02,esp32,PR12P210,ok,1.296,19.91,3490,-62,10.00,"{""device"":""esp32"",""sensor"":""PR12P210"",""status"":""ok"",""voltage"":1.296,""pressure_kpa"":19.91,""pkt"":3490}",
2026-07-12T23:03:03,esp32,PR12P210,ok,1.264,19.11,3491,-62,10.00,"{""device"":""esp32"",""sensor"":""PR12P210"",""status"":""ok"",""voltage"":1.264,""pressure_kpa"":19.11,""pkt"":3491}",
2026-07-12T23:03:04,esp32,PR12P210,ok,1.29,19.75,3492,-61,9.50,"{""device"":""esp32"",""sensor"":""PR12P210"",""status"":""ok"",""voltage"":1.290,""pressure_kpa"":19.75,""pkt"":3492}",
2026-07-12T23:03:05,esp32,PR12P210,ok,1.259,18.96,3493,-62,10.75,"{""device"":""esp32"",""sensor"":""PR12P210"",""status"":""ok"",""voltage"":1.259,""pressure_kpa"":18.96,""pkt"":3493}",
2026-07-12T23:03:07,esp32,PR12P210,ok,1.26,19.0,3494,-61,9.75,"{""device"":""esp32"",""sensor"":""PR12P210"",""status"":""ok"",""voltage"":1.260,""pressure_kpa"":19.00,""pkt"":3494}",
2026-07-12T23:03:08,esp32,PR12P210,ok,1.293,19.84,3495,-62,10.25,"{""device"":""esp32"",""sensor"":""PR12P210"",""status"":""ok"",""voltage"":1.293,""pressure_kpa"":19.84,""pkt"":3495}",
2026-07-12T23:03:09,esp32,PR12P210,ok,1.285,19.62,3496,-62,9.75,"{""device"":""esp32"",""sensor"":""PR12P210"",""status"":""ok"",""voltage"":1.285,""pressure_kpa"":19.62,""pkt"":3496}",
2026-07-12T23:03:10,esp32,PR12P210,ok,1.244,18.59,3497,-62,9.75,"{""device"":""esp32"",""sensor"":""PR12P210"",""status"":""ok"",""voltage"":1.244,""pressure_kpa"":18.59,""pkt"":3497}",
2026-07-12T23:03:11,esp32,PR12P210,ok,1.259,18.98,3498,-61,9.50,"{""device"":""esp32"",""sensor"":""PR12P210"",""status"":""ok"",""voltage"":1.259,""pressure_kpa"":18.98,""pkt"":3498}",
2026-07-12T23:03:13,esp32,PR12P210,ok,1.284,19.6,3499,-61,10.00,"{""device"":""esp32"",""sensor"":""PR12P210"",""status"":""ok"",""voltage"":1.284,""pressure_kpa"":19.60,""pkt"":3499}",
2026-07-12T23:03:14,esp32,PR12P210,ok,1.287,19.69,3500,-62,10.00,"{""device"":""esp32"",""sensor"":""PR12P210"",""status"":""ok"",""voltage"":1.287,""pressure_kpa"":19.69,""pkt"":3500}",
2026-07-12T23:03:15,esp32,PR12P210,ok,1.291,19.78,3501,-61,10.00,"{""device"":""esp32"",""sensor"":""PR12P210"",""status"":""ok"",""voltage"":1.291,""pressure_kpa"":19.78,""pkt"":3501}",
2026-07-12T23:03:16,esp32,PR12P210,ok,1.234,18.34,3502,-62,9.75,"{""device"":""esp32"",""sensor"":""PR12P210"",""status"":""ok"",""voltage"":1.234,""pressure_kpa"":18.34,""pkt"":3502}",
2026-07-12T23:03:17,esp32,PR12P210,ok,1.276,19.39,3503,-62,10.50,"{""device"":""esp32"",""sensor"":""PR12P210"",""status"":""ok"",""voltage"":1.276,""pressure_kpa"":19.39,""pkt"":3503}",
2026-07-12T23:03:19,esp32,PR12P210,ok,1.289,19.72,3504,-62,9.75,"{""device"":""esp32"",""sensor"":""PR12P210"",""status"":""ok"",""voltage"":1.289,""pressure_kpa"":19.72,""pkt"":3504}",
2026-07-12T23:03:20,esp32,PR12P210,ok,1.294,19.86,3505,-62,10.50,"{""device"":""esp32"",""sensor"":""PR12P210"",""status"":""ok"",""voltage"":1.294,""pressure_kpa"":19.86,""pkt"":3505}",
2026-07-12T23:03:21,esp32,PR12P210,ok,1.241,18.54,3506,-62,10.00,"{""device"":""esp32"",""sensor"":""PR12P210"",""status"":""ok"",""voltage"":1.241,""pressure_kpa"":18.54,""pkt"":3506}",
2026-07-12T23:03:22,esp32,PR12P210,ok,1.287,19.68,3507,-62,10.00,"{""device"":""esp32"",""sensor"":""PR12P210"",""status"":""ok"",""voltage"":1.287,""pressure_kpa"":19.68,""pkt"":3507}",
2026-07-12T23:03:23,esp32,PR12P210,ok,1.287,19.67,3508,-61,9.75,"{""device"":""esp32"",""sensor"":""PR12P210"",""status"":""ok"",""voltage"":1.287,""pressure_kpa"":19.67,""pkt"":3508}",
2026-07-12T23:03:24,esp32,PR12P210,ok,1.243,18.58,3509,-61,10.25,"{""device"":""esp32"",""sensor"":""PR12P210"",""status"":""ok"",""voltage"":1.243,""pressure_kpa"":18.58,""pkt"":3509}",
2026-07-12T23:03:26,esp32,PR12P210,ok,1.287,19.68,3510,-62,10.25,"{""device"":""esp32"",""sensor"":""PR12P210"",""status"":""ok"",""voltage"":1.287,""pressure_kpa"":19.68,""pkt"":3510}",
2026-07-12T23:03:27,esp32,PR12P210,ok,1.284,19.6,3511,-61,9.75,"{""device"":""esp32"",""sensor"":""PR12P210"",""status"":""ok"",""voltage"":1.284,""pressure_kpa"":19.60,""pkt"":3511}",
2026-07-12T23:03:28,esp32,PR12P210,ok,1.278,19.45,3512,-61,10.25,"{""device"":""esp32"",""sensor"":""PR12P210"",""status"":""ok"",""voltage"":1.278,""pressure_kpa"":19.45,""pkt"":3512}",
2026-07-12T23:03:29,esp32,PR12P210,ok,1.295,19.88,3513,-61,10.00,"{""device"":""esp32"",""sensor"":""PR12P210"",""status"":""ok"",""voltage"":1.295,""pressure_kpa"":19.88,""pkt"":3513}",
2026-07-12T23:03:30,esp32,PR12P210,ok,1.257,18.92,3514,-62,9.50,"{""device"":""esp32"",""sensor"":""PR12P210"",""status"":""ok"",""voltage"":1.257,""pressure_kpa"":18.92,""pkt"":3514}",
2026-07-12T23:03:32,esp32,PR12P210,ok,1.29,19.74,3515,-62,10.50,"{""device"":""esp32"",""sensor"":""PR12P210"",""status"":""ok"",""voltage"":1.290,""pressure_kpa"":19.74,""pkt"":3515}",
2026-07-12T23:03:33,esp32,PR12P210,ok,1.245,18.61,3516,-61,10.50,"{""device"":""esp32"",""sensor"":""PR12P210"",""status"":""ok"",""voltage"":1.245,""pressure_kpa"":18.61,""pkt"":3516}",
2026-07-12T23:03:34,esp32,PR12P210,ok,1.29,19.75,3517,-62,10.25,"{""device"":""esp32"",""sensor"":""PR12P210"",""status"":""ok"",""voltage"":1.290,""pressure_kpa"":19.75,""pkt"":3517}",
2026-07-12T23:03:35,esp32,PR12P210,ok,1.239,18.47,3518,-61,9.75,"{""device"":""esp32"",""sensor"":""PR12P210"",""status"":""ok"",""voltage"":1.239,""pressure_kpa"":18.47,""pkt"":3518}",
2026-07-12T23:03:36,esp32,PR12P210,ok,1.291,19.79,3519,-61,10.25,"{""device"":""esp32"",""sensor"":""PR12P210"",""status"":""ok"",""voltage"":1.291,""pressure_kpa"":19.79,""pkt"":3519}",
2026-07-12T23:03:38,esp32,PR12P210,ok,1.243,18.57,3520,-62,10.00,"{""device"":""esp32"",""sensor"":""PR12P210"",""status"":""ok"",""voltage"":1.243,""pressure_kpa"":18.57,""pkt"":3520}",
2026-07-12T23:03:39,esp32,PR12P210,ok,1.29,19.75,3521,-61,9.75,"{""device"":""esp32"",""sensor"":""PR12P210"",""status"":""ok"",""voltage"":1.290,""pressure_kpa"":19.75,""pkt"":3521}",
2026-07-12T23:03:40,esp32,PR12P210,ok,1.256,18.91,3522,-62,9.75,"{""device"":""esp32"",""sensor"":""PR12P210"",""status"":""ok"",""voltage"":1.256,""pressure_kpa"":18.91,""pkt"":3522}",
2026-07-12T23:03:41,esp32,PR12P210,ok,1.276,19.41,3523,-62,10.25,"{""device"":""esp32"",""sensor"":""PR12P210"",""status"":""ok"",""voltage"":1.276,""pressure_kpa"":19.41,""pkt"":3523}",
2026-07-12T23:03:42,esp32,PR12P210,ok,1.294,19.85,3524,-62,9.75,"{""device"":""esp32"",""sensor"":""PR12P210"",""status"":""ok"",""voltage"":1.294,""pressure_kpa"":19.85,""pkt"":3524}",
2026-07-12T23:03:44,esp32,PR12P210,ok,1.255,18.87,3525,-61,9.75,"{""device"":""esp32"",""sensor"":""PR12P210"",""status"":""ok"",""voltage"":1.255,""pressure_kpa"":18.87,""pkt"":3525}",
2026-07-12T23:03:45,esp32,PR12P210,ok,1.289,19.74,3526,-62,10.25,"{""device"":""esp32"",""sensor"":""PR12P210"",""status"":""ok"",""voltage"":1.289,""pressure_kpa"":19.74,""pkt"":3526}",
2026-07-12T23:03:46,esp32,PR12P210,ok,1.239,18.47,3527,-62,9.75,"{""device"":""esp32"",""sensor"":""PR12P210"",""status"":""ok"",""voltage"":1.239,""pressure_kpa"":18.47,""pkt"":3527}",
2026-07-12T23:03:47,esp32,PR12P210,ok,1.285,19.62,3528,-62,9.75,"{""device"":""esp32"",""sensor"":""PR12P210"",""status"":""ok"",""voltage"":1.285,""pressure_kpa"":19.62,""pkt"":3528}",
2026-07-12T23:03:48,esp32,PR12P210,ok,1.295,19.88,3529,-62,10.00,"{""device"":""esp32"",""sensor"":""PR12P210"",""status"":""ok"",""voltage"":1.295,""pressure_kpa"":19.88,""pkt"":3529}",
2026-07-12T23:03:50,esp32,PR12P210,ok,1.263,19.08,3530,-62,10.25,"{""device"":""esp32"",""sensor"":""PR12P210"",""status"":""ok"",""voltage"":1.263,""pressure_kpa"":19.08,""pkt"":3530}",
2026-07-12T23:03:51,esp32,PR12P210,ok,1.291,19.78,3531,-62,10.00,"{""device"":""esp32"",""sensor"":""PR12P210"",""status"":""ok"",""voltage"":1.291,""pressure_kpa"":19.78,""pkt"":3531}",
2026-07-12T23:03:52,esp32,PR12P210,ok,1.244,18.59,3532,-62,9.50,"{""device"":""esp32"",""sensor"":""PR12P210"",""status"":""ok"",""voltage"":1.244,""pressure_kpa"":18.59,""pkt"":3532}",
2026-07-12T23:03:53,esp32,PR12P210,ok,1.289,19.72,3533,-62,10.25,"{""device"":""esp32"",""sensor"":""PR12P210"",""status"":""ok"",""voltage"":1.289,""pressure_kpa"":19.72,""pkt"":3533}",
2026-07-12T23:03:54,esp32,PR12P210,ok,1.236,18.4,3534,-62,9.75,"{""device"":""esp32"",""sensor"":""PR12P210"",""status"":""ok"",""voltage"":1.236,""pressure_kpa"":18.40,""pkt"":3534}",
2026-07-12T23:03:55,esp32,PR12P210,ok,1.291,19.77,3535,-62,9.75,"{""device"":""esp32"",""sensor"":""PR12P210"",""status"":""ok"",""voltage"":1.291,""pressure_kpa"":19.77,""pkt"":3535}",
2026-07-12T23:03:57,esp32,PR12P210,ok,1.238,18.46,3536,-62,10.00,"{""device"":""esp32"",""sensor"":""PR12P210"",""status"":""ok"",""voltage"":1.238,""pressure_kpa"":18.46,""pkt"":3536}",
2026-07-12T23:03:58,esp32,PR12P210,ok,1.287,19.68,3537,-62,10.00,"{""device"":""esp32"",""sensor"":""PR12P210"",""status"":""ok"",""voltage"":1.287,""pressure_kpa"":19.68,""pkt"":3537}",
2026-07-12T23:03:59,esp32,PR12P210,ok,1.239,18.47,3538,-62,9.75,"{""device"":""esp32"",""sensor"":""PR12P210"",""status"":""ok"",""voltage"":1.239,""pressure_kpa"":18.47,""pkt"":3538}",
2026-07-12T23:04:00,esp32,PR12P210,ok,1.287,19.68,3539,-62,10.00,"{""device"":""esp32"",""sensor"":""PR12P210"",""status"":""ok"",""voltage"":1.287,""pressure_kpa"":19.68,""pkt"":3539}",
2026-07-12T23:04:01,esp32,PR12P210,ok,1.234,18.35,3540,-62,10.25,"{""device"":""esp32"",""sensor"":""PR12P210"",""status"":""ok"",""voltage"":1.234,""pressure_kpa"":18.35,""pkt"":3540}",
2026-07-12T23:04:03,esp32,PR12P210,ok,1.288,19.7,3541,-62,10.25,"{""device"":""esp32"",""sensor"":""PR12P210"",""status"":""ok"",""voltage"":1.288,""pressure_kpa"":19.70,""pkt"":3541}",
2026-07-12T23:04:04,esp32,PR12P210,ok,1.239,18.48,3542,-62,10.25,"{""device"":""esp32"",""sensor"":""PR12P210"",""status"":""ok"",""voltage"":1.239,""pressure_kpa"":18.48,""pkt"":3542}",
2026-07-12T23:04:05,esp32,PR12P210,ok,1.284,19.6,3543,-62,10.25,"{""device"":""esp32"",""sensor"":""PR12P210"",""status"":""ok"",""voltage"":1.284,""pressure_kpa"":19.60,""pkt"":3543}",
2026-07-12T23:04:06,esp32,PR12P210,ok,1.25,18.75,3544,-62,10.00,"{""device"":""esp32"",""sensor"":""PR12P210"",""status"":""ok"",""voltage"":1.250,""pressure_kpa"":18.75,""pkt"":3544}",
2026-07-12T23:04:07,esp32,PR12P210,ok,1.298,19.95,3545,-62,10.25,"{""device"":""esp32"",""sensor"":""PR12P210"",""status"":""ok"",""voltage"":1.298,""pressure_kpa"":19.95,""pkt"":3545}",
2026-07-12T23:04:09,esp32,PR12P210,ok,1.284,19.61,3546,-63,10.00,"{""device"":""esp32"",""sensor"":""PR12P210"",""status"":""ok"",""voltage"":1.284,""pressure_kpa"":19.61,""pkt"":3546}",
2026-07-12T23:04:10,esp32,PR12P210,ok,1.237,18.43,3547,-62,9.75,"{""device"":""esp32"",""sensor"":""PR12P210"",""status"":""ok"",""voltage"":1.237,""pressure_kpa"":18.43,""pkt"":3547}",
2026-07-12T23:04:11,esp32,PR12P210,ok,1.292,19.8,3548,-62,10.25,"{""device"":""esp32"",""sensor"":""PR12P210"",""status"":""ok"",""voltage"":1.292,""pressure_kpa"":19.80,""pkt"":3548}",
2026-07-12T23:05:44,esp32,PR12P210,ok,1.27,19.25,3626,-62,10.00,"{""device"":""esp32"",""sensor"":""PR12P210"",""status"":""ok"",""voltage"":1.270,""pressure_kpa"":19.25,""pkt"":3626}",
2026-07-12T23:05:45,esp32,PR12P210,ok,1.297,19.92,3627,-61,9.75,"{""device"":""esp32"",""sensor"":""PR12P210"",""status"":""ok"",""voltage"":1.297,""pressure_kpa"":19.92,""pkt"":3627}",
2026-07-12T23:05:46,esp32,PR12P210,ok,1.286,19.65,3628,-61,10.25,"{""device"":""esp32"",""sensor"":""PR12P210"",""status"":""ok"",""voltage"":1.286,""pressure_kpa"":19.65,""pkt"":3628}",
2026-07-12T23:05:48,esp32,PR12P210,ok,1.24,18.51,3629,-62,10.00,"{""device"":""esp32"",""sensor"":""PR12P210"",""status"":""ok"",""voltage"":1.240,""pressure_kpa"":18.51,""pkt"":3629}",
2026-07-12T23:05:49,esp32,PR12P210,ok,1.293,19.82,3630,-61,10.50,"{""device"":""esp32"",""sensor"":""PR12P210"",""status"":""ok"",""voltage"":1.293,""pressure_kpa"":19.82,""pkt"":3630}",
2026-07-12T23:05:50,esp32,PR12P210,ok,1.243,18.58,3631,-62,12.00,"{""device"":""esp32"",""sensor"":""PR12P210"",""status"":""ok"",""voltage"":1.243,""pressure_kpa"":18.58,""pkt"":3631}",
2026-07-12T23:05:51,esp32,PR12P210,ok,1.289,19.72,3632,-62,10.25,"{""device"":""esp32"",""sensor"":""PR12P210"",""status"":""ok"",""voltage"":1.289,""pressure_kpa"":19.72,""pkt"":3632}",
2026-07-12T23:05:52,esp32,PR12P210,ok,1.24,18.5,3633,-62,10.50,"{""device"":""esp32"",""sensor"":""PR12P210"",""status"":""ok"",""voltage"":1.240,""pressure_kpa"":18.50,""pkt"":3633}",
2026-07-12T23:05:53,esp32,PR12P210,ok,1.286,19.66,3634,-61,9.50,"{""device"":""esp32"",""sensor"":""PR12P210"",""status"":""ok"",""voltage"":1.286,""pressure_kpa"":19.66,""pkt"":3634}",
2026-07-12T23:05:55,esp32,PR12P210,ok,1.293,19.83,3635,-62,9.75,"{""device"":""esp32"",""sensor"":""PR12P210"",""status"":""ok"",""voltage"":1.293,""pressure_kpa"":19.83,""pkt"":3635}",
2026-07-12T23:05:56,esp32,PR12P210,ok,1.265,19.13,3636,-62,10.25,"{""device"":""esp32"",""sensor"":""PR12P210"",""status"":""ok"",""voltage"":1.265,""pressure_kpa"":19.13,""pkt"":3636}",
2026-07-12T23:05:57,esp32,PR12P210,ok,1.29,19.75,3637,-62,10.00,"{""device"":""esp32"",""sensor"":""PR12P210"",""status"":""ok"",""voltage"":1.290,""pressure_kpa"":19.75,""pkt"":3637}",
2026-07-12T23:05:58,esp32,PR12P210,ok,1.259,18.98,3638,-61,9.75,"{""device"":""esp32"",""sensor"":""PR12P210"",""status"":""ok"",""voltage"":1.259,""pressure_kpa"":18.98,""pkt"":3638}",
2026-07-12T23:05:59,esp32,PR12P210,ok,1.276,19.39,3639,-61,10.25,"{""device"":""esp32"",""sensor"":""PR12P210"",""status"":""ok"",""voltage"":1.276,""pressure_kpa"":19.39,""pkt"":3639}",
2026-07-12T23:06:01,esp32,PR12P210,ok,1.288,19.7,3640,-62,10.00,"{""device"":""esp32"",""sensor"":""PR12P210"",""status"":""ok"",""voltage"":1.288,""pressure_kpa"":19.70,""pkt"":3640}",
2026-07-12T23:06:02,esp32,PR12P210,ok,1.271,19.28,3641,-62,10.25,"{""device"":""esp32"",""sensor"":""PR12P210"",""status"":""ok"",""voltage"":1.271,""pressure_kpa"":19.28,""pkt"":3641}",
2026-07-12T23:06:03,esp32,PR12P210,ok,1.265,19.12,3642,-62,12.25,"{""device"":""esp32"",""sensor"":""PR12P210"",""status"":""ok"",""voltage"":1.265,""pressure_kpa"":19.12,""pkt"":3642}",
2026-07-12T23:06:04,esp32,PR12P210,ok,1.292,19.8,3643,-61,10.50,"{""device"":""esp32"",""sensor"":""PR12P210"",""status"":""ok"",""voltage"":1.292,""pressure_kpa"":19.80,""pkt"":3643}",
2026-07-12T23:06:05,esp32,PR12P210,ok,1.293,19.83,3644,-63,9.75,"{""device"":""esp32"",""sensor"":""PR12P210"",""status"":""ok"",""voltage"":1.293,""pressure_kpa"":19.83,""pkt"":3644}",
2026-07-12T23:06:07,esp32,PR12P210,ok,1.257,18.92,3645,-61,9.75,"{""device"":""esp32"",""sensor"":""PR12P210"",""status"":""ok"",""voltage"":1.257,""pressure_kpa"":18.92,""pkt"":3645}",
2026-07-12T23:06:08,esp32,PR12P210,ok,1.289,19.73,3646,-61,10.00,"{""device"":""esp32"",""sensor"":""PR12P210"",""status"":""ok"",""voltage"":1.289,""pressure_kpa"":19.73,""pkt"":3646}",
2026-07-12T23:06:09,esp32,PR12P210,ok,1.27,19.24,3647,-62,10.00,"{""device"":""esp32"",""sensor"":""PR12P210"",""status"":""ok"",""voltage"":1.270,""pressure_kpa"":19.24,""pkt"":3647}",
2026-07-12T23:06:10,esp32,PR12P210,ok,1.272,19.31,3648,-61,10.00,"{""device"":""esp32"",""sensor"":""PR12P210"",""status"":""ok"",""voltage"":1.272,""pressure_kpa"":19.31,""pkt"":3648}",
2026-07-12T23:06:11,esp32,PR12P210,ok,1.291,19.77,3649,-61,10.25,"{""device"":""esp32"",""sensor"":""PR12P210"",""status"":""ok"",""voltage"":1.291,""pressure_kpa"":19.77,""pkt"":3649}",
2026-07-12T23:06:13,esp32,PR12P210,ok,1.242,18.54,3650,-62,10.50,"{""device"":""esp32"",""sensor"":""PR12P210"",""status"":""ok"",""voltage"":1.242,""pressure_kpa"":18.54,""pkt"":3650}",
2026-07-12T23:06:14,esp32,PR12P210,ok,1.291,19.78,3651,-61,10.00,"{""device"":""esp32"",""sensor"":""PR12P210"",""status"":""ok"",""voltage"":1.291,""pressure_kpa"":19.78,""pkt"":3651}",
2026-07-12T23:06:15,esp32,PR12P210,ok,1.25,18.75,3652,-61,10.00,"{""device"":""esp32"",""sensor"":""PR12P210"",""status"":""ok"",""voltage"":1.250,""pressure_kpa"":18.75,""pkt"":3652}",
2026-07-12T23:06:16,esp32,PR12P210,ok,1.284,19.59,3653,-61,12.50,"{""device"":""esp32"",""sensor"":""PR12P210"",""status"":""ok"",""voltage"":1.284,""pressure_kpa"":19.59,""pkt"":3653}",
2026-07-12T23:06:17,esp32,PR12P210,ok,1.295,19.87,3654,-62,10.00,"{""device"":""esp32"",""sensor"":""PR12P210"",""status"":""ok"",""voltage"":1.295,""pressure_kpa"":19.87,""pkt"":3654}",
2026-07-12T23:06:19,esp32,PR12P210,ok,1.272,19.3,3655,-62,10.25,"{""device"":""esp32"",""sensor"":""PR12P210"",""status"":""ok"",""voltage"":1.272,""pressure_kpa"":19.30,""pkt"":3655}",
2026-07-12T23:06:20,esp32,PR12P210,ok,1.291,19.76,3656,-62,10.00,"{""device"":""esp32"",""sensor"":""PR12P210"",""status"":""ok"",""voltage"":1.291,""pressure_kpa"":19.76,""pkt"":3656}",
2026-07-12T23:06:21,esp32,PR12P210,ok,1.265,19.11,3657,-62,10.00,"{""device"":""esp32"",""sensor"":""PR12P210"",""status"":""ok"",""voltage"":1.265,""pressure_kpa"":19.11,""pkt"":3657}",
2026-07-12T23:06:22,esp32,PR12P210,ok,1.288,19.7,3658,-61,9.75,"{""device"":""esp32"",""sensor"":""PR12P210"",""status"":""ok"",""voltage"":1.288,""pressure_kpa"":19.70,""pkt"":3658}",
2026-07-12T23:06:23,esp32,PR12P210,ok,1.261,19.02,3659,-62,10.50,"{""device"":""esp32"",""sensor"":""PR12P210"",""status"":""ok"",""voltage"":1.261,""pressure_kpa"":19.02,""pkt"":3659}",
2026-07-12T23:06:24,esp32,PR12P210,ok,1.292,19.79,3660,-62,10.25,"{""device"":""esp32"",""sensor"":""PR12P210"",""status"":""ok"",""voltage"":1.292,""pressure_kpa"":19.79,""pkt"":3660}",
2026-07-12T23:06:26,esp32,PR12P210,ok,1.246,18.65,3661,-62,10.00,"{""device"":""esp32"",""sensor"":""PR12P210"",""status"":""ok"",""voltage"":1.246,""pressure_kpa"":18.65,""pkt"":3661}",
2026-07-12T23:06:27,esp32,PR12P210,ok,1.29,19.75,3662,-61,9.75,"{""device"":""esp32"",""sensor"":""PR12P210"",""status"":""ok"",""voltage"":1.290,""pressure_kpa"":19.75,""pkt"":3662}",
2026-07-12T23:06:28,esp32,PR12P210,ok,1.246,18.64,3663,-62,10.50,"{""device"":""esp32"",""sensor"":""PR12P210"",""status"":""ok"",""voltage"":1.246,""pressure_kpa"":18.64,""pkt"":3663}",
2026-07-12T23:06:29,esp32,PR12P210,ok,1.289,19.73,3664,-62,10.75,"{""device"":""esp32"",""sensor"":""PR12P210"",""status"":""ok"",""voltage"":1.289,""pressure_kpa"":19.73,""pkt"":3664}",
2026-07-12T23:06:30,esp32,PR12P210,ok,1.238,18.46,3665,-61,10.50,"{""device"":""esp32"",""sensor"":""PR12P210"",""status"":""ok"",""voltage"":1.238,""pressure_kpa"":18.46,""pkt"":3665}",
2026-07-12T23:06:32,esp32,PR12P210,ok,1.288,19.71,3666,-61,10.25,"{""device"":""esp32"",""sensor"":""PR12P210"",""status"":""ok"",""voltage"":1.288,""pressure_kpa"":19.71,""pkt"":3666}",
2026-07-12T23:06:33,esp32,PR12P210,ok,1.241,18.52,3667,-62,9.50,"{""device"":""esp32"",""sensor"":""PR12P210"",""status"":""ok"",""voltage"":1.241,""pressure_kpa"":18.52,""pkt"":3667}",
2026-07-12T23:06:34,esp32,PR12P210,ok,1.291,19.77,3668,-61,9.75,"{""device"":""esp32"",""sensor"":""PR12P210"",""status"":""ok"",""voltage"":1.291,""pressure_kpa"":19.77,""pkt"":3668}",
2026-07-12T23:06:35,esp32,PR12P210,ok,1.241,18.52,3669,-62,10.00,"{""device"":""esp32"",""sensor"":""PR12P210"",""status"":""ok"",""voltage"":1.241,""pressure_kpa"":18.52,""pkt"":3669}",
2026-07-12T23:06:36,esp32,PR12P210,ok,1.285,19.61,3670,-62,10.50,"{""device"":""esp32"",""sensor"":""PR12P210"",""status"":""ok"",""voltage"":1.285,""pressure_kpa"":19.61,""pkt"":3670}",
2026-07-12T23:06:38,esp32,PR12P210,ok,1.236,18.39,3671,-61,10.25,"{""device"":""esp32"",""sensor"":""PR12P210"",""status"":""ok"",""voltage"":1.236,""pressure_kpa"":18.39,""pkt"":3671}",
2026-07-12T23:06:39,esp32,PR12P210,ok,1.288,19.69,3672,-61,10.25,"{""device"":""esp32"",""sensor"":""PR12P210"",""status"":""ok"",""voltage"":1.288,""pressure_kpa"":19.69,""pkt"":3672}",
2026-07-12T23:06:40,esp32,PR12P210,ok,1.234,18.36,3673,-62,10.25,"{""device"":""esp32"",""sensor"":""PR12P210"",""status"":""ok"",""voltage"":1.234,""pressure_kpa"":18.36,""pkt"":3673}",
2026-07-12T23:06:41,esp32,PR12P210,ok,1.288,19.71,3674,-62,9.75,"{""device"":""esp32"",""sensor"":""PR12P210"",""status"":""ok"",""voltage"":1.288,""pressure_kpa"":19.71,""pkt"":3674}",
2026-07-12T23:06:42,esp32,PR12P210,ok,1.239,18.46,3675,-61,11.25,"{""device"":""esp32"",""sensor"":""PR12P210"",""status"":""ok"",""voltage"":1.239,""pressure_kpa"":18.46,""pkt"":3675}",
2026-07-12T23:06:44,esp32,PR12P210,ok,1.285,19.63,3676,-62,10.50,"{""device"":""esp32"",""sensor"":""PR12P210"",""status"":""ok"",""voltage"":1.285,""pressure_kpa"":19.63,""pkt"":3676}",
2026-07-12T23:06:45,esp32,PR12P210,ok,1.287,19.66,3677,-61,10.00,"{""device"":""esp32"",""sensor"":""PR12P210"",""status"":""ok"",""voltage"":1.287,""pressure_kpa"":19.66,""pkt"":3677}",
2026-07-12T23:06:46,esp32,PR12P210,ok,1.281,19.52,3678,-60,9.75,"{""device"":""esp32"",""sensor"":""PR12P210"",""status"":""ok"",""voltage"":1.281,""pressure_kpa"":19.52,""pkt"":3678}",
2026-07-12T23:06:47,esp32,PR12P210,ok,1.293,19.82,3679,-61,10.00,"{""device"":""esp32"",""sensor"":""PR12P210"",""status"":""ok"",""voltage"":1.293,""pressure_kpa"":19.82,""pkt"":3679}",
2026-07-12T23:06:48,esp32,PR12P210,ok,1.257,18.94,3680,-61,10.25,"{""device"":""esp32"",""sensor"":""PR12P210"",""status"":""ok"",""voltage"":1.257,""pressure_kpa"":18.94,""pkt"":3680}",
2026-07-12T23:06:50,esp32,PR12P210,ok,1.288,19.69,3681,-61,10.00,"{""device"":""esp32"",""sensor"":""PR12P210"",""status"":""ok"",""voltage"":1.288,""pressure_kpa"":19.69,""pkt"":3681}",
2026-07-12T23:06:51,esp32,PR12P210,ok,1.235,18.37,3682,-61,9.75,"{""device"":""esp32"",""sensor"":""PR12P210"",""status"":""ok"",""voltage"":1.235,""pressure_kpa"":18.37,""pkt"":3682}",
2026-07-12T23:06:52,esp32,PR12P210,ok,1.29,19.74,3683,-61,10.75,"{""device"":""esp32"",""sensor"":""PR12P210"",""status"":""ok"",""voltage"":1.290,""pressure_kpa"":19.74,""pkt"":3683}",
2026-07-12T23:06:53,esp32,PR12P210,ok,1.234,18.36,3684,-62,9.75,"{""device"":""esp32"",""sensor"":""PR12P210"",""status"":""ok"",""voltage"":1.234,""pressure_kpa"":18.36,""pkt"":3684}",
2026-07-12T23:06:54,esp32,PR12P210,ok,1.285,19.64,3685,-61,10.00,"{""device"":""esp32"",""sensor"":""PR12P210"",""status"":""ok"",""voltage"":1.285,""pressure_kpa"":19.64,""pkt"":3685}",
2026-07-12T23:06:55,esp32,PR12P210,ok,1.238,18.44,3686,-62,11.00,"{""device"":""esp32"",""sensor"":""PR12P210"",""status"":""ok"",""voltage"":1.238,""pressure_kpa"":18.44,""pkt"":3686}",
2026-07-12T23:06:57,esp32,PR12P210,ok,1.287,19.68,3687,-61,9.75,"{""device"":""esp32"",""sensor"":""PR12P210"",""status"":""ok"",""voltage"":1.287,""pressure_kpa"":19.68,""pkt"":3687}",
2026-07-12T23:06:58,esp32,PR12P210,ok,1.239,18.46,3688,-61,9.75,"{""device"":""esp32"",""sensor"":""PR12P210"",""status"":""ok"",""voltage"":1.239,""pressure_kpa"":18.46,""pkt"":3688}",
2026-07-12T23:06:59,esp32,PR12P210,ok,1.286,19.64,3689,-61,9.50,"{""device"":""esp32"",""sensor"":""PR12P210"",""status"":""ok"",""voltage"":1.286,""pressure_kpa"":19.64,""pkt"":3689}",
2026-07-12T23:07:00,esp32,PR12P210,ok,1.243,18.56,3690,-62,10.25,"{""device"":""esp32"",""sensor"":""PR12P210"",""status"":""ok"",""voltage"":1.243,""pressure_kpa"":18.56,""pkt"":3690}",
2026-07-12T23:07:01,esp32,PR12P210,ok,1.289,19.73,3691,-61,10.00,"{""device"":""esp32"",""sensor"":""PR12P210"",""status"":""ok"",""voltage"":1.289,""pressure_kpa"":19.73,""pkt"":3691}",
2026-07-12T23:07:03,esp32,PR12P210,ok,1.258,18.95,3692,-61,10.25,"{""device"":""esp32"",""sensor"":""PR12P210"",""status"":""ok"",""voltage"":1.258,""pressure_kpa"":18.95,""pkt"":3692}",
2026-07-12T23:07:04,esp32,PR12P210,ok,1.288,19.69,3693,-61,9.75,"{""device"":""esp32"",""sensor"":""PR12P210"",""status"":""ok"",""voltage"":1.288,""pressure_kpa"":19.69,""pkt"":3693}",
2026-07-12T23:07:05,esp32,PR12P210,ok,1.273,19.33,3694,-62,9.75,"{""device"":""esp32"",""sensor"":""PR12P210"",""status"":""ok"",""voltage"":1.273,""pressure_kpa"":19.33,""pkt"":3694}",
2026-07-12T23:07:06,esp32,PR12P210,ok,1.292,19.79,3695,-62,10.00,"{""device"":""esp32"",""sensor"":""PR12P210"",""status"":""ok"",""voltage"":1.292,""pressure_kpa"":19.79,""pkt"":3695}",
2026-07-12T23:07:07,esp32,PR12P210,ok,1.286,19.64,3696,-62,10.50,"{""device"":""esp32"",""sensor"":""PR12P210"",""status"":""ok"",""voltage"":1.286,""pressure_kpa"":19.64,""pkt"":3696}",
2026-07-12T23:07:09,esp32,PR12P210,ok,1.24,18.5,3697,-62,10.75,"{""device"":""esp32"",""sensor"":""PR12P210"",""status"":""ok"",""voltage"":1.240,""pressure_kpa"":18.50,""pkt"":3697}",
2026-07-12T23:07:10,esp32,PR12P210,ok,1.292,19.8,3698,-61,10.00,"{""device"":""esp32"",""sensor"":""PR12P210"",""status"":""ok"",""voltage"":1.292,""pressure_kpa"":19.80,""pkt"":3698}",
2026-07-12T23:07:11,esp32,PR12P210,ok,1.26,19.01,3699,-62,10.00,"{""device"":""esp32"",""sensor"":""PR12P210"",""status"":""ok"",""voltage"":1.260,""pressure_kpa"":19.01,""pkt"":3699}",
2026-07-12T23:07:12,esp32,PR12P210,ok,1.297,19.92,3700,-62,10.00,"{""device"":""esp32"",""sensor"":""PR12P210"",""status"":""ok"",""voltage"":1.297,""pressure_kpa"":19.92,""pkt"":3700}",
2026-07-12T23:07:13,esp32,PR12P210,ok,1.285,19.63,3701,-62,9.75,"{""device"":""esp32"",""sensor"":""PR12P210"",""status"":""ok"",""voltage"":1.285,""pressure_kpa"":19.63,""pkt"":3701}",
2026-07-12T23:07:15,esp32,PR12P210,ok,1.236,18.39,3702,-62,9.75,"{""device"":""esp32"",""sensor"":""PR12P210"",""status"":""ok"",""voltage"":1.236,""pressure_kpa"":18.39,""pkt"":3702}",
2026-07-12T23:07:16,esp32,PR12P210,ok,1.292,19.8,3703,-62,10.00,"{""device"":""esp32"",""sensor"":""PR12P210"",""status"":""ok"",""voltage"":1.292,""pressure_kpa"":19.80,""pkt"":3703}",
2026-07-12T23:07:17,esp32,PR12P210,ok,1.285,19.64,3704,-63,9.75,"{""device"":""esp32"",""sensor"":""PR12P210"",""status"":""ok"",""voltage"":1.285,""pressure_kpa"":19.64,""pkt"":3704}",
2026-07-12T23:07:18,esp32,PR12P210,ok,1.241,18.54,3705,-62,10.00,"{""device"":""esp32"",""sensor"":""PR12P210"",""status"":""ok"",""voltage"":1.241,""pressure_kpa"":18.54,""pkt"":3705}",
2026-07-12T23:07:19,esp32,PR12P210,ok,1.289,19.73,3706,-62,10.00,"{""device"":""esp32"",""sensor"":""PR12P210"",""status"":""ok"",""voltage"":1.289,""pressure_kpa"":19.73,""pkt"":3706}",
2026-07-12T23:07:21,esp32,PR12P210,ok,1.252,18.8,3707,-63,9.75,"{""device"":""esp32"",""sensor"":""PR12P210"",""status"":""ok"",""voltage"":1.252,""pressure_kpa"":18.80,""pkt"":3707}",
2026-07-12T23:07:22,esp32,PR12P210,ok,1.293,19.82,3708,-62,10.25,"{""device"":""esp32"",""sensor"":""PR12P210"",""status"":""ok"",""voltage"":1.293,""pressure_kpa"":19.82,""pkt"":3708}",
2026-07-12T23:07:23,esp32,PR12P210,ok,1.269,19.23,3709,-62,10.00,"{""device"":""esp32"",""sensor"":""PR12P210"",""status"":""ok"",""voltage"":1.269,""pressure_kpa"":19.23,""pkt"":3709}",
2026-07-12T23:07:24,esp32,PR12P210,ok,1.29,19.76,3710,-62,9.75,"{""device"":""esp32"",""sensor"":""PR12P210"",""status"":""ok"",""voltage"":1.290,""pressure_kpa"":19.76,""pkt"":3710}",
2026-07-12T23:07:25,esp32,PR12P210,ok,1.276,19.4,3711,-62,10.25,"{""device"":""esp32"",""sensor"":""PR12P210"",""status"":""ok"",""voltage"":1.276,""pressure_kpa"":19.40,""pkt"":3711}",
2026-07-12T23:07:26,esp32,PR12P210,ok,1.289,19.73,3712,-62,9.50,"{""device"":""esp32"",""sensor"":""PR12P210"",""status"":""ok"",""voltage"":1.289,""pressure_kpa"":19.73,""pkt"":3712}",
2026-07-12T23:07:28,esp32,PR12P210,ok,1.272,19.3,3713,-62,10.25,"{""device"":""esp32"",""sensor"":""PR12P210"",""status"":""ok"",""voltage"":1.272,""pressure_kpa"":19.30,""pkt"":3713}",
2026-07-12T23:07:29,esp32,PR12P210,ok,1.295,19.87,3714,-62,9.50,"{""device"":""esp32"",""sensor"":""PR12P210"",""status"":""ok"",""voltage"":1.295,""pressure_kpa"":19.87,""pkt"":3714}",
2026-07-12T23:07:30,esp32,PR12P210,ok,1.27,19.25,3715,-62,10.25,"{""device"":""esp32"",""sensor"":""PR12P210"",""status"":""ok"",""voltage"":1.270,""pressure_kpa"":19.25,""pkt"":3715}",
2026-07-12T23:07:31,esp32,PR12P210,ok,1.295,19.87,3716,-62,9.75,"{""device"":""esp32"",""sensor"":""PR12P210"",""status"":""ok"",""voltage"":1.295,""pressure_kpa"":19.87,""pkt"":3716}",
2026-07-12T23:07:32,esp32,PR12P210,ok,1.283,19.58,3717,-62,9.75,"{""device"":""esp32"",""sensor"":""PR12P210"",""status"":""ok"",""voltage"":1.283,""pressure_kpa"":19.58,""pkt"":3717}",
2026-07-12T23:07:34,esp32,PR12P210,ok,1.284,19.61,3718,-62,9.75,"{""device"":""esp32"",""sensor"":""PR12P210"",""status"":""ok"",""voltage"":1.284,""pressure_kpa"":19.61,""pkt"":3718}",
2026-07-12T23:07:35,esp32,PR12P210,ok,1.288,19.69,3719,-62,10.00,"{""device"":""esp32"",""sensor"":""PR12P210"",""status"":""ok"",""voltage"":1.288,""pressure_kpa"":19.69,""pkt"":3719}",
2026-07-12T23:07:36,esp32,PR12P210,ok,1.24,18.5,3720,-62,10.00,"{""device"":""esp32"",""sensor"":""PR12P210"",""status"":""ok"",""voltage"":1.240,""pressure_kpa"":18.50,""pkt"":3720}",
2026-07-12T23:07:37,esp32,PR12P210,ok,1.282,19.55,3721,-62,9.50,"{""device"":""esp32"",""sensor"":""PR12P210"",""status"":""ok"",""voltage"":1.282,""pressure_kpa"":19.55,""pkt"":3721}",
2026-07-12T23:07:38,esp32,PR12P210,ok,1.24,18.51,3722,-62,9.75,"{""device"":""esp32"",""sensor"":""PR12P210"",""status"":""ok"",""voltage"":1.240,""pressure_kpa"":18.51,""pkt"":3722}",
2026-07-12T23:07:40,esp32,PR12P210,ok,1.29,19.76,3723,-62,10.00,"{""device"":""esp32"",""sensor"":""PR12P210"",""status"":""ok"",""voltage"":1.290,""pressure_kpa"":19.76,""pkt"":3723}",
2026-07-12T23:07:41,esp32,PR12P210,ok,1.239,18.49,3724,-63,9.75,"{""device"":""esp32"",""sensor"":""PR12P210"",""status"":""ok"",""voltage"":1.239,""pressure_kpa"":18.49,""pkt"":3724}",
2026-07-12T23:07:42,esp32,PR12P210,ok,1.289,19.73,3725,-62,10.00,"{""device"":""esp32"",""sensor"":""PR12P210"",""status"":""ok"",""voltage"":1.289,""pressure_kpa"":19.73,""pkt"":3725}",
2026-07-12T23:07:43,esp32,PR12P210,ok,1.266,19.15,3726,-62,9.75,"{""device"":""esp32"",""sensor"":""PR12P210"",""status"":""ok"",""voltage"":1.266,""pressure_kpa"":19.15,""pkt"":3726}",
2026-07-12T23:07:44,esp32,PR12P210,ok,1.295,19.86,3727,-62,9.50,"{""device"":""esp32"",""sensor"":""PR12P210"",""status"":""ok"",""voltage"":1.295,""pressure_kpa"":19.86,""pkt"":3727}",
2026-07-12T23:07:46,esp32,PR12P210,ok,1.291,19.78,3728,-62,9.50,"{""device"":""esp32"",""sensor"":""PR12P210"",""status"":""ok"",""voltage"":1.291,""pressure_kpa"":19.78,""pkt"":3728}",
2026-07-12T23:07:47,esp32,PR12P210,ok,1.238,18.45,3729,-62,10.00,"{""device"":""esp32"",""sensor"":""PR12P210"",""status"":""ok"",""voltage"":1.238,""pressure_kpa"":18.45,""pkt"":3729}",
2026-07-12T23:07:48,esp32,PR12P210,ok,1.286,19.65,3730,-62,10.00,"{""device"":""esp32"",""sensor"":""PR12P210"",""status"":""ok"",""voltage"":1.286,""pressure_kpa"":19.65,""pkt"":3730}",
2026-07-12T23:07:49,esp32,PR12P210,ok,1.285,19.63,3731,-62,9.75,"{""device"":""esp32"",""sensor"":""PR12P210"",""status"":""ok"",""voltage"":1.285,""pressure_kpa"":19.63,""pkt"":3731}",
2026-07-12T23:07:50,esp32,PR12P210,ok,1.24,18.51,3732,-62,9.50,"{""device"":""esp32"",""sensor"":""PR12P210"",""status"":""ok"",""voltage"":1.240,""pressure_kpa"":18.51,""pkt"":3732}",
2026-07-12T23:07:52,esp32,PR12P210,ok,1.291,19.77,3733,-62,10.00,"{""device"":""esp32"",""sensor"":""PR12P210"",""status"":""ok"",""voltage"":1.291,""pressure_kpa"":19.77,""pkt"":3733}",
2026-07-12T23:07:53,esp32,PR12P210,ok,1.267,19.18,3734,-62,9.75,"{""device"":""esp32"",""sensor"":""PR12P210"",""status"":""ok"",""voltage"":1.267,""pressure_kpa"":19.18,""pkt"":3734}",
2026-07-12T23:07:54,esp32,PR12P210,ok,1.257,18.93,3735,-62,10.00,"{""device"":""esp32"",""sensor"":""PR12P210"",""status"":""ok"",""voltage"":1.257,""pressure_kpa"":18.93,""pkt"":3735}",
2026-07-12T23:07:55,esp32,PR12P210,ok,1.293,19.83,3736,-62,10.00,"{""device"":""esp32"",""sensor"":""PR12P210"",""status"":""ok"",""voltage"":1.293,""pressure_kpa"":19.83,""pkt"":3736}",
2026-07-12T23:07:56,esp32,PR12P210,ok,1.267,19.18,3737,-62,9.75,"{""device"":""esp32"",""sensor"":""PR12P210"",""status"":""ok"",""voltage"":1.267,""pressure_kpa"":19.18,""pkt"":3737}",
2026-07-12T23:07:57,esp32,PR12P210,ok,1.256,18.9,3738,-61,9.50,"{""device"":""esp32"",""sensor"":""PR12P210"",""status"":""ok"",""voltage"":1.256,""pressure_kpa"":18.90,""pkt"":3738}",
2026-07-12T23:07:59,esp32,PR12P210,ok,1.294,19.86,3739,-62,10.25,"{""device"":""esp32"",""sensor"":""PR12P210"",""status"":""ok"",""voltage"":1.294,""pressure_kpa"":19.86,""pkt"":3739}",
2026-07-12T23:08:00,esp32,PR12P210,ok,1.255,18.88,3740,-62,10.00,"{""device"":""esp32"",""sensor"":""PR12P210"",""status"":""ok"",""voltage"":1.255,""pressure_kpa"":18.88,""pkt"":3740}",
2026-07-12T23:08:01,esp32,PR12P210,ok,1.298,19.95,3741,-62,10.25,"{""device"":""esp32"",""sensor"":""PR12P210"",""status"":""ok"",""voltage"":1.298,""pressure_kpa"":19.95,""pkt"":3741}",
2026-07-12T23:08:02,esp32,PR12P210,ok,1.289,19.73,3742,-61,9.75,"{""device"":""esp32"",""sensor"":""PR12P210"",""status"":""ok"",""voltage"":1.289,""pressure_kpa"":19.73,""pkt"":3742}",
2026-07-12T23:08:03,esp32,PR12P210,ok,1.241,18.53,3743,-61,10.00,"{""device"":""esp32"",""sensor"":""PR12P210"",""status"":""ok"",""voltage"":1.241,""pressure_kpa"":18.53,""pkt"":3743}",
2026-07-12T23:08:05,esp32,PR12P210,ok,1.294,19.86,3744,-62,10.00,"{""device"":""esp32"",""sensor"":""PR12P210"",""status"":""ok"",""voltage"":1.294,""pressure_kpa"":19.86,""pkt"":3744}",
2026-07-12T23:08:06,esp32,PR12P210,ok,1.288,19.69,3745,-62,10.00,"{""device"":""esp32"",""sensor"":""PR12P210"",""status"":""ok"",""voltage"":1.288,""pressure_kpa"":19.69,""pkt"":3745}",
2026-07-12T23:08:07,esp32,PR12P210,ok,1.24,18.49,3746,-62,10.00,"{""device"":""esp32"",""sensor"":""PR12P210"",""status"":""ok"",""voltage"":1.240,""pressure_kpa"":18.49,""pkt"":3746}",
2026-07-12T23:08:08,esp32,PR12P210,ok,1.29,19.74,3747,-62,10.00,"{""device"":""esp32"",""sensor"":""PR12P210"",""status"":""ok"",""voltage"":1.290,""pressure_kpa"":19.74,""pkt"":3747}",
2026-07-12T23:08:09,esp32,PR12P210,ok,1.252,18.8,3748,-61,9.75,"{""device"":""esp32"",""sensor"":""PR12P210"",""status"":""ok"",""voltage"":1.252,""pressure_kpa"":18.80,""pkt"":3748}",
2026-07-12T23:08:11,esp32,PR12P210,ok,1.295,19.87,3749,-62,10.00,"{""device"":""esp32"",""sensor"":""PR12P210"",""status"":""ok"",""voltage"":1.295,""pressure_kpa"":19.87,""pkt"":3749}",
2026-07-12T23:08:12,esp32,PR12P210,ok,1.291,19.76,3750,-62,10.25,"{""device"":""esp32"",""sensor"":""PR12P210"",""status"":""ok"",""voltage"":1.291,""pressure_kpa"":19.76,""pkt"":3750}",
2026-07-12T23:08:13,esp32,PR12P210,ok,1.237,18.42,3751,-62,9.75,"{""device"":""esp32"",""sensor"":""PR12P210"",""status"":""ok"",""voltage"":1.237,""pressure_kpa"":18.42,""pkt"":3751}",
2026-07-12T23:08:14,esp32,PR12P210,ok,1.29,19.75,3752,-61,10.00,"{""device"":""esp32"",""sensor"":""PR12P210"",""status"":""ok"",""voltage"":1.290,""pressure_kpa"":19.75,""pkt"":3752}",
2026-07-12T23:08:15,esp32,PR12P210,ok,1.287,19.68,3753,-61,10.00,"{""device"":""esp32"",""sensor"":""PR12P210"",""status"":""ok"",""voltage"":1.287,""pressure_kpa"":19.68,""pkt"":3753}",
2026-07-12T23:08:17,esp32,PR12P210,ok,1.252,18.81,3754,-62,9.75,"{""device"":""esp32"",""sensor"":""PR12P210"",""status"":""ok"",""voltage"":1.252,""pressure_kpa"":18.81,""pkt"":3754}",
2026-07-12T23:08:18,esp32,PR12P210,ok,1.289,19.73,3755,-62,10.00,"{""device"":""esp32"",""sensor"":""PR12P210"",""status"":""ok"",""voltage"":1.289,""pressure_kpa"":19.73,""pkt"":3755}",
2026-07-12T23:08:19,esp32,PR12P210,ok,1.242,18.55,3756,-62,10.25,"{""device"":""esp32"",""sensor"":""PR12P210"",""status"":""ok"",""voltage"":1.242,""pressure_kpa"":18.55,""pkt"":3756}",
2026-07-12T23:08:20,esp32,PR12P210,ok,1.287,19.68,3757,-62,9.75,"{""device"":""esp32"",""sensor"":""PR12P210"",""status"":""ok"",""voltage"":1.287,""pressure_kpa"":19.68,""pkt"":3757}",
2026-07-12T23:08:21,esp32,PR12P210,ok,1.251,18.79,3758,-62,9.75,"{""device"":""esp32"",""sensor"":""PR12P210"",""status"":""ok"",""voltage"":1.251,""pressure_kpa"":18.79,""pkt"":3758}",
2026-07-12T23:08:22,esp32,PR12P210,ok,1.286,19.65,3759,-61,10.00,"{""device"":""esp32"",""sensor"":""PR12P210"",""status"":""ok"",""voltage"":1.286,""pressure_kpa"":19.65,""pkt"":3759}",
2026-07-12T23:08:24,esp32,PR12P210,ok,1.265,19.13,3760,-62,10.25,"{""device"":""esp32"",""sensor"":""PR12P210"",""status"":""ok"",""voltage"":1.265,""pressure_kpa"":19.13,""pkt"":3760}",
2026-07-12T23:08:25,esp32,PR12P210,ok,1.295,19.88,3761,-61,9.75,"{""device"":""esp32"",""sensor"":""PR12P210"",""status"":""ok"",""voltage"":1.295,""pressure_kpa"":19.88,""pkt"":3761}",
2026-07-12T23:08:26,esp32,PR12P210,ok,1.287,19.67,3762,-62,9.75,"{""device"":""esp32"",""sensor"":""PR12P210"",""status"":""ok"",""voltage"":1.287,""pressure_kpa"":19.67,""pkt"":3762}",
2026-07-12T23:08:27,esp32,PR12P210,ok,1.246,18.66,3763,-61,10.00,"{""device"":""esp32"",""sensor"":""PR12P210"",""status"":""ok"",""voltage"":1.246,""pressure_kpa"":18.66,""pkt"":3763}",
2026-07-12T23:08:28,esp32,PR12P210,ok,1.291,19.78,3764,-62,9.75,"{""device"":""esp32"",""sensor"":""PR12P210"",""status"":""ok"",""voltage"":1.291,""pressure_kpa"":19.78,""pkt"":3764}",
2026-07-12T23:08:30,esp32,PR12P210,ok,1.237,18.42,3765,-62,10.00,"{""device"":""esp32"",""sensor"":""PR12P210"",""status"":""ok"",""voltage"":1.237,""pressure_kpa"":18.42,""pkt"":3765}",
2026-07-12T23:08:31,esp32,PR12P210,ok,1.291,19.77,3766,-62,10.00,"{""device"":""esp32"",""sensor"":""PR12P210"",""status"":""ok"",""voltage"":1.291,""pressure_kpa"":19.77,""pkt"":3766}",
2026-07-12T23:08:32,esp32,PR12P210,ok,1.289,19.71,3767,-62,9.75,"{""device"":""esp32"",""sensor"":""PR12P210"",""status"":""ok"",""voltage"":1.289,""pressure_kpa"":19.71,""pkt"":3767}",
2026-07-12T23:08:33,esp32,PR12P210,ok,1.24,18.5,3768,-62,9.50,"{""device"":""esp32"",""sensor"":""PR12P210"",""status"":""ok"",""voltage"":1.240,""pressure_kpa"":18.50,""pkt"":3768}",
2026-07-12T23:08:34,esp32,PR12P210,ok,1.29,19.74,3769,-62,10.00,"{""device"":""esp32"",""sensor"":""PR12P210"",""status"":""ok"",""voltage"":1.290,""pressure_kpa"":19.74,""pkt"":3769}",
2026-07-12T23:08:36,esp32,PR12P210,ok,1.271,19.28,3770,-61,9.75,"{""device"":""esp32"",""sensor"":""PR12P210"",""status"":""ok"",""voltage"":1.271,""pressure_kpa"":19.28,""pkt"":3770}",
2026-07-12T23:08:37,esp32,PR12P210,ok,1.254,18.85,3771,-62,9.75,"{""device"":""esp32"",""sensor"":""PR12P210"",""status"":""ok"",""voltage"":1.254,""pressure_kpa"":18.85,""pkt"":3771}",
2026-07-12T23:08:38,esp32,PR12P210,ok,1.292,19.79,3772,-62,10.00,"{""device"":""esp32"",""sensor"":""PR12P210"",""status"":""ok"",""voltage"":1.292,""pressure_kpa"":19.79,""pkt"":3772}",
2026-07-12T23:08:39,esp32,PR12P210,ok,1.264,19.09,3773,-62,10.25,"{""device"":""esp32"",""sensor"":""PR12P210"",""status"":""ok"",""voltage"":1.264,""pressure_kpa"":19.09,""pkt"":3773}",
2026-07-12T23:08:40,esp32,PR12P210,ok,1.263,19.07,3774,-62,9.50,"{""device"":""esp32"",""sensor"":""PR12P210"",""status"":""ok"",""voltage"":1.263,""pressure_kpa"":19.07,""pkt"":3774}",
2026-07-12T23:08:42,esp32,PR12P210,ok,1.289,19.72,3775,-62,9.75,"{""device"":""esp32"",""sensor"":""PR12P210"",""status"":""ok"",""voltage"":1.289,""pressure_kpa"":19.72,""pkt"":3775}",
2026-07-12T23:08:43,esp32,PR12P210,ok,1.254,18.85,3776,-62,10.00,"{""device"":""esp32"",""sensor"":""PR12P210"",""status"":""ok"",""voltage"":1.254,""pressure_kpa"":18.85,""pkt"":3776}",
2026-07-12T23:08:44,esp32,PR12P210,ok,1.294,19.85,3777,-62,9.50,"{""device"":""esp32"",""sensor"":""PR12P210"",""status"":""ok"",""voltage"":1.294,""pressure_kpa"":19.85,""pkt"":3777}",
2026-07-12T23:08:45,esp32,PR12P210,ok,1.289,19.73,3778,-61,9.25,"{""device"":""esp32"",""sensor"":""PR12P210"",""status"":""ok"",""voltage"":1.289,""pressure_kpa"":19.73,""pkt"":3778}",
2026-07-12T23:08:46,esp32,PR12P210,ok,1.241,18.52,3779,-62,10.00,"{""device"":""esp32"",""sensor"":""PR12P210"",""status"":""ok"",""voltage"":1.241,""pressure_kpa"":18.52,""pkt"":3779}",
2026-07-12T23:08:48,esp32,PR12P210,ok,1.29,19.76,3780,-62,9.75,"{""device"":""esp32"",""sensor"":""PR12P210"",""status"":""ok"",""voltage"":1.290,""pressure_kpa"":19.76,""pkt"":3780}",
2026-07-12T23:08:49,esp32,PR12P210,ok,1.287,19.67,3781,-62,9.50,"{""device"":""esp32"",""sensor"":""PR12P210"",""status"":""ok"",""voltage"":1.287,""pressure_kpa"":19.67,""pkt"":3781}",
2026-07-12T23:08:50,esp32,PR12P210,ok,1.233,18.33,3782,-62,9.50,"{""device"":""esp32"",""sensor"":""PR12P210"",""status"":""ok"",""voltage"":1.233,""pressure_kpa"":18.33,""pkt"":3782}",
2026-07-12T23:08:51,esp32,PR12P210,ok,1.29,19.74,3783,-62,10.25,"{""device"":""esp32"",""sensor"":""PR12P210"",""status"":""ok"",""voltage"":1.290,""pressure_kpa"":19.74,""pkt"":3783}",
2026-07-12T23:08:52,esp32,PR12P210,ok,1.268,19.21,3784,-62,9.50,"{""device"":""esp32"",""sensor"":""PR12P210"",""status"":""ok"",""voltage"":1.268,""pressure_kpa"":19.21,""pkt"":3784}",
2026-07-12T23:08:53,esp32,PR12P210,ok,1.296,19.89,3785,-62,10.00,"{""device"":""esp32"",""sensor"":""PR12P210"",""status"":""ok"",""voltage"":1.296,""pressure_kpa"":19.89,""pkt"":3785}",
2026-07-12T23:08:55,esp32,PR12P210,ok,1.288,19.71,3786,-62,9.75,"{""device"":""esp32"",""sensor"":""PR12P210"",""status"":""ok"",""voltage"":1.288,""pressure_kpa"":19.71,""pkt"":3786}",
2026-07-12T23:08:56,esp32,PR12P210,ok,1.237,18.42,3787,-62,9.75,"{""device"":""esp32"",""sensor"":""PR12P210"",""status"":""ok"",""voltage"":1.237,""pressure_kpa"":18.42,""pkt"":3787}",
2026-07-12T23:08:57,esp32,PR12P210,ok,1.285,19.63,3788,-61,9.50,"{""device"":""esp32"",""sensor"":""PR12P210"",""status"":""ok"",""voltage"":1.285,""pressure_kpa"":19.63,""pkt"":3788}",
2026-07-12T23:08:58,esp32,PR12P210,ok,1.256,18.89,3789,-61,10.25,"{""device"":""esp32"",""sensor"":""PR12P210"",""status"":""ok"",""voltage"":1.256,""pressure_kpa"":18.89,""pkt"":3789}",
2026-07-12T23:08:59,esp32,PR12P210,ok,1.289,19.73,3790,-62,10.25,"{""device"":""esp32"",""sensor"":""PR12P210"",""status"":""ok"",""voltage"":1.289,""pressure_kpa"":19.73,""pkt"":3790}",
2026-07-12T23:09:01,esp32,PR12P210,ok,1.274,19.35,3791,-61,9.75,"{""device"":""esp32"",""sensor"":""PR12P210"",""status"":""ok"",""voltage"":1.274,""pressure_kpa"":19.35,""pkt"":3791}",
2026-07-12T23:09:02,esp32,PR12P210,ok,1.295,19.87,3792,-61,9.50,"{""device"":""esp32"",""sensor"":""PR12P210"",""status"":""ok"",""voltage"":1.295,""pressure_kpa"":19.87,""pkt"":3792}",
2026-07-12T23:09:03,esp32,PR12P210,ok,1.286,19.65,3793,-62,10.00,"{""device"":""esp32"",""sensor"":""PR12P210"",""status"":""ok"",""voltage"":1.286,""pressure_kpa"":19.65,""pkt"":3793}",
2026-07-12T23:09:04,esp32,PR12P210,ok,1.239,18.46,3794,-62,9.75,"{""device"":""esp32"",""sensor"":""PR12P210"",""status"":""ok"",""voltage"":1.239,""pressure_kpa"":18.46,""pkt"":3794}",
2026-07-12T23:09:05,esp32,PR12P210,ok,1.284,19.6,3795,-62,9.75,"{""device"":""esp32"",""sensor"":""PR12P210"",""status"":""ok"",""voltage"":1.284,""pressure_kpa"":19.60,""pkt"":3795}",
2026-07-12T23:09:07,esp32,PR12P210,ok,1.271,19.27,3796,-62,10.25,"{""device"":""esp32"",""sensor"":""PR12P210"",""status"":""ok"",""voltage"":1.271,""pressure_kpa"":19.27,""pkt"":3796}",
2026-07-12T23:09:08,esp32,PR12P210,ok,1.265,19.13,3797,-62,9.50,"{""device"":""esp32"",""sensor"":""PR12P210"",""status"":""ok"",""voltage"":1.265,""pressure_kpa"":19.13,""pkt"":3797}",
2026-07-12T23:09:09,esp32,PR12P210,ok,1.289,19.72,3798,-61,10.00,"{""device"":""esp32"",""sensor"":""PR12P210"",""status"":""ok"",""voltage"":1.289,""pressure_kpa"":19.72,""pkt"":3798}",
2026-07-12T23:09:10,esp32,PR12P210,ok,1.249,18.74,3799,-62,9.75,"{""device"":""esp32"",""sensor"":""PR12P210"",""status"":""ok"",""voltage"":1.249,""pressure_kpa"":18.74,""pkt"":3799}",
2026-07-12T23:09:11,esp32,PR12P210,ok,1.296,19.91,3800,-62,10.00,"{""device"":""esp32"",""sensor"":""PR12P210"",""status"":""ok"",""voltage"":1.296,""pressure_kpa"":19.91,""pkt"":3800}",
2026-07-12T23:09:13,esp32,PR12P210,ok,1.286,19.64,3801,-62,10.00,"{""device"":""esp32"",""sensor"":""PR12P210"",""status"":""ok"",""voltage"":1.286,""pressure_kpa"":19.64,""pkt"":3801}",
2026-07-12T23:09:14,esp32,PR12P210,ok,1.242,18.54,3802,-61,9.75,"{""device"":""esp32"",""sensor"":""PR12P210"",""status"":""ok"",""voltage"":1.242,""pressure_kpa"":18.54,""pkt"":3802}",
2026-07-12T23:09:15,esp32,PR12P210,ok,1.291,19.78,3803,-61,10.00,"{""device"":""esp32"",""sensor"":""PR12P210"",""status"":""ok"",""voltage"":1.291,""pressure_kpa"":19.78,""pkt"":3803}",
2026-07-12T23:09:16,esp32,PR12P210,ok,1.28,19.49,3804,-62,9.75,"{""device"":""esp32"",""sensor"":""PR12P210"",""status"":""ok"",""voltage"":1.280,""pressure_kpa"":19.49,""pkt"":3804}",
2026-07-12T23:09:17,esp32,PR12P210,ok,1.236,18.41,3805,-62,10.00,"{""device"":""esp32"",""sensor"":""PR12P210"",""status"":""ok"",""voltage"":1.236,""pressure_kpa"":18.41,""pkt"":3805}",
2026-07-12T23:09:19,esp32,PR12P210,ok,1.284,19.6,3806,-62,10.00,"{""device"":""esp32"",""sensor"":""PR12P210"",""status"":""ok"",""voltage"":1.284,""pressure_kpa"":19.60,""pkt"":3806}",
2026-07-12T23:09:20,esp32,PR12P210,ok,1.283,19.57,3807,-62,9.75,"{""device"":""esp32"",""sensor"":""PR12P210"",""status"":""ok"",""voltage"":1.283,""pressure_kpa"":19.57,""pkt"":3807}",
2026-07-12T23:09:21,esp32,PR12P210,ok,1.241,18.53,3808,-62,9.75,"{""device"":""esp32"",""sensor"":""PR12P210"",""status"":""ok"",""voltage"":1.241,""pressure_kpa"":18.53,""pkt"":3808}",
2026-07-12T23:09:22,esp32,PR12P210,ok,1.289,19.71,3809,-62,8.00,"{""device"":""esp32"",""sensor"":""PR12P210"",""status"":""ok"",""voltage"":1.289,""pressure_kpa"":19.71,""pkt"":3809}",
2026-07-12T23:09:23,esp32,PR12P210,ok,1.287,19.68,3810,-62,9.75,"{""device"":""esp32"",""sensor"":""PR12P210"",""status"":""ok"",""voltage"":1.287,""pressure_kpa"":19.68,""pkt"":3810}",
2026-07-12T23:09:24,esp32,PR12P210,ok,1.243,18.58,3811,-62,9.75,"{""device"":""esp32"",""sensor"":""PR12P210"",""status"":""ok"",""voltage"":1.243,""pressure_kpa"":18.58,""pkt"":3811}",
2026-07-12T23:09:26,esp32,PR12P210,ok,1.29,19.76,3812,-61,10.00,"{""device"":""esp32"",""sensor"":""PR12P210"",""status"":""ok"",""voltage"":1.290,""pressure_kpa"":19.76,""pkt"":3812}",
2026-07-12T23:09:27,esp32,PR12P210,ok,1.284,19.59,3813,-61,9.75,"{""device"":""esp32"",""sensor"":""PR12P210"",""status"":""ok"",""voltage"":1.284,""pressure_kpa"":19.59,""pkt"":3813}",
2026-07-12T23:09:28,esp32,PR12P210,ok,1.243,18.58,3814,-62,10.00,"{""device"":""esp32"",""sensor"":""PR12P210"",""status"":""ok"",""voltage"":1.243,""pressure_kpa"":18.58,""pkt"":3814}",
2026-07-12T23:09:29,esp32,PR12P210,ok,1.289,19.72,3815,-62,9.75,"{""device"":""esp32"",""sensor"":""PR12P210"",""status"":""ok"",""voltage"":1.289,""pressure_kpa"":19.72,""pkt"":3815}",
2026-07-12T23:09:30,esp32,PR12P210,ok,1.286,19.66,3816,-61,10.25,"{""device"":""esp32"",""sensor"":""PR12P210"",""status"":""ok"",""voltage"":1.286,""pressure_kpa"":19.66,""pkt"":3816}",
2026-07-12T23:09:32,esp32,PR12P210,ok,1.236,18.39,3817,-61,10.00,"{""device"":""esp32"",""sensor"":""PR12P210"",""status"":""ok"",""voltage"":1.236,""pressure_kpa"":18.39,""pkt"":3817}",
2026-07-12T23:09:33,,,,,,,-61,8.00,"{""device"":""esp32"",""sensor"":""PR12P210"",""status"":*ok"",""voltage"":1.291,""pressure_kpa"":19.78,""pkt"":3818}",Expecting value: line 1 column 48 (char 47)
2026-07-12T23:09:34,esp32,PR12P210,ok,1.259,18.97,3819,-61,10.00,"{""device"":""esp32"",""sensor"":""PR12P210"",""status"":""ok"",""voltage"":1.259,""pressure_kpa"":18.97,""pkt"":3819}",
2026-07-12T23:09:35,esp32,PR12P210,ok,1.29,19.75,3820,-62,10.25,"{""device"":""esp32"",""sensor"":""PR12P210"",""status"":""ok"",""voltage"":1.290,""pressure_kpa"":19.75,""pkt"":3820}",
2026-07-12T23:09:36,esp32,PR12P210,ok,1.281,19.52,3821,-61,9.75,"{""device"":""esp32"",""sensor"":""PR12P210"",""status"":""ok"",""voltage"":1.281,""pressure_kpa"":19.52,""pkt"":3821}",
2026-07-12T23:09:38,esp32,PR12P210,ok,1.242,18.54,3822,-62,9.75,"{""device"":""esp32"",""sensor"":""PR12P210"",""status"":""ok"",""voltage"":1.242,""pressure_kpa"":18.54,""pkt"":3822}",
2026-07-12T23:09:39,esp32,PR12P210,ok,1.288,19.69,3823,-62,8.00,"{""device"":""esp32"",""sensor"":""PR12P210"",""status"":""ok"",""voltage"":1.288,""pressure_kpa"":19.69,""pkt"":3823}",
2026-07-12T23:09:40,esp32,PR12P210,ok,1.248,18.69,3824,-62,9.75,"{""device"":""esp32"",""sensor"":""PR12P210"",""status"":""ok"",""voltage"":1.248,""pressure_kpa"":18.69,""pkt"":3824}",
2026-07-12T23:09:41,esp32,PR12P210,ok,1.291,19.76,3825,-62,10.00,"{""device"":""esp32"",""sensor"":""PR12P210"",""status"":""ok"",""voltage"":1.291,""pressure_kpa"":19.76,""pkt"":3825}",
2026-07-12T23:09:42,esp32,PR12P210,ok,1.28,19.5,3826,-62,9.75,"{""device"":""esp32"",""sensor"":""PR12P210"",""status"":""ok"",""voltage"":1.280,""pressure_kpa"":19.50,""pkt"":3826}",
2026-07-12T23:09:44,esp32,PR12P210,ok,1.264,19.1,3827,-62,9.75,"{""device"":""esp32"",""sensor"":""PR12P210"",""status"":""ok"",""voltage"":1.264,""pressure_kpa"":19.10,""pkt"":3827}",
2026-07-12T23:09:45,esp32,PR12P210,ok,1.288,19.71,3828,-62,9.50,"{""device"":""esp32"",""sensor"":""PR12P210"",""status"":""ok"",""voltage"":1.288,""pressure_kpa"":19.71,""pkt"":3828}",
2026-07-12T23:09:46,esp32,PR12P210,ok,1.237,18.42,3829,-62,10.25,"{""device"":""esp32"",""sensor"":""PR12P210"",""status"":""ok"",""voltage"":1.237,""pressure_kpa"":18.42,""pkt"":3829}",
2026-07-12T23:09:47,esp32,PR12P210,ok,1.286,19.66,3830,-62,10.00,"{""device"":""esp32"",""sensor"":""PR12P210"",""status"":""ok"",""voltage"":1.286,""pressure_kpa"":19.66,""pkt"":3830}",
2026-07-12T23:09:48,esp32,PR12P210,ok,1.246,18.65,3831,-61,10.00,"{""device"":""esp32"",""sensor"":""PR12P210"",""status"":""ok"",""voltage"":1.246,""pressure_kpa"":18.65,""pkt"":3831}",
2026-07-12T23:09:50,esp32,PR12P210,ok,1.288,19.69,3832,-62,9.75,"{""device"":""esp32"",""sensor"":""PR12P210"",""status"":""ok"",""voltage"":1.288,""pressure_kpa"":19.69,""pkt"":3832}",
2026-07-12T23:09:51,esp32,PR12P210,ok,1.265,19.13,3833,-61,10.00,"{""device"":""esp32"",""sensor"":""PR12P210"",""status"":""ok"",""voltage"":1.265,""pressure_kpa"":19.13,""pkt"":3833}",
2026-07-12T23:09:52,esp32,PR12P210,ok,1.291,19.76,3834,-62,9.75,"{""device"":""esp32"",""sensor"":""PR12P210"",""status"":""ok"",""voltage"":1.291,""pressure_kpa"":19.76,""pkt"":3834}",
2026-07-12T23:09:53,esp32,PR12P210,ok,1.274,19.36,3835,-62,9.75,"{""device"":""esp32"",""sensor"":""PR12P210"",""status"":""ok"",""voltage"":1.274,""pressure_kpa"":19.36,""pkt"":3835}",
2026-07-12T23:09:54,esp32,PR12P210,ok,1.295,19.86,3836,-62,10.00,"{""device"":""esp32"",""sensor"":""PR12P210"",""status"":""ok"",""voltage"":1.295,""pressure_kpa"":19.86,""pkt"":3836}",
2026-07-12T23:09:57,esp32,PR12P210,ok,1.294,19.85,3838,-61,9.75,"{""device"":""esp32"",""sensor"":""PR12P210"",""status"":""ok"",""voltage"":1.294,""pressure_kpa"":19.85,""pkt"":3838}",
2026-07-12T23:09:58,esp32,PR12P210,ok,1.287,19.67,3839,-61,10.00,"{""device"":""esp32"",""sensor"":""PR12P210"",""status"":""ok"",""voltage"":1.287,""pressure_kpa"":19.67,""pkt"":3839}",
2026-07-12T23:09:59,esp32,PR12P210,ok,1.243,18.58,3840,-61,10.25,"{""device"":""esp32"",""sensor"":""PR12P210"",""status"":""ok"",""voltage"":1.243,""pressure_kpa"":18.58,""pkt"":3840}",
2026-07-12T23:10:00,esp32,PR12P210,ok,1.287,19.67,3841,-62,10.00,"{""device"":""esp32"",""sensor"":""PR12P210"",""status"":""ok"",""voltage"":1.287,""pressure_kpa"":19.67,""pkt"":3841}",
2026-07-12T23:10:01,esp32,PR12P210,ok,1.244,18.61,3842,-61,10.00,"{""device"":""esp32"",""sensor"":""PR12P210"",""status"":""ok"",""voltage"":1.244,""pressure_kpa"":18.61,""pkt"":3842}",
2026-07-12T23:10:03,esp32,PR12P210,ok,1.287,19.66,3843,-61,10.00,"{""device"":""esp32"",""sensor"":""PR12P210"",""status"":""ok"",""voltage"":1.287,""pressure_kpa"":19.66,""pkt"":3843}",
2026-07-12T23:10:04,esp32,PR12P210,ok,1.285,19.62,3844,-62,10.00,"{""device"":""esp32"",""sensor"":""PR12P210"",""status"":""ok"",""voltage"":1.285,""pressure_kpa"":19.62,""pkt"":3844}",
2026-07-12T23:10:05,esp32,PR12P210,ok,1.239,18.47,3845,-62,10.00,"{""device"":""esp32"",""sensor"":""PR12P210"",""status"":""ok"",""voltage"":1.239,""pressure_kpa"":18.47,""pkt"":3845}",
2026-07-12T23:10:06,esp32,PR12P210,ok,1.288,19.7,3846,-62,10.00,"{""device"":""esp32"",""sensor"":""PR12P210"",""status"":""ok"",""voltage"":1.288,""pressure_kpa"":19.70,""pkt"":3846}",
2026-07-12T23:10:07,esp32,PR12P210,ok,1.273,19.33,3847,-62,9.50,"{""device"":""esp32"",""sensor"":""PR12P210"",""status"":""ok"",""voltage"":1.273,""pressure_kpa"":19.33,""pkt"":3847}",
2026-07-12T23:10:09,esp32,PR12P210,ok,1.258,18.94,3848,-61,9.75,"{""device"":""esp32"",""sensor"":""PR12P210"",""status"":""ok"",""voltage"":1.258,""pressure_kpa"":18.94,""pkt"":3848}",
2026-07-12T23:10:10,esp32,PR12P210,ok,1.287,19.67,3849,-61,10.25,"{""device"":""esp32"",""sensor"":""PR12P210"",""status"":""ok"",""voltage"":1.287,""pressure_kpa"":19.67,""pkt"":3849}",
2026-07-12T23:10:11,esp32,PR12P210,ok,1.251,18.77,3850,-61,10.50,"{""device"":""esp32"",""sensor"":""PR12P210"",""status"":""ok"",""voltage"":1.251,""pressure_kpa"":18.77,""pkt"":3850}",
2026-07-12T23:10:12,esp32,PR12P210,ok,1.287,19.69,3851,-61,9.75,"{""device"":""esp32"",""sensor"":""PR12P210"",""status"":""ok"",""voltage"":1.287,""pressure_kpa"":19.69,""pkt"":3851}",
2026-07-12T23:10:13,esp32,PR12P210,ok,1.282,19.54,3852,-61,10.00,"{""device"":""esp32"",""sensor"":""PR12P210"",""status"":""ok"",""voltage"":1.282,""pressure_kpa"":19.54,""pkt"":3852}",
2026-07-12T23:10:15,esp32,PR12P210,ok,1.234,18.35,3853,-61,10.25,"{""device"":""esp32"",""sensor"":""PR12P210"",""status"":""ok"",""voltage"":1.234,""pressure_kpa"":18.35,""pkt"":3853}",
2026-07-12T23:10:17,esp32,PR12P210,ok,1.255,18.86,3855,-61,10.25,"{""device"":""esp32"",""sensor"":""PR12P210"",""status"":""ok"",""voltage"":1.255,""pressure_kpa"":18.86,""pkt"":3855}",
2026-07-12T23:10:18,esp32,PR12P210,ok,1.284,19.61,3856,-61,10.50,"{""device"":""esp32"",""sensor"":""PR12P210"",""status"":""ok"",""voltage"":1.284,""pressure_kpa"":19.61,""pkt"":3856}",
2026-07-12T23:10:19,esp32,PR12P210,ok,1.281,19.53,3857,-62,9.50,"{""device"":""esp32"",""sensor"":""PR12P210"",""status"":""ok"",""voltage"":1.281,""pressure_kpa"":19.53,""pkt"":3857}",
2026-07-12T23:10:21,esp32,PR12P210,ok,1.239,18.48,3858,-61,9.75,"{""device"":""esp32"",""sensor"":""PR12P210"",""status"":""ok"",""voltage"":1.239,""pressure_kpa"":18.48,""pkt"":3858}",
2026-07-12T23:10:22,esp32,PR12P210,ok,1.287,19.67,3859,-61,10.00,"{""device"":""esp32"",""sensor"":""PR12P210"",""status"":""ok"",""voltage"":1.287,""pressure_kpa"":19.67,""pkt"":3859}",
2026-07-12T23:10:23,esp32,PR12P210,ok,1.265,19.12,3860,-62,9.75,"{""device"":""esp32"",""sensor"":""PR12P210"",""status"":""ok"",""voltage"":1.265,""pressure_kpa"":19.12,""pkt"":3860}",
2026-07-12T23:10:24,esp32,PR12P210,ok,1.24,18.5,3861,-62,9.75,"{""device"":""esp32"",""sensor"":""PR12P210"",""status"":""ok"",""voltage"":1.240,""pressure_kpa"":18.50,""pkt"":3861}",
2026-07-12T23:10:25,esp32,PR12P210,ok,1.287,19.67,3862,-62,10.00,"{""device"":""esp32"",""sensor"":""PR12P210"",""status"":""ok"",""voltage"":1.287,""pressure_kpa"":19.67,""pkt"":3862}",
2026-07-12T23:10:26,esp32,PR12P210,ok,1.28,19.49,3863,-61,9.75,"{""device"":""esp32"",""sensor"":""PR12P210"",""status"":""ok"",""voltage"":1.280,""pressure_kpa"":19.49,""pkt"":3863}",
2026-07-12T23:10:28,esp32,PR12P210,ok,1.236,18.4,3864,-61,9.50,"{""device"":""esp32"",""sensor"":""PR12P210"",""status"":""ok"",""voltage"":1.236,""pressure_kpa"":18.40,""pkt"":3864}",
2026-07-12T23:10:29,esp32,PR12P210,ok,1.292,19.79,3865,-62,9.75,"{""device"":""esp32"",""sensor"":""PR12P210"",""status"":""ok"",""voltage"":1.292,""pressure_kpa"":19.79,""pkt"":3865}",
2026-07-12T23:10:30,esp32,PR12P210,ok,1.287,19.68,3866,-62,9.75,"{""device"":""esp32"",""sensor"":""PR12P210"",""status"":""ok"",""voltage"":1.287,""pressure_kpa"":19.68,""pkt"":3866}",
2026-07-12T23:10:31,esp32,PR12P210,ok,1.256,18.9,3867,-62,9.50,"{""device"":""esp32"",""sensor"":""PR12P210"",""status"":""ok"",""voltage"":1.256,""pressure_kpa"":18.90,""pkt"":3867}",
2026-07-12T23:10:32,esp32,PR12P210,ok,1.283,19.57,3868,-62,9.75,"{""device"":""esp32"",""sensor"":""PR12P210"",""status"":""ok"",""voltage"":1.283,""pressure_kpa"":19.57,""pkt"":3868}",
2026-07-12T23:10:34,esp32,PR12P210,ok,1.291,19.78,3869,-62,10.25,"{""device"":""esp32"",""sensor"":""PR12P210"",""status"":""ok"",""voltage"":1.291,""pressure_kpa"":19.78,""pkt"":3869}",
2026-07-12T23:10:35,esp32,PR12P210,ok,1.246,18.66,3870,-61,10.25,"{""device"":""esp32"",""sensor"":""PR12P210"",""status"":""ok"",""voltage"":1.246,""pressure_kpa"":18.66,""pkt"":3870}",
2026-07-12T23:10:36,esp32,PR12P210,ok,1.29,19.75,3871,-62,9.75,"{""device"":""esp32"",""sensor"":""PR12P210"",""status"":""ok"",""voltage"":1.290,""pressure_kpa"":19.75,""pkt"":3871}",
2026-07-12T23:10:37,esp32,PR12P210,ok,1.285,19.62,3872,-61,9.75,"{""device"":""esp32"",""sensor"":""PR12P210"",""status"":""ok"",""voltage"":1.285,""pressure_kpa"":19.62,""pkt"":3872}",
2026-07-12T23:10:38,esp32,PR12P210,ok,1.25,18.75,3873,-61,9.75,"{""device"":""esp32"",""sensor"":""PR12P210"",""status"":""ok"",""voltage"":1.250,""pressure_kpa"":18.75,""pkt"":3873}",
2026-07-12T23:10:40,esp32,PR12P210,ok,1.283,19.58,3874,-62,9.50,"{""device"":""esp32"",""sensor"":""PR12P210"",""status"":""ok"",""voltage"":1.283,""pressure_kpa"":19.58,""pkt"":3874}",
2026-07-12T23:10:41,esp32,PR12P210,ok,1.235,18.37,3875,-62,9.75,"{""device"":""esp32"",""sensor"":""PR12P210"",""status"":""ok"",""voltage"":1.235,""pressure_kpa"":18.37,""pkt"":3875}",
2026-07-12T23:10:42,esp32,PR12P210,ok,1.278,19.46,3876,-62,10.00,"{""device"":""esp32"",""sensor"":""PR12P210"",""status"":""ok"",""voltage"":1.278,""pressure_kpa"":19.46,""pkt"":3876}",
2026-07-12T23:10:43,esp32,PR12P210,ok,1.244,18.61,3877,-62,9.75,"{""device"":""esp32"",""sensor"":""PR12P210"",""status"":""ok"",""voltage"":1.244,""pressure_kpa"":18.61,""pkt"":3877}",
2026-07-12T23:10:44,esp32,PR12P210,ok,1.285,19.63,3878,-61,9.25,"{""device"":""esp32"",""sensor"":""PR12P210"",""status"":""ok"",""voltage"":1.285,""pressure_kpa"":19.63,""pkt"":3878}",
2026-07-12T23:10:46,esp32,PR12P210,ok,1.288,19.7,3879,-62,10.00,"{""device"":""esp32"",""sensor"":""PR12P210"",""status"":""ok"",""voltage"":1.288,""pressure_kpa"":19.70,""pkt"":3879}",
2026-07-12T23:10:47,esp32,PR12P210,ok,1.285,19.62,3880,-62,10.00,"{""device"":""esp32"",""sensor"":""PR12P210"",""status"":""ok"",""voltage"":1.285,""pressure_kpa"":19.62,""pkt"":3880}",
2026-07-12T23:10:48,esp32,PR12P210,ok,1.291,19.78,3881,-61,9.75,"{""device"":""esp32"",""sensor"":""PR12P210"",""status"":""ok"",""voltage"":1.291,""pressure_kpa"":19.78,""pkt"":3881}",
2026-07-12T23:10:49,esp32,PR12P210,ok,1.268,19.19,3882,-62,9.50,"{""device"":""esp32"",""sensor"":""PR12P210"",""status"":""ok"",""voltage"":1.268,""pressure_kpa"":19.19,""pkt"":3882}",
2026-07-12T23:10:50,esp32,PR12P210,ok,1.288,19.7,3883,-61,10.25,"{""device"":""esp32"",""sensor"":""PR12P210"",""status"":""ok"",""voltage"":1.288,""pressure_kpa"":19.70,""pkt"":3883}",
2026-07-12T23:10:52,esp32,PR12P210,ok,1.258,18.95,3884,-61,10.00,"{""device"":""esp32"",""sensor"":""PR12P210"",""status"":""ok"",""voltage"":1.258,""pressure_kpa"":18.95,""pkt"":3884}",
2026-07-12T23:10:53,esp32,PR12P210,ok,1.29,19.75,3885,-62,9.50,"{""device"":""esp32"",""sensor"":""PR12P210"",""status"":""ok"",""voltage"":1.290,""pressure_kpa"":19.75,""pkt"":3885}",
2026-07-12T23:10:54,esp32,PR12P210,ok,1.282,19.55,3886,-62,9.75,"{""device"":""esp32"",""sensor"":""PR12P210"",""status"":""ok"",""voltage"":1.282,""pressure_kpa"":19.55,""pkt"":3886}",
2026-07-12T23:10:55,esp32,PR12P210,ok,1.283,19.57,3887,-62,9.50,"{""device"":""esp32"",""sensor"":""PR12P210"",""status"":""ok"",""voltage"":1.283,""pressure_kpa"":19.57,""pkt"":3887}",
2026-07-12T23:10:56,esp32,PR12P210,ok,1.282,19.56,3888,-61,9.75,"{""device"":""esp32"",""sensor"":""PR12P210"",""status"":""ok"",""voltage"":1.282,""pressure_kpa"":19.56,""pkt"":3888}",
2026-07-12T23:10:57,esp32,PR12P210,ok,1.237,18.43,3889,-61,10.00,"{""device"":""esp32"",""sensor"":""PR12P210"",""status"":""ok"",""voltage"":1.237,""pressure_kpa"":18.43,""pkt"":3889}",
2026-07-12T23:10:59,esp32,PR12P210,ok,1.283,19.59,3890,-62,10.00,"{""device"":""esp32"",""sensor"":""PR12P210"",""status"":""ok"",""voltage"":1.283,""pressure_kpa"":19.59,""pkt"":3890}",
2026-07-12T23:11:00,esp32,PR12P210,ok,1.241,18.52,3891,-62,10.00,"{""device"":""esp32"",""sensor"":""PR12P210"",""status"":""ok"",""voltage"":1.241,""pressure_kpa"":18.52,""pkt"":3891}",
2026-07-12T23:11:01,esp32,PR12P210,ok,1.284,19.61,3892,-61,10.00,"{""device"":""esp32"",""sensor"":""PR12P210"",""status"":""ok"",""voltage"":1.284,""pressure_kpa"":19.61,""pkt"":3892}",
2026-07-12T23:11:02,esp32,PR12P210,ok,1.264,19.11,3893,-62,10.00,"{""device"":""esp32"",""sensor"":""PR12P210"",""status"":""ok"",""voltage"":1.264,""pressure_kpa"":19.11,""pkt"":3893}",
2026-07-12T23:11:03,esp32,PR12P210,ok,1.293,19.84,3894,-62,10.00,"{""device"":""esp32"",""sensor"":""PR12P210"",""status"":""ok"",""voltage"":1.293,""pressure_kpa"":19.84,""pkt"":3894}",
2026-07-12T23:11:05,esp32,PR12P210,ok,1.285,19.63,3895,-62,10.50,"{""device"":""esp32"",""sensor"":""PR12P210"",""status"":""ok"",""voltage"":1.285,""pressure_kpa"":19.63,""pkt"":3895}",
2026-07-12T23:11:06,esp32,PR12P210,ok,1.23,18.24,3896,-62,10.25,"{""device"":""esp32"",""sensor"":""PR12P210"",""status"":""ok"",""voltage"":1.230,""pressure_kpa"":18.24,""pkt"":3896}",
2026-07-12T23:11:07,esp32,PR12P210,ok,1.289,19.73,3897,-61,9.75,"{""device"":""esp32"",""sensor"":""PR12P210"",""status"":""ok"",""voltage"":1.289,""pressure_kpa"":19.73,""pkt"":3897}",
2026-07-12T23:11:08,esp32,PR12P210,ok,1.273,19.32,3898,-61,9.75,"{""device"":""esp32"",""sensor"":""PR12P210"",""status"":""ok"",""voltage"":1.273,""pressure_kpa"":19.32,""pkt"":3898}",
2026-07-12T23:11:09,esp32,PR12P210,ok,1.241,18.52,3899,-61,9.50,"{""device"":""esp32"",""sensor"":""PR12P210"",""status"":""ok"",""voltage"":1.241,""pressure_kpa"":18.52,""pkt"":3899}",
2026-07-12T23:11:11,esp32,PR12P210,ok,1.286,19.65,3900,-61,10.25,"{""device"":""esp32"",""sensor"":""PR12P210"",""status"":""ok"",""voltage"":1.286,""pressure_kpa"":19.65,""pkt"":3900}",
2026-07-12T23:11:12,esp32,PR12P210,ok,1.272,19.29,3901,-62,10.00,"{""device"":""esp32"",""sensor"":""PR12P210"",""status"":""ok"",""voltage"":1.272,""pressure_kpa"":19.29,""pkt"":3901}",
2026-07-12T23:11:13,esp32,PR12P210,ok,1.249,18.73,3902,-61,10.00,"{""device"":""esp32"",""sensor"":""PR12P210"",""status"":""ok"",""voltage"":1.249,""pressure_kpa"":18.73,""pkt"":3902}",
2026-07-12T23:11:14,esp32,PR12P210,ok,1.288,19.7,3903,-61,10.25,"{""device"":""esp32"",""sensor"":""PR12P210"",""status"":""ok"",""voltage"":1.288,""pressure_kpa"":19.70,""pkt"":3903}",
2026-07-12T23:11:15,esp32,PR12P210,ok,1.256,18.91,3904,-62,9.50,"{""device"":""esp32"",""sensor"":""PR12P210"",""status"":""ok"",""voltage"":1.256,""pressure_kpa"":18.91,""pkt"":3904}",
2026-07-12T23:11:17,esp32,PR12P210,ok,1.249,18.74,3905,-62,10.25,"{""device"":""esp32"",""sensor"":""PR12P210"",""status"":""ok"",""voltage"":1.249,""pressure_kpa"":18.74,""pkt"":3905}",
2026-07-12T23:11:18,esp32,PR12P210,ok,1.288,19.7,3906,-62,10.00,"{""device"":""esp32"",""sensor"":""PR12P210"",""status"":""ok"",""voltage"":1.288,""pressure_kpa"":19.70,""pkt"":3906}",
2026-07-12T23:11:19,esp32,PR12P210,ok,1.254,18.85,3907,-62,9.75,"{""device"":""esp32"",""sensor"":""PR12P210"",""status"":""ok"",""voltage"":1.254,""pressure_kpa"":18.85,""pkt"":3907}",
2026-07-12T23:11:20,esp32,PR12P210,ok,1.253,18.81,3908,-62,9.75,"{""device"":""esp32"",""sensor"":""PR12P210"",""status"":""ok"",""voltage"":1.253,""pressure_kpa"":18.81,""pkt"":3908}",
2026-07-12T23:11:21,esp32,PR12P210,ok,1.285,19.64,3909,-61,10.00,"{""device"":""esp32"",""sensor"":""PR12P210"",""status"":""ok"",""voltage"":1.285,""pressure_kpa"":19.64,""pkt"":3909}",
2026-07-12T23:11:22,esp32,PR12P210,ok,1.276,19.4,3910,-61,10.00,"{""device"":""esp32"",""sensor"":""PR12P210"",""status"":""ok"",""voltage"":1.276,""pressure_kpa"":19.40,""pkt"":3910}",
2026-07-12T23:11:24,esp32,PR12P210,ok,1.23,18.25,3911,-61,10.00,"{""device"":""esp32"",""sensor"":""PR12P210"",""status"":""ok"",""voltage"":1.230,""pressure_kpa"":18.25,""pkt"":3911}",
2026-07-12T23:11:25,esp32,PR12P210,ok,1.293,19.83,3912,-61,9.75,"{""device"":""esp32"",""sensor"":""PR12P210"",""status"":""ok"",""voltage"":1.293,""pressure_kpa"":19.83,""pkt"":3912}",
2026-07-12T23:11:26,esp32,PR12P210,ok,1.284,19.59,3913,-61,10.00,"{""device"":""esp32"",""sensor"":""PR12P210"",""status"":""ok"",""voltage"":1.284,""pressure_kpa"":19.59,""pkt"":3913}",
2026-07-12T23:11:27,esp32,PR12P210,ok,1.239,18.48,3914,-61,10.00,"{""device"":""esp32"",""sensor"":""PR12P210"",""status"":""ok"",""voltage"":1.239,""pressure_kpa"":18.48,""pkt"":3914}",
2026-07-12T23:11:28,esp32,PR12P210,ok,1.296,19.91,3915,-62,10.25,"{""device"":""esp32"",""sensor"":""PR12P210"",""status"":""ok"",""voltage"":1.296,""pressure_kpa"":19.91,""pkt"":3915}",
2026-07-12T23:11:30,esp32,PR12P210,ok,1.29,19.75,3916,-61,10.25,"{""device"":""esp32"",""sensor"":""PR12P210"",""status"":""ok"",""voltage"":1.290,""pressure_kpa"":19.75,""pkt"":3916}",
2026-07-12T23:11:31,esp32,PR12P210,ok,1.261,19.02,3917,-61,10.25,"{""device"":""esp32"",""sensor"":""PR12P210"",""status"":""ok"",""voltage"":1.261,""pressure_kpa"":19.02,""pkt"":3917}",
2026-07-12T23:11:32,esp32,PR12P210,ok,1.246,18.65,3918,-61,9.75,"{""device"":""esp32"",""sensor"":""PR12P210"",""status"":""ok"",""voltage"":1.246,""pressure_kpa"":18.65,""pkt"":3918}",
2026-07-12T23:11:33,esp32,PR12P210,ok,1.287,19.69,3919,-61,9.50,"{""device"":""esp32"",""sensor"":""PR12P210"",""status"":""ok"",""voltage"":1.287,""pressure_kpa"":19.69,""pkt"":3919}",
2026-07-12T23:11:34,esp32,PR12P210,ok,1.28,19.5,3920,-61,10.25,"{""device"":""esp32"",""sensor"":""PR12P210"",""status"":""ok"",""voltage"":1.280,""pressure_kpa"":19.50,""pkt"":3920}",
2026-07-12T23:11:36,esp32,PR12P210,ok,1.237,18.43,3921,-62,10.00,"{""device"":""esp32"",""sensor"":""PR12P210"",""status"":""ok"",""voltage"":1.237,""pressure_kpa"":18.43,""pkt"":3921}",
2026-07-12T23:11:37,esp32,PR12P210,ok,1.294,19.86,3922,-61,9.75,"{""device"":""esp32"",""sensor"":""PR12P210"",""status"":""ok"",""voltage"":1.294,""pressure_kpa"":19.86,""pkt"":3922}",
2026-07-12T23:11:38,esp32,PR12P210,ok,1.287,19.69,3923,-61,7.75,"{""device"":""esp32"",""sensor"":""PR12P210"",""status"":""ok"",""voltage"":1.287,""pressure_kpa"":19.69,""pkt"":3923}",
2026-07-12T23:11:39,esp32,PR12P210,ok,1.276,19.4,3924,-62,9.50,"{""device"":""esp32"",""sensor"":""PR12P210"",""status"":""ok"",""voltage"":1.276,""pressure_kpa"":19.40,""pkt"":3924}",
2026-07-12T23:11:40,esp32,PR12P210,ok,1.239,18.48,3925,-62,10.00,"{""device"":""esp32"",""sensor"":""PR12P210"",""status"":""ok"",""voltage"":1.239,""pressure_kpa"":18.48,""pkt"":3925}",
2026-07-12T23:11:42,esp32,PR12P210,ok,1.293,19.83,3926,-62,10.25,"{""device"":""esp32"",""sensor"":""PR12P210"",""status"":""ok"",""voltage"":1.293,""pressure_kpa"":19.83,""pkt"":3926}",
2026-07-12T23:11:43,esp32,PR12P210,ok,1.289,19.73,3927,-62,9.50,"{""device"":""esp32"",""sensor"":""PR12P210"",""status"":""ok"",""voltage"":1.289,""pressure_kpa"":19.73,""pkt"":3927}",
2026-07-12T23:11:44,esp32,PR12P210,ok,1.284,19.59,3928,-62,9.75,"{""device"":""esp32"",""sensor"":""PR12P210"",""status"":""ok"",""voltage"":1.284,""pressure_kpa"":19.59,""pkt"":3928}",
2026-07-12T23:11:45,esp32,PR12P210,ok,1.285,19.62,3929,-61,10.25,"{""device"":""esp32"",""sensor"":""PR12P210"",""status"":""ok"",""voltage"":1.285,""pressure_kpa"":19.62,""pkt"":3929}",
2026-07-12T23:11:46,esp32,PR12P210,ok,1.274,19.35,3930,-62,10.50,"{""device"":""esp32"",""sensor"":""PR12P210"",""status"":""ok"",""voltage"":1.274,""pressure_kpa"":19.35,""pkt"":3930}",
2026-07-12T23:11:48,esp32,PR12P210,ok,1.26,19.0,3931,-61,7.25,"{""device"":""esp32"",""sensor"":""PR12P210"",""status"":""ok"",""voltage"":1.260,""pressure_kpa"":19.00,""pkt"":3931}",
2026-07-12T23:11:49,esp32,PR12P210,ok,1.244,18.61,3932,-61,9.75,"{""device"":""esp32"",""sensor"":""PR12P210"",""status"":""ok"",""voltage"":1.244,""pressure_kpa"":18.61,""pkt"":3932}",
2026-07-12T23:11:50,esp32,PR12P210,ok,1.232,18.29,3933,-61,10.00,"{""device"":""esp32"",""sensor"":""PR12P210"",""status"":""ok"",""voltage"":1.232,""pressure_kpa"":18.29,""pkt"":3933}",
2026-07-12T23:11:51,esp32,PR12P210,ok,1.234,18.34,3934,-62,9.75,"{""device"":""esp32"",""sensor"":""PR12P210"",""status"":""ok"",""voltage"":1.234,""pressure_kpa"":18.34,""pkt"":3934}",
2026-07-12T23:11:52,esp32,PR12P210,ok,1.236,18.39,3935,-62,10.00,"{""device"":""esp32"",""sensor"":""PR12P210"",""status"":""ok"",""voltage"":1.236,""pressure_kpa"":18.39,""pkt"":3935}",
2026-07-12T23:11:53,esp32,PR12P210,ok,1.238,18.45,3936,-62,9.75,"{""device"":""esp32"",""sensor"":""PR12P210"",""status"":""ok"",""voltage"":1.238,""pressure_kpa"":18.45,""pkt"":3936}",
2026-07-12T23:11:55,esp32,PR12P210,ok,1.238,18.45,3937,-62,10.00,"{""device"":""esp32"",""sensor"":""PR12P210"",""status"":""ok"",""voltage"":1.238,""pressure_kpa"":18.45,""pkt"":3937}",
2026-07-12T23:11:56,esp32,PR12P210,ok,1.234,18.36,3938,-61,9.75,"{""device"":""esp32"",""sensor"":""PR12P210"",""status"":""ok"",""voltage"":1.234,""pressure_kpa"":18.36,""pkt"":3938}",
2026-07-12T23:11:57,esp32,PR12P210,ok,1.239,18.48,3939,-61,10.00,"{""device"":""esp32"",""sensor"":""PR12P210"",""status"":""ok"",""voltage"":1.239,""pressure_kpa"":18.48,""pkt"":3939}",
2026-07-12T23:11:58,esp32,PR12P210,ok,1.245,18.63,3940,-62,10.50,"{""device"":""esp32"",""sensor"":""PR12P210"",""status"":""ok"",""voltage"":1.245,""pressure_kpa"":18.63,""pkt"":3940}",
2026-07-12T23:11:59,esp32,PR12P210,ok,1.247,18.68,3941,-62,10.00,"{""device"":""esp32"",""sensor"":""PR12P210"",""status"":""ok"",""voltage"":1.247,""pressure_kpa"":18.68,""pkt"":3941}",
2026-07-12T23:12:01,esp32,PR12P210,ok,1.249,18.73,3942,-62,10.00,"{""device"":""esp32"",""sensor"":""PR12P210"",""status"":""ok"",""voltage"":1.249,""pressure_kpa"":18.73,""pkt"":3942}",
2026-07-12T23:12:02,esp32,PR12P210,ok,1.259,18.99,3943,-62,10.00,"{""device"":""esp32"",""sensor"":""PR12P210"",""status"":""ok"",""voltage"":1.259,""pressure_kpa"":18.99,""pkt"":3943}",
2026-07-12T23:12:03,esp32,PR12P210,ok,1.25,18.75,3944,-62,9.75,"{""device"":""esp32"",""sensor"":""PR12P210"",""status"":""ok"",""voltage"":1.250,""pressure_kpa"":18.75,""pkt"":3944}",
2026-07-12T23:12:04,esp32,PR12P210,ok,1.274,19.34,3945,-62,10.25,"{""device"":""esp32"",""sensor"":""PR12P210"",""status"":""ok"",""voltage"":1.274,""pressure_kpa"":19.34,""pkt"":3945}",
2026-07-12T23:12:05,esp32,PR12P210,ok,1.279,19.48,3946,-62,10.00,"{""device"":""esp32"",""sensor"":""PR12P210"",""status"":""ok"",""voltage"":1.279,""pressure_kpa"":19.48,""pkt"":3946}",
2026-07-12T23:12:07,esp32,PR12P210,ok,1.286,19.65,3947,-62,9.75,"{""device"":""esp32"",""sensor"":""PR12P210"",""status"":""ok"",""voltage"":1.286,""pressure_kpa"":19.65,""pkt"":3947}",
2026-07-12T23:12:08,esp32,PR12P210,ok,1.284,19.6,3948,-62,10.00,"{""device"":""esp32"",""sensor"":""PR12P210"",""status"":""ok"",""voltage"":1.284,""pressure_kpa"":19.60,""pkt"":3948}",
2026-07-12T23:12:09,esp32,PR12P210,ok,1.282,19.56,3949,-61,10.50,"{""device"":""esp32"",""sensor"":""PR12P210"",""status"":""ok"",""voltage"":1.282,""pressure_kpa"":19.56,""pkt"":3949}",
2026-07-12T23:12:10,esp32,PR12P210,ok,1.287,19.67,3950,-62,10.75,"{""device"":""esp32"",""sensor"":""PR12P210"",""status"":""ok"",""voltage"":1.287,""pressure_kpa"":19.67,""pkt"":3950}",
2026-07-12T23:12:11,esp32,PR12P210,ok,1.282,19.56,3951,-62,10.25,"{""device"":""esp32"",""sensor"":""PR12P210"",""status"":""ok"",""voltage"":1.282,""pressure_kpa"":19.56,""pkt"":3951}",
2026-07-12T23:12:13,esp32,PR12P210,ok,1.274,19.36,3952,-62,10.00,"{""device"":""esp32"",""sensor"":""PR12P210"",""status"":""ok"",""voltage"":1.274,""pressure_kpa"":19.36,""pkt"":3952}",
2026-07-12T23:12:14,esp32,PR12P210,ok,1.259,18.99,3953,-62,10.50,"{""device"":""esp32"",""sensor"":""PR12P210"",""status"":""ok"",""voltage"":1.259,""pressure_kpa"":18.99,""pkt"":3953}",
2026-07-12T23:12:15,esp32,PR12P210,ok,1.244,18.59,3954,-62,9.50,"{""device"":""esp32"",""sensor"":""PR12P210"",""status"":""ok"",""voltage"":1.244,""pressure_kpa"":18.59,""pkt"":3954}",
2026-07-12T23:12:16,esp32,PR12P210,ok,1.234,18.36,3955,-62,10.25,"{""device"":""esp32"",""sensor"":""PR12P210"",""status"":""ok"",""voltage"":1.234,""pressure_kpa"":18.36,""pkt"":3955}",
2026-07-12T23:12:17,esp32,PR12P210,ok,1.245,18.63,3956,-62,10.25,"{""device"":""esp32"",""sensor"":""PR12P210"",""status"":""ok"",""voltage"":1.245,""pressure_kpa"":18.63,""pkt"":3956}",
2026-07-12T23:12:19,esp32,PR12P210,ok,1.292,19.8,3957,-62,9.75,"{""device"":""esp32"",""sensor"":""PR12P210"",""status"":""ok"",""voltage"":1.292,""pressure_kpa"":19.80,""pkt"":3957}",
2026-07-12T23:12:20,esp32,PR12P210,ok,1.288,19.7,3958,-61,9.75,"{""device"":""esp32"",""sensor"":""PR12P210"",""status"":""ok"",""voltage"":1.288,""pressure_kpa"":19.70,""pkt"":3958}",
2026-07-12T23:12:21,esp32,PR12P210,ok,1.284,19.61,3959,-62,10.25,"{""device"":""esp32"",""sensor"":""PR12P210"",""status"":""ok"",""voltage"":1.284,""pressure_kpa"":19.61,""pkt"":3959}",
2026-07-12T23:12:22,esp32,PR12P210,ok,1.269,19.23,3960,-62,9.75,"{""device"":""esp32"",""sensor"":""PR12P210"",""status"":""ok"",""voltage"":1.269,""pressure_kpa"":19.23,""pkt"":3960}",
2026-07-12T23:12:23,esp32,PR12P210,ok,1.24,18.49,3961,-62,10.00,"{""device"":""esp32"",""sensor"":""PR12P210"",""status"":""ok"",""voltage"":1.240,""pressure_kpa"":18.49,""pkt"":3961}",
2026-07-12T23:12:24,esp32,PR12P210,ok,1.291,19.76,3962,-62,9.75,"{""device"":""esp32"",""sensor"":""PR12P210"",""status"":""ok"",""voltage"":1.291,""pressure_kpa"":19.76,""pkt"":3962}",
2026-07-12T23:12:26,esp32,PR12P210,ok,1.289,19.73,3963,-62,10.25,"{""device"":""esp32"",""sensor"":""PR12P210"",""status"":""ok"",""voltage"":1.289,""pressure_kpa"":19.73,""pkt"":3963}",
2026-07-12T23:12:27,esp32,PR12P210,ok,1.264,19.11,3964,-62,10.00,"{""device"":""esp32"",""sensor"":""PR12P210"",""status"":""ok"",""voltage"":1.264,""pressure_kpa"":19.11,""pkt"":3964}",
2026-07-12T23:12:28,esp32,PR12P210,ok,1.242,18.54,3965,-62,10.25,"{""device"":""esp32"",""sensor"":""PR12P210"",""status"":""ok"",""voltage"":1.242,""pressure_kpa"":18.54,""pkt"":3965}",
2026-07-12T23:12:29,esp32,PR12P210,ok,1.289,19.72,3966,-62,10.25,"{""device"":""esp32"",""sensor"":""PR12P210"",""status"":""ok"",""voltage"":1.289,""pressure_kpa"":19.72,""pkt"":3966}",
2026-07-12T23:12:30,esp32,PR12P210,ok,1.286,19.65,3967,-61,9.75,"{""device"":""esp32"",""sensor"":""PR12P210"",""status"":""ok"",""voltage"":1.286,""pressure_kpa"":19.65,""pkt"":3967}",
2026-07-12T23:12:32,esp32,PR12P210,ok,1.245,18.62,3968,-61,9.75,"{""device"":""esp32"",""sensor"":""PR12P210"",""status"":""ok"",""voltage"":1.245,""pressure_kpa"":18.62,""pkt"":3968}",
2026-07-12T23:12:33,esp32,PR12P210,ok,1.295,19.88,3969,-61,9.75,"{""device"":""esp32"",""sensor"":""PR12P210"",""status"":""ok"",""voltage"":1.295,""pressure_kpa"":19.88,""pkt"":3969}",
2026-07-12T23:12:34,esp32,PR12P210,ok,1.287,19.67,3970,-61,10.25,"{""device"":""esp32"",""sensor"":""PR12P210"",""status"":""ok"",""voltage"":1.287,""pressure_kpa"":19.67,""pkt"":3970}",
2026-07-12T23:12:35,esp32,PR12P210,ok,1.247,18.68,3971,-61,10.50,"{""device"":""esp32"",""sensor"":""PR12P210"",""status"":""ok"",""voltage"":1.247,""pressure_kpa"":18.68,""pkt"":3971}",
2026-07-12T23:12:36,esp32,PR12P210,ok,1.289,19.72,3972,-62,10.00,"{""device"":""esp32"",""sensor"":""PR12P210"",""status"":""ok"",""voltage"":1.289,""pressure_kpa"":19.72,""pkt"":3972}",
2026-07-12T23:12:38,esp32,PR12P210,ok,1.287,19.67,3973,-62,10.50,"{""device"":""esp32"",""sensor"":""PR12P210"",""status"":""ok"",""voltage"":1.287,""pressure_kpa"":19.67,""pkt"":3973}",
2026-07-12T23:12:39,esp32,PR12P210,ok,1.237,18.43,3974,-62,9.75,"{""device"":""esp32"",""sensor"":""PR12P210"",""status"":""ok"",""voltage"":1.237,""pressure_kpa"":18.43,""pkt"":3974}",
2026-07-12T23:12:40,esp32,PR12P210,ok,1.29,19.75,3975,-63,9.75,"{""device"":""esp32"",""sensor"":""PR12P210"",""status"":""ok"",""voltage"":1.290,""pressure_kpa"":19.75,""pkt"":3975}",
2026-07-12T23:12:41,esp32,PR12P210,ok,1.264,19.1,3976,-62,10.25,"{""device"":""esp32"",""sensor"":""PR12P210"",""status"":""ok"",""voltage"":1.264,""pressure_kpa"":19.10,""pkt"":3976}",
2026-07-12T23:12:42,esp32,PR12P210,ok,1.296,19.89,3977,-62,9.75,"{""device"":""esp32"",""sensor"":""PR12P210"",""status"":""ok"",""voltage"":1.296,""pressure_kpa"":19.89,""pkt"":3977}",
2026-07-12T23:12:44,esp32,PR12P210,ok,1.285,19.63,3978,-61,9.50,"{""device"":""esp32"",""sensor"":""PR12P210"",""status"":""ok"",""voltage"":1.285,""pressure_kpa"":19.63,""pkt"":3978}",
2026-07-12T23:12:45,esp32,PR12P210,ok,1.235,18.38,3979,-62,9.75,"{""device"":""esp32"",""sensor"":""PR12P210"",""status"":""ok"",""voltage"":1.235,""pressure_kpa"":18.38,""pkt"":3979}",
2026-07-12T23:12:46,esp32,PR12P210,ok,1.288,19.69,3980,-62,10.25,"{""device"":""esp32"",""sensor"":""PR12P210"",""status"":""ok"",""voltage"":1.288,""pressure_kpa"":19.69,""pkt"":3980}",
2026-07-12T23:12:47,esp32,PR12P210,ok,1.286,19.65,3981,-62,10.00,"{""device"":""esp32"",""sensor"":""PR12P210"",""status"":""ok"",""voltage"":1.286,""pressure_kpa"":19.65,""pkt"":3981}",
2026-07-12T23:12:48,esp32,PR12P210,ok,1.244,18.59,3982,-62,10.50,"{""device"":""esp32"",""sensor"":""PR12P210"",""status"":""ok"",""voltage"":1.244,""pressure_kpa"":18.59,""pkt"":3982}",
2026-07-12T23:12:50,esp32,PR12P210,ok,1.288,19.7,3983,-62,10.50,"{""device"":""esp32"",""sensor"":""PR12P210"",""status"":""ok"",""voltage"":1.288,""pressure_kpa"":19.70,""pkt"":3983}",
2026-07-12T23:12:51,esp32,PR12P210,ok,1.262,19.06,3984,-62,10.00,"{""device"":""esp32"",""sensor"":""PR12P210"",""status"":""ok"",""voltage"":1.262,""pressure_kpa"":19.06,""pkt"":3984}",
2026-07-12T23:12:52,esp32,PR12P210,ok,1.29,19.74,3985,-62,10.50,"{""device"":""esp32"",""sensor"":""PR12P210"",""status"":""ok"",""voltage"":1.290,""pressure_kpa"":19.74,""pkt"":3985}",
2026-07-12T23:12:53,esp32,PR12P210,ok,1.289,19.73,3986,-62,9.75,"{""device"":""esp32"",""sensor"":""PR12P210"",""status"":""ok"",""voltage"":1.289,""pressure_kpa"":19.73,""pkt"":3986}",
2026-07-12T23:12:54,esp32,PR12P210,ok,1.244,18.61,3987,-62,9.75,"{""device"":""esp32"",""sensor"":""PR12P210"",""status"":""ok"",""voltage"":1.244,""pressure_kpa"":18.61,""pkt"":3987}",
2026-07-12T23:12:55,esp32,PR12P210,ok,1.288,19.69,3988,-62,10.00,"{""device"":""esp32"",""sensor"":""PR12P210"",""status"":""ok"",""voltage"":1.288,""pressure_kpa"":19.69,""pkt"":3988}",
2026-07-12T23:12:57,esp32,PR12P210,ok,1.261,19.02,3989,-62,10.25,"{""device"":""esp32"",""sensor"":""PR12P210"",""status"":""ok"",""voltage"":1.261,""pressure_kpa"":19.02,""pkt"":3989}",
2026-07-12T23:12:58,esp32,PR12P210,ok,1.291,19.78,3990,-62,10.00,"{""device"":""esp32"",""sensor"":""PR12P210"",""status"":""ok"",""voltage"":1.291,""pressure_kpa"":19.78,""pkt"":3990}",
2026-07-12T23:12:59,esp32,PR12P210,ok,1.276,19.4,3991,-62,10.00,"{""device"":""esp32"",""sensor"":""PR12P210"",""status"":""ok"",""voltage"":1.276,""pressure_kpa"":19.40,""pkt"":3991}",
2026-07-12T23:13:00,esp32,PR12P210,ok,1.284,19.61,3992,-62,10.25,"{""device"":""esp32"",""sensor"":""PR12P210"",""status"":""ok"",""voltage"":1.284,""pressure_kpa"":19.61,""pkt"":3992}",
2026-07-12T23:13:01,esp32,PR12P210,ok,1.29,19.74,3993,-62,10.25,"{""device"":""esp32"",""sensor"":""PR12P210"",""status"":""ok"",""voltage"":1.290,""pressure_kpa"":19.74,""pkt"":3993}",
2026-07-12T23:13:03,esp32,PR12P210,ok,1.234,18.36,3994,-62,10.00,"{""device"":""esp32"",""sensor"":""PR12P210"",""status"":""ok"",""voltage"":1.234,""pressure_kpa"":18.36,""pkt"":3994}",
2026-07-12T23:13:04,esp32,PR12P210,ok,1.291,19.78,3995,-62,10.50,"{""device"":""esp32"",""sensor"":""PR12P210"",""status"":""ok"",""voltage"":1.291,""pressure_kpa"":19.78,""pkt"":3995}",
2026-07-12T23:13:05,esp32,PR12P210,ok,1.247,18.69,3996,-62,10.50,"{""device"":""esp32"",""sensor"":""PR12P210"",""status"":""ok"",""voltage"":1.247,""pressure_kpa"":18.69,""pkt"":3996}",
2026-07-12T23:13:06,esp32,PR12P210,ok,1.288,19.69,3997,-63,9.50,"{""device"":""esp32"",""sensor"":""PR12P210"",""status"":""ok"",""voltage"":1.288,""pressure_kpa"":19.69,""pkt"":3997}",
2026-07-12T23:13:07,esp32,PR12P210,ok,1.263,19.07,3998,-62,10.00,"{""device"":""esp32"",""sensor"":""PR12P210"",""status"":""ok"",""voltage"":1.263,""pressure_kpa"":19.07,""pkt"":3998}",
2026-07-12T23:13:09,esp32,PR12P210,ok,1.292,19.8,3999,-62,10.00,"{""device"":""esp32"",""sensor"":""PR12P210"",""status"":""ok"",""voltage"":1.292,""pressure_kpa"":19.80,""pkt"":3999}",
2026-07-12T23:13:11,esp32,PR12P210,ok,1.258,18.95,4001,-62,9.75,"{""device"":""esp32"",""sensor"":""PR12P210"",""status"":""ok"",""voltage"":1.258,""pressure_kpa"":18.95,""pkt"":4001}",
2026-07-12T23:13:12,esp32,PR12P210,ok,1.287,19.67,4002,-62,9.75,"{""device"":""esp32"",""sensor"":""PR12P210"",""status"":""ok"",""voltage"":1.287,""pressure_kpa"":19.67,""pkt"":4002}",
2026-07-12T23:13:13,esp32,PR12P210,ok,1.245,18.64,4003,-62,10.25,"{""device"":""esp32"",""sensor"":""PR12P210"",""status"":""ok"",""voltage"":1.245,""pressure_kpa"":18.64,""pkt"":4003}",
2026-07-12T23:13:15,esp32,PR12P210,ok,1.293,19.82,4004,-62,12.50,"{""device"":""esp32"",""sensor"":""PR12P210"",""status"":""ok"",""voltage"":1.293,""pressure_kpa"":19.82,""pkt"":4004}",
2026-07-12T23:13:16,esp32,PR12P210,ok,1.281,19.51,4005,-63,10.25,"{""device"":""esp32"",""sensor"":""PR12P210"",""status"":""ok"",""voltage"":1.281,""pressure_kpa"":19.51,""pkt"":4005}",
2026-07-12T23:13:17,esp32,PR12P210,ok,1.255,18.88,4006,-62,10.00,"{""device"":""esp32"",""sensor"":""PR12P210"",""status"":""ok"",""voltage"":1.255,""pressure_kpa"":18.88,""pkt"":4006}",
2026-07-12T23:13:18,esp32,PR12P210,ok,1.293,19.82,4007,-62,9.50,"{""device"":""esp32"",""sensor"":""PR12P210"",""status"":""ok"",""voltage"":1.293,""pressure_kpa"":19.82,""pkt"":4007}",
2026-07-12T23:13:19,esp32,PR12P210,ok,1.247,18.68,4008,-62,9.50,"{""device"":""esp32"",""sensor"":""PR12P210"",""status"":""ok"",""voltage"":1.247,""pressure_kpa"":18.68,""pkt"":4008}",
2026-07-12T23:13:21,esp32,PR12P210,ok,1.29,19.74,4009,-62,10.25,"{""device"":""esp32"",""sensor"":""PR12P210"",""status"":""ok"",""voltage"":1.290,""pressure_kpa"":19.74,""pkt"":4009}",
2026-07-12T23:13:22,esp32,PR12P210,ok,1.288,19.71,4010,-62,10.25,"{""device"":""esp32"",""sensor"":""PR12P210"",""status"":""ok"",""voltage"":1.288,""pressure_kpa"":19.71,""pkt"":4010}",
2026-07-12T23:13:23,esp32,PR12P210,ok,1.247,18.66,4011,-62,9.75,"{""device"":""esp32"",""sensor"":""PR12P210"",""status"":""ok"",""voltage"":1.247,""pressure_kpa"":18.66,""pkt"":4011}",
2026-07-12T23:13:24,esp32,PR12P210,ok,1.29,19.75,4012,-62,10.00,"{""device"":""esp32"",""sensor"":""PR12P210"",""status"":""ok"",""voltage"":1.290,""pressure_kpa"":19.75,""pkt"":4012}",
2026-07-12T23:13:25,esp32,PR12P210,ok,1.246,18.64,4013,-62,10.25,"{""device"":""esp32"",""sensor"":""PR12P210"",""status"":""ok"",""voltage"":1.246,""pressure_kpa"":18.64,""pkt"":4013}",
2026-07-12T23:13:26,esp32,PR12P210,ok,1.29,19.74,4014,-63,10.00,"{""device"":""esp32"",""sensor"":""PR12P210"",""status"":""ok"",""voltage"":1.290,""pressure_kpa"":19.74,""pkt"":4014}",
2026-07-12T23:13:28,esp32,PR12P210,ok,1.288,19.7,4015,-63,12.25,"{""device"":""esp32"",""sensor"":""PR12P210"",""status"":""ok"",""voltage"":1.288,""pressure_kpa"":19.70,""pkt"":4015}",
2026-07-12T23:13:29,esp32,PR12P210,ok,1.243,18.57,4016,-62,10.25,"{""device"":""esp32"",""sensor"":""PR12P210"",""status"":""ok"",""voltage"":1.243,""pressure_kpa"":18.57,""pkt"":4016}",
2026-07-12T23:13:30,esp32,PR12P210,ok,1.29,19.76,4017,-62,9.75,"{""device"":""esp32"",""sensor"":""PR12P210"",""status"":""ok"",""voltage"":1.290,""pressure_kpa"":19.76,""pkt"":4017}",
2026-07-12T23:13:31,esp32,PR12P210,ok,1.277,19.43,4018,-62,9.50,"{""device"":""esp32"",""sensor"":""PR12P210"",""status"":""ok"",""voltage"":1.277,""pressure_kpa"":19.43,""pkt"":4018}",
2026-07-12T23:13:32,esp32,PR12P210,ok,1.237,18.43,4019,-62,10.00,"{""device"":""esp32"",""sensor"":""PR12P210"",""status"":""ok"",""voltage"":1.237,""pressure_kpa"":18.43,""pkt"":4019}",
2026-07-12T23:13:34,esp32,PR12P210,ok,1.291,19.77,4020,-62,10.25,"{""device"":""esp32"",""sensor"":""PR12P210"",""status"":""ok"",""voltage"":1.291,""pressure_kpa"":19.77,""pkt"":4020}",
2026-07-12T23:13:35,esp32,PR12P210,ok,1.259,18.97,4021,-62,10.00,"{""device"":""esp32"",""sensor"":""PR12P210"",""status"":""ok"",""voltage"":1.259,""pressure_kpa"":18.97,""pkt"":4021}",
2026-07-12T23:13:36,esp32,PR12P210,ok,1.295,19.88,4022,-63,10.00,"{""device"":""esp32"",""sensor"":""PR12P210"",""status"":""ok"",""voltage"":1.295,""pressure_kpa"":19.88,""pkt"":4022}",
2026-07-12T23:13:37,esp32,PR12P210,ok,1.283,19.58,4023,-62,10.25,"{""device"":""esp32"",""sensor"":""PR12P210"",""status"":""ok"",""voltage"":1.283,""pressure_kpa"":19.58,""pkt"":4023}",
2026-07-12T23:13:38,esp32,PR12P210,ok,1.243,18.57,4024,-62,10.00,"{""device"":""esp32"",""sensor"":""PR12P210"",""status"":""ok"",""voltage"":1.243,""pressure_kpa"":18.57,""pkt"":4024}",
2026-07-12T23:13:40,esp32,PR12P210,ok,1.291,19.76,4025,-63,10.00,"{""device"":""esp32"",""sensor"":""PR12P210"",""status"":""ok"",""voltage"":1.291,""pressure_kpa"":19.76,""pkt"":4025}",
2026-07-12T23:13:41,esp32,PR12P210,ok,1.246,18.65,4026,-59,12.75,"{""device"":""esp32"",""sensor"":""PR12P210"",""status"":""ok"",""voltage"":1.246,""pressure_kpa"":18.65,""pkt"":4026}",
2026-07-12T23:13:42,esp32,PR12P210,ok,1.496,24.89,4027,-56,10.00,"{""device"":""esp32"",""sensor"":""PR12P210"",""status"":""ok"",""voltage"":1.496,""pressure_kpa"":24.89,""pkt"":4027}",
2026-07-12T23:13:43,esp32,PR12P210,ok,1.508,25.21,4028,-58,10.00,"{""device"":""esp32"",""sensor"":""PR12P210"",""status"":""ok"",""voltage"":1.508,""pressure_kpa"":25.21,""pkt"":4028}",
2026-07-12T23:13:44,esp32,PR12P210,ok,1.516,25.41,4029,-58,9.75,"{""device"":""esp32"",""sensor"":""PR12P210"",""status"":""ok"",""voltage"":1.516,""pressure_kpa"":25.41,""pkt"":4029}",
2026-07-12T23:13:46,esp32,PR12P210,ok,1.515,25.36,4030,-59,10.25,"{""device"":""esp32"",""sensor"":""PR12P210"",""status"":""ok"",""voltage"":1.515,""pressure_kpa"":25.36,""pkt"":4030}",
2026-07-12T23:13:47,esp32,PR12P210,ok,1.547,26.17,4031,-59,9.50,"{""device"":""esp32"",""sensor"":""PR12P210"",""status"":""ok"",""voltage"":1.547,""pressure_kpa"":26.17,""pkt"":4031}",
2026-07-12T23:13:48,esp32,PR12P210,ok,1.5,25.01,4032,-58,10.00,"{""device"":""esp32"",""sensor"":""PR12P210"",""status"":""ok"",""voltage"":1.500,""pressure_kpa"":25.01,""pkt"":4032}",
2026-07-12T23:13:49,esp32,PR12P210,ok,1.552,26.31,4033,-59,10.75,"{""device"":""esp32"",""sensor"":""PR12P210"",""status"":""ok"",""voltage"":1.552,""pressure_kpa"":26.31,""pkt"":4033}",
2026-07-12T23:13:50,esp32,PR12P210,ok,1.545,26.12,4034,-59,10.00,"{""device"":""esp32"",""sensor"":""PR12P210"",""status"":""ok"",""voltage"":1.545,""pressure_kpa"":26.12,""pkt"":4034}",
2026-07-12T23:13:51,esp32,PR12P210,ok,1.496,24.91,4035,-58,10.25,"{""device"":""esp32"",""sensor"":""PR12P210"",""status"":""ok"",""voltage"":1.496,""pressure_kpa"":24.91,""pkt"":4035}",
2026-07-12T23:13:53,esp32,PR12P210,ok,1.553,26.32,4036,-58,10.50,"{""device"":""esp32"",""sensor"":""PR12P210"",""status"":""ok"",""voltage"":1.553,""pressure_kpa"":26.32,""pkt"":4036}",
2026-07-12T23:13:54,esp32,PR12P210,ok,1.519,25.47,4037,-59,11.00,"{""device"":""esp32"",""sensor"":""PR12P210"",""status"":""ok"",""voltage"":1.519,""pressure_kpa"":25.47,""pkt"":4037}",
2026-07-12T23:13:55,esp32,PR12P210,ok,1.516,25.4,4038,-58,10.00,"{""device"":""esp32"",""sensor"":""PR12P210"",""status"":""ok"",""voltage"":1.516,""pressure_kpa"":25.40,""pkt"":4038}",
2026-07-12T23:13:56,esp32,PR12P210,ok,1.543,26.08,4039,-59,10.50,"{""device"":""esp32"",""sensor"":""PR12P210"",""status"":""ok"",""voltage"":1.543,""pressure_kpa"":26.08,""pkt"":4039}",
2026-07-12T23:13:57,esp32,PR12P210,ok,1.503,25.07,4040,-59,10.00,"{""device"":""esp32"",""sensor"":""PR12P210"",""status"":""ok"",""voltage"":1.503,""pressure_kpa"":25.07,""pkt"":4040}",
2026-07-12T23:13:59,esp32,PR12P210,ok,1.554,26.36,4041,-59,10.00,"{""device"":""esp32"",""sensor"":""PR12P210"",""status"":""ok"",""voltage"":1.554,""pressure_kpa"":26.36,""pkt"":4041}",
2026-07-12T23:14:00,esp32,PR12P210,ok,1.288,19.71,4042,-62,9.75,"{""device"":""esp32"",""sensor"":""PR12P210"",""status"":""ok"",""voltage"":1.288,""pressure_kpa"":19.71,""pkt"":4042}",
2026-07-12T23:14:01,esp32,PR12P210,ok,1.262,19.05,4043,-63,10.25,"{""device"":""esp32"",""sensor"":""PR12P210"",""status"":""ok"",""voltage"":1.262,""pressure_kpa"":19.05,""pkt"":4043}",
2026-07-12T23:14:02,esp32,PR12P210,ok,1.219,17.97,4044,-64,10.25,"{""device"":""esp32"",""sensor"":""PR12P210"",""status"":""ok"",""voltage"":1.219,""pressure_kpa"":17.97,""pkt"":4044}",
2026-07-12T23:14:03,esp32,PR12P210,ok,1.27,19.25,4045,-63,10.25,"{""device"":""esp32"",""sensor"":""PR12P210"",""status"":""ok"",""voltage"":1.270,""pressure_kpa"":19.25,""pkt"":4045}",
2026-07-12T23:14:05,esp32,PR12P210,ok,1.261,19.03,4046,-63,10.00,"{""device"":""esp32"",""sensor"":""PR12P210"",""status"":""ok"",""voltage"":1.261,""pressure_kpa"":19.03,""pkt"":4046}",
2026-07-12T23:14:06,esp32,PR12P210,ok,1.273,19.32,4047,-64,10.00,"{""device"":""esp32"",""sensor"":""PR12P210"",""status"":""ok"",""voltage"":1.273,""pressure_kpa"":19.32,""pkt"":4047}",
2026-07-12T23:14:07,esp32,PR12P210,ok,1.261,19.03,4048,-63,11.00,"{""device"":""esp32"",""sensor"":""PR12P210"",""status"":""ok"",""voltage"":1.261,""pressure_kpa"":19.03,""pkt"":4048}",
2026-07-12T23:14:08,esp32,PR12P210,ok,1.214,17.84,4049,-63,10.25,"{""device"":""esp32"",""sensor"":""PR12P210"",""status"":""ok"",""voltage"":1.214,""pressure_kpa"":17.84,""pkt"":4049}",
2026-07-12T23:14:09,esp32,PR12P210,ok,1.259,18.97,4050,-64,10.50,"{""device"":""esp32"",""sensor"":""PR12P210"",""status"":""ok"",""voltage"":1.259,""pressure_kpa"":18.97,""pkt"":4050}",
2026-07-12T23:14:11,esp32,PR12P210,ok,1.231,18.27,4051,-63,9.75,"{""device"":""esp32"",""sensor"":""PR12P210"",""status"":""ok"",""voltage"":1.231,""pressure_kpa"":18.27,""pkt"":4051}",
2026-07-12T23:14:12,esp32,PR12P210,ok,1.264,19.09,4052,-63,10.00,"{""device"":""esp32"",""sensor"":""PR12P210"",""status"":""ok"",""voltage"":1.264,""pressure_kpa"":19.09,""pkt"":4052}",
2026-07-12T23:14:13,esp32,PR12P210,ok,1.237,18.43,4053,-64,10.00,"{""device"":""esp32"",""sensor"":""PR12P210"",""status"":""ok"",""voltage"":1.237,""pressure_kpa"":18.43,""pkt"":4053}",
2026-07-12T23:14:14,esp32,PR12P210,ok,1.264,19.09,4054,-63,10.00,"{""device"":""esp32"",""sensor"":""PR12P210"",""status"":""ok"",""voltage"":1.264,""pressure_kpa"":19.09,""pkt"":4054}",
2026-07-12T23:14:15,esp32,PR12P210,ok,1.224,18.1,4055,-63,10.00,"{""device"":""esp32"",""sensor"":""PR12P210"",""status"":""ok"",""voltage"":1.224,""pressure_kpa"":18.10,""pkt"":4055}",
2026-07-12T23:14:17,esp32,PR12P210,ok,1.258,18.94,4056,-63,10.25,"{""device"":""esp32"",""sensor"":""PR12P210"",""status"":""ok"",""voltage"":1.258,""pressure_kpa"":18.94,""pkt"":4056}",
2026-07-12T23:14:18,esp32,PR12P210,ok,1.205,17.63,4057,-63,9.75,"{""device"":""esp32"",""sensor"":""PR12P210"",""status"":""ok"",""voltage"":1.205,""pressure_kpa"":17.63,""pkt"":4057}",
2026-07-12T23:14:19,esp32,PR12P210,ok,1.253,18.83,4058,-64,9.50,"{""device"":""esp32"",""sensor"":""PR12P210"",""status"":""ok"",""voltage"":1.253,""pressure_kpa"":18.83,""pkt"":4058}",
2026-07-12T23:14:20,esp32,PR12P210,ok,1.25,18.76,4059,-63,11.00,"{""device"":""esp32"",""sensor"":""PR12P210"",""status"":""ok"",""voltage"":1.250,""pressure_kpa"":18.76,""pkt"":4059}",
2026-07-12T23:14:21,esp32,PR12P210,ok,1.24,18.5,4060,-64,10.25,"{""device"":""esp32"",""sensor"":""PR12P210"",""status"":""ok"",""voltage"":1.240,""pressure_kpa"":18.50,""pkt"":4060}",
2026-07-12T23:14:22,esp32,PR12P210,ok,1.257,18.94,4061,-64,9.75,"{""device"":""esp32"",""sensor"":""PR12P210"",""status"":""ok"",""voltage"":1.257,""pressure_kpa"":18.94,""pkt"":4061}",
2026-07-12T23:14:24,esp32,PR12P210,ok,1.211,17.78,4062,-63,9.75,"{""device"":""esp32"",""sensor"":""PR12P210"",""status"":""ok"",""voltage"":1.211,""pressure_kpa"":17.78,""pkt"":4062}",
2026-07-12T23:14:25,esp32,PR12P210,ok,1.258,18.94,4063,-64,10.00,"{""device"":""esp32"",""sensor"":""PR12P210"",""status"":""ok"",""voltage"":1.258,""pressure_kpa"":18.94,""pkt"":4063}",
2026-07-12T23:14:26,esp32,PR12P210,ok,1.238,18.45,4064,-64,9.75,"{""device"":""esp32"",""sensor"":""PR12P210"",""status"":""ok"",""voltage"":1.238,""pressure_kpa"":18.45,""pkt"":4064}",
2026-07-12T23:14:27,esp32,PR12P210,ok,1.242,18.55,4065,-64,10.25,"{""device"":""esp32"",""sensor"":""PR12P210"",""status"":""ok"",""voltage"":1.242,""pressure_kpa"":18.55,""pkt"":4065}",
2026-07-12T23:14:28,esp32,PR12P210,ok,1.259,18.98,4066,-64,10.25,"{""device"":""esp32"",""sensor"":""PR12P210"",""status"":""ok"",""voltage"":1.259,""pressure_kpa"":18.98,""pkt"":4066}",
2026-07-12T23:14:30,esp32,PR12P210,ok,1.207,17.67,4067,-64,10.00,"{""device"":""esp32"",""sensor"":""PR12P210"",""status"":""ok"",""voltage"":1.207,""pressure_kpa"":17.67,""pkt"":4067}",
2026-07-12T23:14:31,esp32,PR12P210,ok,1.255,18.88,4068,-63,9.75,"{""device"":""esp32"",""sensor"":""PR12P210"",""status"":""ok"",""voltage"":1.255,""pressure_kpa"":18.88,""pkt"":4068}",
2026-07-12T23:14:32,esp32,PR12P210,ok,1.203,17.58,4069,-64,9.75,"{""device"":""esp32"",""sensor"":""PR12P210"",""status"":""ok"",""voltage"":1.203,""pressure_kpa"":17.58,""pkt"":4069}",
2026-07-12T23:14:33,esp32,PR12P210,ok,1.253,18.82,4070,-64,10.75,"{""device"":""esp32"",""sensor"":""PR12P210"",""status"":""ok"",""voltage"":1.253,""pressure_kpa"":18.82,""pkt"":4070}",
2026-07-12T23:14:34,esp32,PR12P210,ok,1.239,18.47,4071,-63,10.00,"{""device"":""esp32"",""sensor"":""PR12P210"",""status"":""ok"",""voltage"":1.239,""pressure_kpa"":18.47,""pkt"":4071}",
2026-07-12T23:14:36,esp32,PR12P210,ok,1.255,18.87,4072,-62,9.50,"{""device"":""esp32"",""sensor"":""PR12P210"",""status"":""ok"",""voltage"":1.255,""pressure_kpa"":18.87,""pkt"":4072}",
2026-07-12T23:14:37,esp32,PR12P210,ok,1.227,18.17,4073,-63,10.00,"{""device"":""esp32"",""sensor"":""PR12P210"",""status"":""ok"",""voltage"":1.227,""pressure_kpa"":18.17,""pkt"":4073}",
2026-07-12T23:14:38,esp32,PR12P210,ok,1.25,18.74,4074,-63,9.75,"{""device"":""esp32"",""sensor"":""PR12P210"",""status"":""ok"",""voltage"":1.250,""pressure_kpa"":18.74,""pkt"":4074}",
2026-07-12T23:14:39,esp32,PR12P210,ok,1.198,17.46,4075,-63,10.25,"{""device"":""esp32"",""sensor"":""PR12P210"",""status"":""ok"",""voltage"":1.198,""pressure_kpa"":17.46,""pkt"":4075}",
2026-07-12T23:14:40,esp32,PR12P210,ok,1.256,18.89,4076,-63,9.75,"{""device"":""esp32"",""sensor"":""PR12P210"",""status"":""ok"",""voltage"":1.256,""pressure_kpa"":18.89,""pkt"":4076}",
2026-07-12T23:14:42,esp32,PR12P210,ok,1.217,17.93,4077,-63,9.75,"{""device"":""esp32"",""sensor"":""PR12P210"",""status"":""ok"",""voltage"":1.217,""pressure_kpa"":17.93,""pkt"":4077}",
2026-07-12T23:14:43,esp32,PR12P210,ok,1.255,18.87,4078,-63,9.75,"{""device"":""esp32"",""sensor"":""PR12P210"",""status"":""ok"",""voltage"":1.255,""pressure_kpa"":18.87,""pkt"":4078}",
2026-07-12T23:14:44,esp32,PR12P210,ok,1.247,18.68,4079,-63,10.25,"{""device"":""esp32"",""sensor"":""PR12P210"",""status"":""ok"",""voltage"":1.247,""pressure_kpa"":18.68,""pkt"":4079}",
2026-07-12T23:14:45,esp32,PR12P210,ok,1.205,17.63,4080,-63,10.25,"{""device"":""esp32"",""sensor"":""PR12P210"",""status"":""ok"",""voltage"":1.205,""pressure_kpa"":17.63,""pkt"":4080}",
2026-07-12T23:14:46,esp32,PR12P210,ok,1.251,18.78,4081,-63,10.25,"{""device"":""esp32"",""sensor"":""PR12P210"",""status"":""ok"",""voltage"":1.251,""pressure_kpa"":18.78,""pkt"":4081}",
2026-07-12T23:14:48,esp32,PR12P210,ok,1.218,17.95,4082,-63,9.50,"{""device"":""esp32"",""sensor"":""PR12P210"",""status"":""ok"",""voltage"":1.218,""pressure_kpa"":17.95,""pkt"":4082}",
2026-07-12T23:14:49,esp32,PR12P210,ok,1.262,19.06,4083,-62,10.00,"{""device"":""esp32"",""sensor"":""PR12P210"",""status"":""ok"",""voltage"":1.262,""pressure_kpa"":19.06,""pkt"":4083}",
2026-07-12T23:14:50,esp32,PR12P210,ok,1.247,18.68,4084,-64,10.00,"{""device"":""esp32"",""sensor"":""PR12P210"",""status"":""ok"",""voltage"":1.247,""pressure_kpa"":18.68,""pkt"":4084}",
2026-07-12T23:14:51,esp32,PR12P210,ok,1.205,17.63,4085,-63,10.25,"{""device"":""esp32"",""sensor"":""PR12P210"",""status"":""ok"",""voltage"":1.205,""pressure_kpa"":17.63,""pkt"":4085}",
2026-07-12T23:14:52,esp32,PR12P210,ok,1.255,18.87,4086,-63,10.25,"{""device"":""esp32"",""sensor"":""PR12P210"",""status"":""ok"",""voltage"":1.255,""pressure_kpa"":18.87,""pkt"":4086}",
2026-07-12T23:14:53,esp32,PR12P210,ok,1.241,18.53,4087,-63,9.75,"{""device"":""esp32"",""sensor"":""PR12P210"",""status"":""ok"",""voltage"":1.241,""pressure_kpa"":18.53,""pkt"":4087}",
2026-07-12T23:14:55,esp32,PR12P210,ok,1.22,17.99,4088,-63,9.75,"{""device"":""esp32"",""sensor"":""PR12P210"",""status"":""ok"",""voltage"":1.220,""pressure_kpa"":17.99,""pkt"":4088}",
2026-07-12T23:14:56,esp32,PR12P210,ok,1.251,18.78,4089,-63,10.00,"{""device"":""esp32"",""sensor"":""PR12P210"",""status"":""ok"",""voltage"":1.251,""pressure_kpa"":18.78,""pkt"":4089}",
2026-07-12T23:14:57,esp32,PR12P210,ok,1.218,17.95,4090,-63,10.25,"{""device"":""esp32"",""sensor"":""PR12P210"",""status"":""ok"",""voltage"":1.218,""pressure_kpa"":17.95,""pkt"":4090}",
2026-07-12T23:14:58,esp32,PR12P210,ok,1.254,18.85,4091,-63,9.75,"{""device"":""esp32"",""sensor"":""PR12P210"",""status"":""ok"",""voltage"":1.254,""pressure_kpa"":18.85,""pkt"":4091}",
2026-07-12T23:14:59,esp32,PR12P210,ok,1.249,18.72,4092,-63,10.00,"{""device"":""esp32"",""sensor"":""PR12P210"",""status"":""ok"",""voltage"":1.249,""pressure_kpa"":18.72,""pkt"":4092}",
2026-07-12T23:15:01,esp32,PR12P210,ok,1.214,17.85,4093,-63,9.75,"{""device"":""esp32"",""sensor"":""PR12P210"",""status"":""ok"",""voltage"":1.214,""pressure_kpa"":17.85,""pkt"":4093}",
2026-07-12T23:15:02,esp32,PR12P210,ok,1.254,18.86,4094,-63,10.00,"{""device"":""esp32"",""sensor"":""PR12P210"",""status"":""ok"",""voltage"":1.254,""pressure_kpa"":18.86,""pkt"":4094}",
2026-07-12T23:15:03,esp32,PR12P210,ok,1.246,18.65,4095,-64,10.50,"{""device"":""esp32"",""sensor"":""PR12P210"",""status"":""ok"",""voltage"":1.246,""pressure_kpa"":18.65,""pkt"":4095}",
2026-07-12T23:15:04,esp32,PR12P210,ok,1.215,17.88,4096,-63,10.25,"{""device"":""esp32"",""sensor"":""PR12P210"",""status"":""ok"",""voltage"":1.215,""pressure_kpa"":17.88,""pkt"":4096}",
2026-07-12T23:15:05,esp32,PR12P210,ok,1.214,17.85,4097,-63,9.75,"{""device"":""esp32"",""sensor"":""PR12P210"",""status"":""ok"",""voltage"":1.214,""pressure_kpa"":17.85,""pkt"":4097}",
2026-07-12T23:15:07,esp32,PR12P210,ok,1.25,18.74,4098,-64,10.00,"{""device"":""esp32"",""sensor"":""PR12P210"",""status"":""ok"",""voltage"":1.250,""pressure_kpa"":18.74,""pkt"":4098}",
2026-07-12T23:15:08,esp32,PR12P210,ok,1.23,18.25,4099,-63,10.25,"{""device"":""esp32"",""sensor"":""PR12P210"",""status"":""ok"",""voltage"":1.230,""pressure_kpa"":18.25,""pkt"":4099}",
2026-07-12T23:15:09,esp32,PR12P210,ok,1.208,17.7,4100,-63,10.00,"{""device"":""esp32"",""sensor"":""PR12P210"",""status"":""ok"",""voltage"":1.208,""pressure_kpa"":17.70,""pkt"":4100}",
2026-07-13T09:57:26,esp32,PR12P210,ok,1.761,31.52,308,-110,-1.00,"{""device"":""esp32"",""sensor"":""PR12P210"",""status"":""ok"",""voltage"":1.761,""pressure_kpa"":31.52,""pkt"":308}",
2026-07-13T09:57:27,esp32,PR12P210,ok,1.762,31.54,309,-109,-2.50,"{""device"":""esp32"",""sensor"":""PR12P210"",""status"":""ok"",""voltage"":1.762,""pressure_kpa"":31.54,""pkt"":309}",
2026-07-13T09:57:29,esp32,PR12P210,ok,1.759,31.49,310,-109,-0.50,"{""device"":""esp32"",""sensor"":""PR12P210"",""status"":""ok"",""voltage"":1.759,""pressure_kpa"":31.49,""pkt"":310}",
2026-07-13T09:57:30,esp32,PR12P210,ok,1.76,31.51,311,-109,-2.00,"{""device"":""esp32"",""sensor"":""PR12P210"",""status"":""ok"",""voltage"":1.760,""pressure_kpa"":31.51,""pkt"":311}",
2026-07-13T09:57:31,esp32,PR12P210,ok,1.761,31.53,312,-109,-0.75,"{""device"":""esp32"",""sensor"":""PR12P210"",""status"":""ok"",""voltage"":1.761,""pressure_kpa"":31.53,""pkt"":312}",
2026-07-13T09:57:32,esp32,PR12P210,ok,1.759,31.47,313,-109,-0.25,"{""device"":""esp32"",""sensor"":""PR12P210"",""status"":""ok"",""voltage"":1.759,""pressure_kpa"":31.47,""pkt"":313}",
2026-07-13T09:57:33,esp32,PR12P210,ok,1.764,31.61,314,-108,-2.00,"{""device"":""esp32"",""sensor"":""PR12P210"",""status"":""ok"",""voltage"":1.764,""pressure_kpa"":31.61,""pkt"":314}",
2026-07-13T09:57:34,esp32,PR12P210,ok,1.761,31.53,315,-110,-0.75,"{""device"":""esp32"",""sensor"":""PR12P210"",""status"":""ok"",""voltage"":1.761,""pressure_kpa"":31.53,""pkt"":315}",
2026-07-13T09:57:36,esp32,PR12P210,ok,1.76,31.49,316,-108,-1.25,"{""device"":""esp32"",""sensor"":""PR12P210"",""status"":""ok"",""voltage"":1.760,""pressure_kpa"":31.49,""pkt"":316}",
2026-07-13T09:57:37,esp32,PR12P210,ok,1.757,31.43,317,-108,-2.25,"{""device"":""esp32"",""sensor"":""PR12P210"",""status"":""ok"",""voltage"":1.757,""pressure_kpa"":31.43,""pkt"":317}",
2026-07-13T09:57:38,esp32,PR12P210,ok,1.76,31.5,318,-108,-3.75,"{""device"":""esp32"",""sensor"":""PR12P210"",""status"":""ok"",""voltage"":1.760,""pressure_kpa"":31.50,""pkt"":318}",
2026-07-13T09:57:39,esp32,PR12P210,ok,1.764,31.59,319,-109,-1.75,"{""device"":""esp32"",""sensor"":""PR12P210"",""status"":""ok"",""voltage"":1.764,""pressure_kpa"":31.59,""pkt"":319}",
2026-07-13T09:57:40,esp32,PR12P210,ok,1.758,31.46,320,-108,-3.25,"{""device"":""esp32"",""sensor"":""PR12P210"",""status"":""ok"",""voltage"":1.758,""pressure_kpa"":31.46,""pkt"":320}",
2026-07-13T09:57:42,esp32,PR12P210,ok,1.763,31.57,321,-109,-1.75,"{""device"":""esp32"",""sensor"":""PR12P210"",""status"":""ok"",""voltage"":1.763,""pressure_kpa"":31.57,""pkt"":321}",
2026-07-13T09:57:43,esp32,PR12P210,ok,1.761,31.52,322,-110,-1.25,"{""device"":""esp32"",""sensor"":""PR12P210"",""status"":""ok"",""voltage"":1.761,""pressure_kpa"":31.52,""pkt"":322}",
2026-07-13T09:57:44,esp32,PR12P210,ok,1.761,31.52,323,-109,-1.50,"{""device"":""esp32"",""sensor"":""PR12P210"",""status"":""ok"",""voltage"":1.761,""pressure_kpa"":31.52,""pkt"":323}",
2026-07-13T09:57:45,esp32,PR12P210,ok,1.762,31.54,324,-110,-0.50,"{""device"":""esp32"",""sensor"":""PR12P210"",""status"":""ok"",""voltage"":1.762,""pressure_kpa"":31.54,""pkt"":324}",
2026-07-13T09:57:46,esp32,PR12P210,ok,1.759,31.47,325,-108,-4.00,"{""device"":""esp32"",""sensor"":""PR12P210"",""status"":""ok"",""voltage"":1.759,""pressure_kpa"":31.47,""pkt"":325}",
2026-07-13T09:57:48,esp32,PR12P210,ok,1.759,31.47,326,-110,-1.50,"{""device"":""esp32"",""sensor"":""PR12P210"",""status"":""ok"",""voltage"":1.759,""pressure_kpa"":31.47,""pkt"":326}",
2026-07-13T09:57:49,esp32,PR12P210,ok,1.758,31.44,327,-110,0.00,"{""device"":""esp32"",""sensor"":""PR12P210"",""status"":""ok"",""voltage"":1.758,""pressure_kpa"":31.44,""pkt"":327}",
2026-07-13T09:57:50,esp32,PR12P210,ok,1.76,31.51,328,-108,-3.00,"{""device"":""esp32"",""sensor"":""PR12P210"",""status"":""ok"",""voltage"":1.760,""pressure_kpa"":31.51,""pkt"":328}",
2026-07-13T09:57:51,esp32,PR12P210,ok,1.761,31.51,329,-109,-1.00,"{""device"":""esp32"",""sensor"":""PR12P210"",""status"":""ok"",""voltage"":1.761,""pressure_kpa"":31.51,""pkt"":329}",
2026-07-13T09:57:52,esp32,PR12P210,ok,1.762,31.54,330,-110,-1.25,"{""device"":""esp32"",""sensor"":""PR12P210"",""status"":""ok"",""voltage"":1.762,""pressure_kpa"":31.54,""pkt"":330}",
2026-07-13T09:57:54,esp32,PR12P210,ok,1.758,31.45,331,-109,-2.25,"{""device"":""esp32"",""sensor"":""PR12P210"",""status"":""ok"",""voltage"":1.758,""pressure_kpa"":31.45,""pkt"":331}",
2026-07-13T09:57:55,esp32,PR12P210,ok,1.759,31.48,332,-107,-4.25,"{""device"":""esp32"",""sensor"":""PR12P210"",""status"":""ok"",""voltage"":1.759,""pressure_kpa"":31.48,""pkt"":332}",
2026-07-13T09:57:56,esp32,PR12P210,ok,1.762,31.55,333,-107,-4.75,"{""device"":""esp32"",""sensor"":""PR12P210"",""status"":""ok"",""voltage"":1.762,""pressure_kpa"":31.55,""pkt"":333}",
2026-07-13T09:57:57,esp32,PR12P210,ok,1.758,31.46,334,-109,-2.00,"{""device"":""esp32"",""sensor"":""PR12P210"",""status"":""ok"",""voltage"":1.758,""pressure_kpa"":31.46,""pkt"":334}",
2026-07-13T09:57:58,esp32,PR12P210,ok,1.762,31.55,335,-109,-1.25,"{""device"":""esp32"",""sensor"":""PR12P210"",""status"":""ok"",""voltage"":1.762,""pressure_kpa"":31.55,""pkt"":335}",
2026-07-13T09:58:00,esp32,PR12P210,ok,1.762,31.54,336,-109,-0.75,"{""device"":""esp32"",""sensor"":""PR12P210"",""status"":""ok"",""voltage"":1.762,""pressure_kpa"":31.54,""pkt"":336}",
2026-07-13T09:58:01,esp32,PR12P210,ok,1.76,31.51,337,-110,-0.75,"{""device"":""esp32"",""sensor"":""PR12P210"",""status"":""ok"",""voltage"":1.760,""pressure_kpa"":31.51,""pkt"":337}",
2026-07-13T09:58:02,esp32,PR12P210,ok,1.761,31.53,338,-109,-1.75,"{""device"":""esp32"",""sensor"":""PR12P210"",""status"":""ok"",""voltage"":1.761,""pressure_kpa"":31.53,""pkt"":338}",
2026-07-13T09:58:03,esp32,PR12P210,ok,1.762,31.55,339,-110,-0.50,"{""device"":""esp32"",""sensor"":""PR12P210"",""status"":""ok"",""voltage"":1.762,""pressure_kpa"":31.55,""pkt"":339}",
2026-07-13T09:58:04,esp32,PR12P210,ok,1.76,31.5,340,-111,1.25,"{""device"":""esp32"",""sensor"":""PR12P210"",""status"":""ok"",""voltage"":1.760,""pressure_kpa"":31.50,""pkt"":340}",
2026-07-13T09:58:05,esp32,PR12P210,ok,1.76,31.49,341,-110,-1.25,"{""device"":""esp32"",""sensor"":""PR12P210"",""status"":""ok"",""voltage"":1.760,""pressure_kpa"":31.49,""pkt"":341}",
2026-07-13T09:58:07,esp32,PR12P210,ok,1.761,31.53,342,-112,1.75,"{""device"":""esp32"",""sensor"":""PR12P210"",""status"":""ok"",""voltage"":1.761,""pressure_kpa"":31.53,""pkt"":342}",
2026-07-13T09:58:08,esp32,PR12P210,ok,1.759,31.47,343,-110,-1.25,"{""device"":""esp32"",""sensor"":""PR12P210"",""status"":""ok"",""voltage"":1.759,""pressure_kpa"":31.47,""pkt"":343}",
2026-07-13T09:58:09,esp32,PR12P210,ok,1.761,31.51,344,-110,-1.50,"{""device"":""esp32"",""sensor"":""PR12P210"",""status"":""ok"",""voltage"":1.761,""pressure_kpa"":31.51,""pkt"":344}",
2026-07-13T09:58:10,esp32,PR12P210,ok,1.763,31.56,345,-110,-1.00,"{""device"":""esp32"",""sensor"":""PR12P210"",""status"":""ok"",""voltage"":1.763,""pressure_kpa"":31.56,""pkt"":345}",
2026-07-13T09:58:11,esp32,PR12P210,ok,1.758,31.46,346,-110,-0.25,"{""device"":""esp32"",""sensor"":""PR12P210"",""status"":""ok"",""voltage"":1.758,""pressure_kpa"":31.46,""pkt"":346}",
2026-07-13T09:58:13,esp32,PR12P210,ok,1.759,31.48,347,-108,-3.50,"{""device"":""esp32"",""sensor"":""PR12P210"",""status"":""ok"",""voltage"":1.759,""pressure_kpa"":31.48,""pkt"":347}",
2026-07-13T09:58:14,esp32,PR12P210,ok,1.761,31.52,348,-110,-2.00,"{""device"":""esp32"",""sensor"":""PR12P210"",""status"":""ok"",""voltage"":1.761,""pressure_kpa"":31.52,""pkt"":348}",
2026-07-13T09:58:15,esp32,PR12P210,ok,1.761,31.52,349,-109,-1.25,"{""device"":""esp32"",""sensor"":""PR12P210"",""status"":""ok"",""voltage"":1.761,""pressure_kpa"":31.52,""pkt"":349}",
2026-07-13T09:58:16,esp32,PR12P210,ok,1.759,31.46,350,-110,-1.75,"{""device"":""esp32"",""sensor"":""PR12P210"",""status"":""ok"",""voltage"":1.759,""pressure_kpa"":31.46,""pkt"":350}",
2026-07-13T09:58:17,esp32,PR12P210,ok,1.761,31.53,351,-110,-0.75,"{""device"":""esp32"",""sensor"":""PR12P210"",""status"":""ok"",""voltage"":1.761,""pressure_kpa"":31.53,""pkt"":351}",
2026-07-13T09:58:19,esp32,PR12P210,ok,1.761,31.53,352,-111,0.75,"{""device"":""esp32"",""sensor"":""PR12P210"",""status"":""ok"",""voltage"":1.761,""pressure_kpa"":31.53,""pkt"":352}",
2026-07-13T09:58:20,esp32,PR12P210,ok,1.758,31.45,353,-111,0.75,"{""device"":""esp32"",""sensor"":""PR12P210"",""status"":""ok"",""voltage"":1.758,""pressure_kpa"":31.45,""pkt"":353}",
2026-07-13T09:58:21,esp32,PR12P210,ok,1.759,31.48,354,-111,0.25,"{""device"":""esp32"",""sensor"":""PR12P210"",""status"":""ok"",""voltage"":1.759,""pressure_kpa"":31.48,""pkt"":354}",
2026-07-13T09:58:22,esp32,PR12P210,ok,1.762,31.56,355,-109,-0.50,"{""device"":""esp32"",""sensor"":""PR12P210"",""status"":""ok"",""voltage"":1.762,""pressure_kpa"":31.56,""pkt"":355}",
2026-07-13T09:58:23,esp32,PR12P210,ok,1.759,31.46,356,-110,-0.50,"{""device"":""esp32"",""sensor"":""PR12P210"",""status"":""ok"",""voltage"":1.759,""pressure_kpa"":31.46,""pkt"":356}",
2026-07-13T09:58:25,esp32,PR12P210,ok,1.76,31.5,357,-110,-0.50,"{""device"":""esp32"",""sensor"":""PR12P210"",""status"":""ok"",""voltage"":1.760,""pressure_kpa"":31.50,""pkt"":357}",
2026-07-13T09:58:26,esp32,PR12P210,ok,1.761,31.53,358,-111,-0.25,"{""device"":""esp32"",""sensor"":""PR12P210"",""status"":""ok"",""voltage"":1.761,""pressure_kpa"":31.53,""pkt"":358}",
2026-07-13T09:58:27,esp32,PR12P210,ok,1.762,31.54,359,-111,1.75,"{""device"":""esp32"",""sensor"":""PR12P210"",""status"":""ok"",""voltage"":1.762,""pressure_kpa"":31.54,""pkt"":359}",
2026-07-13T09:58:28,esp32,PR12P210,ok,1.762,31.56,360,-111,1.50,"{""device"":""esp32"",""sensor"":""PR12P210"",""status"":""ok"",""voltage"":1.762,""pressure_kpa"":31.56,""pkt"":360}",
2026-07-13T09:58:29,esp32,PR12P210,ok,1.76,31.5,361,-111,2.25,"{""device"":""esp32"",""sensor"":""PR12P210"",""status"":""ok"",""voltage"":1.760,""pressure_kpa"":31.50,""pkt"":361}",
2026-07-13T09:58:30,esp32,PR12P210,ok,1.759,31.48,362,-111,1.75,"{""device"":""esp32"",""sensor"":""PR12P210"",""status"":""ok"",""voltage"":1.759,""pressure_kpa"":31.48,""pkt"":362}",
2026-07-13T09:58:32,esp32,PR12P210,ok,1.761,31.53,363,-111,1.75,"{""device"":""esp32"",""sensor"":""PR12P210"",""status"":""ok"",""voltage"":1.761,""pressure_kpa"":31.53,""pkt"":363}",
2026-07-13T09:58:33,esp32,PR12P210,ok,1.759,31.48,364,-111,2.25,"{""device"":""esp32"",""sensor"":""PR12P210"",""status"":""ok"",""voltage"":1.759,""pressure_kpa"":31.48,""pkt"":364}",
2026-07-13T09:58:34,esp32,PR12P210,ok,1.762,31.56,365,-111,0.75,"{""device"":""esp32"",""sensor"":""PR12P210"",""status"":""ok"",""voltage"":1.762,""pressure_kpa"":31.56,""pkt"":365}",
2026-07-13T09:58:36,esp32,PR12P210,ok,1.759,31.47,367,-113,0.75,"{""device"":""esp32"",""sensor"":""PR12P210"",""status"":""ok"",""voltage"":1.759,""pressure_kpa"":31.47,""pkt"":367}",
2026-07-13T09:58:38,esp32,PR12P210,ok,1.761,31.52,368,-111,2.25,"{""device"":""esp32"",""sensor"":""PR12P210"",""status"":""ok"",""voltage"":1.761,""pressure_kpa"":31.52,""pkt"":368}",
2026-07-13T09:58:39,esp32,PR12P210,ok,1.76,31.5,369,-111,2.25,"{""device"":""esp32"",""sensor"":""PR12P210"",""status"":""ok"",""voltage"":1.760,""pressure_kpa"":31.50,""pkt"":369}",
2026-07-13T09:58:40,esp32,PR12P210,ok,1.759,31.47,370,-111,0.50,"{""device"":""esp32"",""sensor"":""PR12P210"",""status"":""ok"",""voltage"":1.759,""pressure_kpa"":31.47,""pkt"":370}",
2026-07-13T09:58:41,esp32,PR12P210,ok,1.756,31.41,371,-112,2.00,"{""device"":""esp32"",""sensor"":""PR12P210"",""status"":""ok"",""voltage"":1.756,""pressure_kpa"":31.41,""pkt"":371}",
2026-07-13T09:58:42,esp32,PR12P210,ok,1.759,31.47,372,-112,1.75,"{""device"":""esp32"",""sensor"":""PR12P210"",""status"":""ok"",""voltage"":1.759,""pressure_kpa"":31.47,""pkt"":372}",
2026-07-13T09:58:44,esp32,PR12P210,ok,1.761,31.53,373,-111,0.00,"{""device"":""esp32"",""sensor"":""PR12P210"",""status"":""ok"",""voltage"":1.761,""pressure_kpa"":31.53,""pkt"":373}",
2026-07-13T09:58:45,esp32,PR12P210,ok,1.759,31.48,374,-111,1.50,"{""device"":""esp32"",""sensor"":""PR12P210"",""status"":""ok"",""voltage"":1.759,""pressure_kpa"":31.48,""pkt"":374}",
2026-07-13T09:58:46,esp32,PR12P210,ok,1.759,31.48,375,-110,0.25,"{""device"":""esp32"",""sensor"":""PR12P210"",""status"":""ok"",""voltage"":1.759,""pressure_kpa"":31.48,""pkt"":375}",
2026-07-13T09:58:47,esp32,PR12P210,ok,1.761,31.52,376,-111,2.00,"{""device"":""esp32"",""sensor"":""PR12P210"",""status"":""ok"",""voltage"":1.761,""pressure_kpa"":31.52,""pkt"":376}",
2026-07-13T09:58:48,esp32,PR12P210,ok,1.758,31.44,377,-113,-0.25,"{""device"":""esp32"",""sensor"":""PR12P210"",""status"":""ok"",""voltage"":1.758,""pressure_kpa"":31.44,""pkt"":377}",
2026-07-13T09:58:50,esp32,PR12P210,ok,1.759,31.46,378,-112,1.25,"{""device"":""esp32"",""sensor"":""PR12P210"",""status"":""ok"",""voltage"":1.759,""pressure_kpa"":31.46,""pkt"":378}",
2026-07-13T09:58:51,esp32,PR12P210,ok,1.758,31.44,379,-112,2.25,"{""device"":""esp32"",""sensor"":""PR12P210"",""status"":""ok"",""voltage"":1.758,""pressure_kpa"":31.44,""pkt"":379}",
2026-07-13T09:58:52,esp32,PR12P210,ok,1.756,31.4,380,-111,2.50,"{""device"":""esp32"",""sensor"":""PR12P210"",""status"":""ok"",""voltage"":1.756,""pressure_kpa"":31.40,""pkt"":380}",
2026-07-13T09:58:53,esp32,PR12P210,ok,1.758,31.46,381,-111,2.50,"{""device"":""esp32"",""sensor"":""PR12P210"",""status"":""ok"",""voltage"":1.758,""pressure_kpa"":31.46,""pkt"":381}",
2026-07-13T09:58:54,esp32,PR12P210,ok,1.758,31.45,382,-112,2.50,"{""device"":""esp32"",""sensor"":""PR12P210"",""status"":""ok"",""voltage"":1.758,""pressure_kpa"":31.45,""pkt"":382}",
2026-07-13T09:58:56,esp32,PR12P210,ok,1.758,31.46,383,-111,2.50,"{""device"":""esp32"",""sensor"":""PR12P210"",""status"":""ok"",""voltage"":1.758,""pressure_kpa"":31.46,""pkt"":383}",
2026-07-13T09:58:57,esp32,PR12P210,ok,1.759,31.48,384,-111,1.50,"{""device"":""esp32"",""sensor"":""PR12P210"",""status"":""ok"",""voltage"":1.759,""pressure_kpa"":31.48,""pkt"":384}",
2026-07-13T09:58:58,esp32,PR12P210,ok,1.759,31.47,385,-112,1.00,"{""device"":""esp32"",""sensor"":""PR12P210"",""status"":""ok"",""voltage"":1.759,""pressure_kpa"":31.47,""pkt"":385}",
2026-07-13T09:58:59,esp32,PR12P210,ok,1.757,31.42,386,-112,1.50,"{""device"":""esp32"",""sensor"":""PR12P210"",""status"":""ok"",""voltage"":1.757,""pressure_kpa"":31.42,""pkt"":386}",
2026-07-13T09:59:00,esp32,PR12P210,ok,1.758,31.45,387,-112,1.75,"{""device"":""esp32"",""sensor"":""PR12P210"",""status"":""ok"",""voltage"":1.758,""pressure_kpa"":31.45,""pkt"":387}",
2026-07-13T09:59:01,esp32,PR12P210,ok,1.76,31.51,388,-112,2.00,"{""device"":""esp32"",""sensor"":""PR12P210"",""status"":""ok"",""voltage"":1.760,""pressure_kpa"":31.51,""pkt"":388}",
2026-07-13T09:59:03,esp32,PR12P210,ok,1.756,31.4,389,-111,2.25,"{""device"":""esp32"",""sensor"":""PR12P210"",""status"":""ok"",""voltage"":1.756,""pressure_kpa"":31.40,""pkt"":389}",
2026-07-13T09:59:04,esp32,PR12P210,ok,1.758,31.46,390,-111,0.75,"{""device"":""esp32"",""sensor"":""PR12P210"",""status"":""ok"",""voltage"":1.758,""pressure_kpa"":31.46,""pkt"":390}",
2026-07-13T09:59:05,esp32,PR12P210,ok,1.758,31.44,391,-111,2.25,"{""device"":""esp32"",""sensor"":""PR12P210"",""status"":""ok"",""voltage"":1.758,""pressure_kpa"":31.44,""pkt"":391}",
2026-07-13T09:59:06,esp32,PR12P210,ok,1.759,31.48,392,-111,1.25,"{""device"":""esp32"",""sensor"":""PR12P210"",""status"":""ok"",""voltage"":1.759,""pressure_kpa"":31.48,""pkt"":392}",
2026-07-13T09:59:07,esp32,PR12P210,ok,1.758,31.46,393,-111,3.25,"{""device"":""esp32"",""sensor"":""PR12P210"",""status"":""ok"",""voltage"":1.758,""pressure_kpa"":31.46,""pkt"":393}",
2026-07-13T09:59:09,esp32,PR12P210,ok,1.76,31.5,394,-111,2.00,"{""device"":""esp32"",""sensor"":""PR12P210"",""status"":""ok"",""voltage"":1.760,""pressure_kpa"":31.50,""pkt"":394}",
2026-07-13T09:59:10,esp32,PR12P210,ok,1.757,31.43,395,-111,2.25,"{""device"":""esp32"",""sensor"":""PR12P210"",""status"":""ok"",""voltage"":1.757,""pressure_kpa"":31.43,""pkt"":395}",
2026-07-13T09:59:11,esp32,PR12P210,ok,1.759,31.47,396,-111,2.75,"{""device"":""esp32"",""sensor"":""PR12P210"",""status"":""ok"",""voltage"":1.759,""pressure_kpa"":31.47,""pkt"":396}",
2026-07-13T09:59:12,esp32,PR12P210,ok,1.762,31.56,397,-111,2.50,"{""device"":""esp32"",""sensor"":""PR12P210"",""status"":""ok"",""voltage"":1.762,""pressure_kpa"":31.56,""pkt"":397}",
2026-07-13T09:59:13,esp32,PR12P210,ok,1.761,31.52,398,-112,2.00,"{""device"":""esp32"",""sensor"":""PR12P210"",""status"":""ok"",""voltage"":1.761,""pressure_kpa"":31.52,""pkt"":398}",
2026-07-13T09:59:15,esp32,PR12P210,ok,1.758,31.45,399,-112,2.25,"{""device"":""esp32"",""sensor"":""PR12P210"",""status"":""ok"",""voltage"":1.758,""pressure_kpa"":31.45,""pkt"":399}",
2026-07-13T09:59:16,esp32,PR12P210,ok,1.757,31.43,400,-112,2.25,"{""device"":""esp32"",""sensor"":""PR12P210"",""status"":""ok"",""voltage"":1.757,""pressure_kpa"":31.43,""pkt"":400}",
2026-07-13T09:59:18,esp32,PR12P210,ok,1.758,31.45,402,-112,2.00,"{""device"":""esp32"",""sensor"":""PR12P210"",""status"":""ok"",""voltage"":1.758,""pressure_kpa"":31.45,""pkt"":402}",
2026-07-13T09:59:19,esp32,PR12P210,ok,1.757,31.43,403,-111,1.75,"{""device"":""esp32"",""sensor"":""PR12P210"",""status"":""ok"",""voltage"":1.757,""pressure_kpa"":31.43,""pkt"":403}",
2026-07-13T09:59:21,esp32,PR12P210,ok,1.76,31.5,404,-112,1.50,"{""device"":""esp32"",""sensor"":""PR12P210"",""status"":""ok"",""voltage"":1.760,""pressure_kpa"":31.50,""pkt"":404}",
2026-07-13T09:59:22,esp32,PR12P210,ok,1.757,31.42,405,-111,1.00,"{""device"":""esp32"",""sensor"":""PR12P210"",""status"":""ok"",""voltage"":1.757,""pressure_kpa"":31.42,""pkt"":405}",
2026-07-13T09:59:23,esp32,PR12P210,ok,1.76,31.5,406,-112,1.75,"{""device"":""esp32"",""sensor"":""PR12P210"",""status"":""ok"",""voltage"":1.760,""pressure_kpa"":31.50,""pkt"":406}",
2026-07-13T09:59:24,esp32,PR12P210,ok,1.761,31.52,407,-111,2.25,"{""device"":""esp32"",""sensor"":""PR12P210"",""status"":""ok"",""voltage"":1.761,""pressure_kpa"":31.52,""pkt"":407}",
2026-07-13T09:59:25,esp32,PR12P210,ok,1.758,31.45,408,-112,2.00,"{""device"":""esp32"",""sensor"":""PR12P210"",""status"":""ok"",""voltage"":1.758,""pressure_kpa"":31.45,""pkt"":408}",
2026-07-13T09:59:27,esp32,PR12P210,ok,1.757,31.43,409,-111,2.25,"{""device"":""esp32"",""sensor"":""PR12P210"",""status"":""ok"",""voltage"":1.757,""pressure_kpa"":31.43,""pkt"":409}",
2026-07-13T09:59:28,esp32,PR12P210,ok,1.759,31.47,410,-112,2.25,"{""device"":""esp32"",""sensor"":""PR12P210"",""status"":""ok"",""voltage"":1.759,""pressure_kpa"":31.47,""pkt"":410}",
2026-07-13T09:59:29,esp32,PR12P210,ok,1.758,31.46,411,-112,1.75,"{""device"":""esp32"",""sensor"":""PR12P210"",""status"":""ok"",""voltage"":1.758,""pressure_kpa"":31.46,""pkt"":411}",
2026-07-13T09:59:30,esp32,PR12P210,ok,1.757,31.43,412,-112,1.25,"{""device"":""esp32"",""sensor"":""PR12P210"",""status"":""ok"",""voltage"":1.757,""pressure_kpa"":31.43,""pkt"":412}",
2026-07-13T09:59:31,esp32,PR12P210,ok,1.758,31.46,413,-112,2.00,"{""device"":""esp32"",""sensor"":""PR12P210"",""status"":""ok"",""voltage"":1.758,""pressure_kpa"":31.46,""pkt"":413}",
2026-07-13T09:59:32,esp32,PR12P210,ok,1.76,31.51,414,-111,2.00,"{""device"":""esp32"",""sensor"":""PR12P210"",""status"":""ok"",""voltage"":1.760,""pressure_kpa"":31.51,""pkt"":414}",
2026-07-13T09:59:34,esp32,PR12P210,ok,1.758,31.46,415,-111,2.25,"{""device"":""esp32"",""sensor"":""PR12P210"",""status"":""ok"",""voltage"":1.758,""pressure_kpa"":31.46,""pkt"":415}",
2026-07-13T09:59:35,esp32,PR12P210,ok,1.757,31.41,416,-110,0.75,"{""device"":""esp32"",""sensor"":""PR12P210"",""status"":""ok"",""voltage"":1.757,""pressure_kpa"":31.41,""pkt"":416}",
2026-07-13T10:00:55,esp32,PR12P210,ok,1.757,31.44,483,-108,0.50,"{""device"":""esp32"",""sensor"":""PR12P210"",""status"":""ok"",""voltage"":1.757,""pressure_kpa"":31.44,""pkt"":483}",
2026-07-13T10:00:56,esp32,PR12P210,ok,1.759,31.48,484,-107,-1.75,"{""device"":""esp32"",""sensor"":""PR12P210"",""status"":""ok"",""voltage"":1.759,""pressure_kpa"":31.48,""pkt"":484}",
2026-07-13T10:00:57,esp32,PR12P210,ok,1.759,31.47,485,-108,-2.25,"{""device"":""esp32"",""sensor"":""PR12P210"",""status"":""ok"",""voltage"":1.759,""pressure_kpa"":31.47,""pkt"":485}",
2026-07-13T10:00:58,esp32,PR12P210,ok,1.757,31.43,486,-108,-3.00,"{""device"":""esp32"",""sensor"":""PR12P210"",""status"":""ok"",""voltage"":1.757,""pressure_kpa"":31.43,""pkt"":486}",
2026-07-13T10:01:00,esp32,PR12P210,ok,1.756,31.39,487,-108,-2.25,"{""device"":""esp32"",""sensor"":""PR12P210"",""status"":""ok"",""voltage"":1.756,""pressure_kpa"":31.39,""pkt"":487}",
2026-07-13T10:01:01,esp32,PR12P210,ok,1.757,31.44,488,-110,-1.75,"{""device"":""esp32"",""sensor"":""PR12P210"",""status"":""ok"",""voltage"":1.757,""pressure_kpa"":31.44,""pkt"":488}",
2026-07-13T10:01:02,esp32,PR12P210,ok,1.758,31.44,489,-109,-2.75,"{""device"":""esp32"",""sensor"":""PR12P210"",""status"":""ok"",""voltage"":1.758,""pressure_kpa"":31.44,""pkt"":489}",
2026-07-13T10:01:03,esp32,PR12P210,ok,1.76,31.5,490,-109,-2.00,"{""device"":""esp32"",""sensor"":""PR12P210"",""status"":""ok"",""voltage"":1.760,""pressure_kpa"":31.50,""pkt"":490}",
2026-07-13T10:01:04,esp32,PR12P210,ok,1.761,31.52,491,-108,-1.75,"{""device"":""esp32"",""sensor"":""PR12P210"",""status"":""ok"",""voltage"":1.761,""pressure_kpa"":31.52,""pkt"":491}",
2026-07-13T10:01:05,esp32,PR12P210,ok,1.755,31.37,492,-109,-1.00,"{""device"":""esp32"",""sensor"":""PR12P210"",""status"":""ok"",""voltage"":1.755,""pressure_kpa"":31.37,""pkt"":492}",
2026-07-13T10:01:07,esp32,PR12P210,ok,1.757,31.43,493,-110,1.25,"{""device"":""esp32"",""sensor"":""PR12P210"",""status"":""ok"",""voltage"":1.757,""pressure_kpa"":31.43,""pkt"":493}",
2026-07-13T10:01:08,esp32,PR12P210,ok,1.759,31.48,494,-107,-2.50,"{""device"":""esp32"",""sensor"":""PR12P210"",""status"":""ok"",""voltage"":1.759,""pressure_kpa"":31.48,""pkt"":494}",
2026-07-13T10:01:09,esp32,PR12P210,ok,1.76,31.51,495,-109,0.00,"{""device"":""esp32"",""sensor"":""PR12P210"",""status"":""ok"",""voltage"":1.760,""pressure_kpa"":31.51,""pkt"":495}",
2026-07-13T10:01:10,esp32,PR12P210,ok,1.758,31.46,496,-110,0.50,"{""device"":""esp32"",""sensor"":""PR12P210"",""status"":""ok"",""voltage"":1.758,""pressure_kpa"":31.46,""pkt"":496}",
2026-07-13T10:01:11,esp32,PR12P210,ok,1.757,31.42,497,-109,-0.50,"{""device"":""esp32"",""sensor"":""PR12P210"",""status"":""ok"",""voltage"":1.757,""pressure_kpa"":31.42,""pkt"":497}",
2026-07-13T10:01:13,esp32,PR12P210,ok,1.759,31.47,498,-109,2.00,"{""device"":""esp32"",""sensor"":""PR12P210"",""status"":""ok"",""voltage"":1.759,""pressure_kpa"":31.47,""pkt"":498}",
2026-07-13T10:01:14,esp32,PR12P210,ok,1.759,31.47,499,-110,0.50,"{""device"":""esp32"",""sensor"":""PR12P210"",""status"":""ok"",""voltage"":1.759,""pressure_kpa"":31.47,""pkt"":499}",
2026-07-13T10:01:15,esp32,PR12P210,ok,1.757,31.42,500,-109,-0.75,"{""device"":""esp32"",""sensor"":""PR12P210"",""status"":""ok"",""voltage"":1.757,""pressure_kpa"":31.42,""pkt"":500}",
2026-07-13T10:01:16,esp32,PR12P210,ok,1.757,31.43,501,-109,-1.25,"{""device"":""esp32"",""sensor"":""PR12P210"",""status"":""ok"",""voltage"":1.757,""pressure_kpa"":31.43,""pkt"":501}",
2026-07-13T10:01:17,esp32,PR12P210,ok,1.758,31.44,502,-109,-1.00,"{""device"":""esp32"",""sensor"":""PR12P210"",""status"":""ok"",""voltage"":1.758,""pressure_kpa"":31.44,""pkt"":502}",
2026-07-13T10:01:19,esp32,PR12P210,ok,1.759,31.46,503,-110,-1.25,"{""device"":""esp32"",""sensor"":""PR12P210"",""status"":""ok"",""voltage"":1.759,""pressure_kpa"":31.46,""pkt"":503}",
2026-07-13T10:01:20,esp32,PR12P210,ok,1.757,31.42,504,-111,1.25,"{""device"":""esp32"",""sensor"":""PR12P210"",""status"":""ok"",""voltage"":1.757,""pressure_kpa"":31.42,""pkt"":504}",
2026-07-13T10:01:21,esp32,PR12P210,ok,1.757,31.42,505,-110,-0.25,"{""device"":""esp32"",""sensor"":""PR12P210"",""status"":""ok"",""voltage"":1.757,""pressure_kpa"":31.42,""pkt"":505}",
2026-07-13T10:01:22,esp32,PR12P210,ok,1.756,31.39,506,-109,-0.25,"{""device"":""esp32"",""sensor"":""PR12P210"",""status"":""ok"",""voltage"":1.756,""pressure_kpa"":31.39,""pkt"":506}",
2026-07-13T10:01:23,esp32,PR12P210,ok,1.761,31.51,507,-110,0.25,"{""device"":""esp32"",""sensor"":""PR12P210"",""status"":""ok"",""voltage"":1.761,""pressure_kpa"":31.51,""pkt"":507}",
2026-07-13T10:01:25,esp32,PR12P210,ok,1.756,31.41,508,-109,-1.25,"{""device"":""esp32"",""sensor"":""PR12P210"",""status"":""ok"",""voltage"":1.756,""pressure_kpa"":31.41,""pkt"":508}",
2026-07-13T10:01:26,esp32,PR12P210,ok,1.761,31.53,509,-110,-0.75,"{""device"":""esp32"",""sensor"":""PR12P210"",""status"":""ok"",""voltage"":1.761,""pressure_kpa"":31.53,""pkt"":509}",
2026-07-13T10:01:27,esp32,PR12P210,ok,1.757,31.43,510,-110,-1.00,"{""device"":""esp32"",""sensor"":""PR12P210"",""status"":""ok"",""voltage"":1.757,""pressure_kpa"":31.43,""pkt"":510}",
2026-07-13T10:01:28,esp32,PR12P210,ok,1.757,31.43,511,-111,1.50,"{""device"":""esp32"",""sensor"":""PR12P210"",""status"":""ok"",""voltage"":1.757,""pressure_kpa"":31.43,""pkt"":511}",
2026-07-13T10:01:29,esp32,PR12P210,ok,1.755,31.38,512,-110,-1.50,"{""device"":""esp32"",""sensor"":""PR12P210"",""status"":""ok"",""voltage"":1.755,""pressure_kpa"":31.38,""pkt"":512}",
2026-07-13T10:01:30,esp32,PR12P210,ok,1.757,31.44,513,-112,1.25,"{""device"":""esp32"",""sensor"":""PR12P210"",""status"":""ok"",""voltage"":1.757,""pressure_kpa"":31.44,""pkt"":513}",
2026-07-13T10:01:32,esp32,PR12P210,ok,1.759,31.46,514,-111,1.50,"{""device"":""esp32"",""sensor"":""PR12P210"",""status"":""ok"",""voltage"":1.759,""pressure_kpa"":31.46,""pkt"":514}",
2026-07-13T10:01:33,esp32,PR12P210,ok,1.76,31.51,515,-112,2.00,"{""device"":""esp32"",""sensor"":""PR12P210"",""status"":""ok"",""voltage"":1.760,""pressure_kpa"":31.51,""pkt"":515}",
2026-07-13T10:01:34,esp32,PR12P210,ok,1.757,31.44,516,-111,1.50,"{""device"":""esp32"",""sensor"":""PR12P210"",""status"":""ok"",""voltage"":1.757,""pressure_kpa"":31.44,""pkt"":516}",
2026-07-13T10:01:35,esp32,PR12P210,ok,1.758,31.45,517,-112,1.75,"{""device"":""esp32"",""sensor"":""PR12P210"",""status"":""ok"",""voltage"":1.758,""pressure_kpa"":31.45,""pkt"":517}",
2026-07-13T10:01:36,esp32,PR12P210,ok,1.76,31.49,518,-111,1.75,"{""device"":""esp32"",""sensor"":""PR12P210"",""status"":""ok"",""voltage"":1.760,""pressure_kpa"":31.49,""pkt"":518}",
2026-07-13T10:01:38,esp32,PR12P210,ok,1.758,31.45,519,-111,1.50,"{""device"":""esp32"",""sensor"":""PR12P210"",""status"":""ok"",""voltage"":1.758,""pressure_kpa"":31.45,""pkt"":519}",
2026-07-13T10:01:39,esp32,PR12P210,ok,1.755,31.38,520,-112,1.50,"{""device"":""esp32"",""sensor"":""PR12P210"",""status"":""ok"",""voltage"":1.755,""pressure_kpa"":31.38,""pkt"":520}",
2026-07-13T10:01:40,esp32,PR12P210,ok,1.761,31.53,521,-112,2.75,"{""device"":""esp32"",""sensor"":""PR12P210"",""status"":""ok"",""voltage"":1.761,""pressure_kpa"":31.53,""pkt"":521}",
2026-07-13T10:01:41,esp32,PR12P210,ok,1.758,31.45,522,-112,1.75,"{""device"":""esp32"",""sensor"":""PR12P210"",""status"":""ok"",""voltage"":1.758,""pressure_kpa"":31.45,""pkt"":522}",
2026-07-13T10:01:42,esp32,PR12P210,ok,1.76,31.5,523,-111,1.25,"{""device"":""esp32"",""sensor"":""PR12P210"",""status"":""ok"",""voltage"":1.760,""pressure_kpa"":31.50,""pkt"":523}",
2026-07-13T10:01:44,esp32,PR12P210,ok,1.759,31.47,524,-111,0.50,"{""device"":""esp32"",""sensor"":""PR12P210"",""status"":""ok"",""voltage"":1.759,""pressure_kpa"":31.47,""pkt"":524}",
2026-07-13T10:01:45,esp32,PR12P210,ok,1.757,31.43,525,-111,2.25,"{""device"":""esp32"",""sensor"":""PR12P210"",""status"":""ok"",""voltage"":1.757,""pressure_kpa"":31.43,""pkt"":525}",
2026-07-13T10:01:46,esp32,PR12P210,ok,1.761,31.52,526,-112,2.50,"{""device"":""esp32"",""sensor"":""PR12P210"",""status"":""ok"",""voltage"":1.761,""pressure_kpa"":31.52,""pkt"":526}",
2026-07-13T10:01:47,esp32,PR12P210,ok,1.757,31.43,527,-111,2.50,"{""device"":""esp32"",""sensor"":""PR12P210"",""status"":""ok"",""voltage"":1.757,""pressure_kpa"":31.43,""pkt"":527}",
2026-07-13T10:01:48,esp32,PR12P210,ok,1.754,31.35,528,-112,2.00,"{""device"":""esp32"",""sensor"":""PR12P210"",""status"":""ok"",""voltage"":1.754,""pressure_kpa"":31.35,""pkt"":528}",
2026-07-13T10:01:50,esp32,PR12P210,ok,1.759,31.46,529,-111,1.50,"{""device"":""esp32"",""sensor"":""PR12P210"",""status"":""ok"",""voltage"":1.759,""pressure_kpa"":31.46,""pkt"":529}",
2026-07-13T10:01:51,esp32,PR12P210,ok,1.758,31.44,530,-112,2.00,"{""device"":""esp32"",""sensor"":""PR12P210"",""status"":""ok"",""voltage"":1.758,""pressure_kpa"":31.44,""pkt"":530}",
2026-07-13T10:01:52,esp32,PR12P210,ok,1.755,31.37,531,-111,2.50,"{""device"":""esp32"",""sensor"":""PR12P210"",""status"":""ok"",""voltage"":1.755,""pressure_kpa"":31.37,""pkt"":531}",
2026-07-13T10:01:53,esp32,PR12P210,ok,1.76,31.5,532,-111,1.50,"{""device"":""esp32"",""sensor"":""PR12P210"",""status"":""ok"",""voltage"":1.760,""pressure_kpa"":31.50,""pkt"":532}",
2026-07-13T10:01:54,esp32,PR12P210,ok,1.757,31.43,533,-110,0.00,"{""device"":""esp32"",""sensor"":""PR12P210"",""status"":""ok"",""voltage"":1.757,""pressure_kpa"":31.43,""pkt"":533}",
2026-07-13T10:01:56,esp32,PR12P210,ok,1.758,31.45,534,-110,-1.00,"{""device"":""esp32"",""sensor"":""PR12P210"",""status"":""ok"",""voltage"":1.758,""pressure_kpa"":31.45,""pkt"":534}",
2026-07-13T10:01:57,esp32,PR12P210,ok,1.76,31.5,535,-110,0.75,"{""device"":""esp32"",""sensor"":""PR12P210"",""status"":""ok"",""voltage"":1.760,""pressure_kpa"":31.50,""pkt"":535}",
2026-07-13T10:01:58,esp32,PR12P210,ok,1.758,31.44,536,-109,-0.75,"{""device"":""esp32"",""sensor"":""PR12P210"",""status"":""ok"",""voltage"":1.758,""pressure_kpa"":31.44,""pkt"":536}",
2026-07-13T10:01:59,esp32,PR12P210,ok,1.757,31.42,537,-108,-4.25,"{""device"":""esp32"",""sensor"":""PR12P210"",""status"":""ok"",""voltage"":1.757,""pressure_kpa"":31.42,""pkt"":537}",
2026-07-13T10:02:00,esp32,PR12P210,ok,1.759,31.47,538,-108,-3.25,"{""device"":""esp32"",""sensor"":""PR12P210"",""status"":""ok"",""voltage"":1.759,""pressure_kpa"":31.47,""pkt"":538}",
2026-07-13T10:02:01,esp32,PR12P210,ok,1.758,31.46,539,-108,-1.50,"{""device"":""esp32"",""sensor"":""PR12P210"",""status"":""ok"",""voltage"":1.758,""pressure_kpa"":31.46,""pkt"":539}",
2026-07-13T10:02:03,esp32,PR12P210,ok,1.761,31.52,540,-109,-1.75,"{""device"":""esp32"",""sensor"":""PR12P210"",""status"":""ok"",""voltage"":1.761,""pressure_kpa"":31.52,""pkt"":540}",
2026-07-13T10:02:04,esp32,PR12P210,ok,1.757,31.44,541,-107,-4.00,"{""device"":""esp32"",""sensor"":""PR12P210"",""status"":""ok"",""voltage"":1.757,""pressure_kpa"":31.44,""pkt"":541}",
2026-07-13T10:02:05,esp32,PR12P210,ok,1.758,31.44,542,-110,-0.25,"{""device"":""esp32"",""sensor"":""PR12P210"",""status"":""ok"",""voltage"":1.758,""pressure_kpa"":31.44,""pkt"":542}",
2026-07-13T10:02:06,esp32,PR12P210,ok,1.757,31.43,543,-108,-2.75,"{""device"":""esp32"",""sensor"":""PR12P210"",""status"":""ok"",""voltage"":1.757,""pressure_kpa"":31.43,""pkt"":543}",
2026-07-13T10:02:07,esp32,PR12P210,ok,1.758,31.45,544,-110,1.25,"{""device"":""esp32"",""sensor"":""PR12P210"",""status"":""ok"",""voltage"":1.758,""pressure_kpa"":31.45,""pkt"":544}",
2026-07-13T10:02:09,esp32,PR12P210,ok,1.758,31.44,545,-111,2.75,"{""device"":""esp32"",""sensor"":""PR12P210"",""status"":""ok"",""voltage"":1.758,""pressure_kpa"":31.44,""pkt"":545}",
2026-07-13T10:02:10,esp32,PR12P210,ok,1.758,31.45,546,-111,2.00,"{""device"":""esp32"",""sensor"":""PR12P210"",""status"":""ok"",""voltage"":1.758,""pressure_kpa"":31.45,""pkt"":546}",
2026-07-13T10:02:11,esp32,PR12P210,ok,1.756,31.4,547,-111,2.00,"{""device"":""esp32"",""sensor"":""PR12P210"",""status"":""ok"",""voltage"":1.756,""pressure_kpa"":31.40,""pkt"":547}",
2026-07-13T10:02:12,esp32,PR12P210,ok,1.759,31.48,548,-111,2.00,"{""device"":""esp32"",""sensor"":""PR12P210"",""status"":""ok"",""voltage"":1.759,""pressure_kpa"":31.48,""pkt"":548}",
2026-07-13T10:02:13,esp32,PR12P210,ok,1.759,31.47,549,-111,2.50,"{""device"":""esp32"",""sensor"":""PR12P210"",""status"":""ok"",""voltage"":1.759,""pressure_kpa"":31.47,""pkt"":549}",
2026-07-13T10:02:15,esp32,PR12P210,ok,1.759,31.49,550,-112,1.25,"{""device"":""esp32"",""sensor"":""PR12P210"",""status"":""ok"",""voltage"":1.759,""pressure_kpa"":31.49,""pkt"":550}",
2026-07-13T10:02:16,esp32,PR12P210,ok,1.762,31.54,551,-111,-0.50,"{""device"":""esp32"",""sensor"":""PR12P210"",""status"":""ok"",""voltage"":1.762,""pressure_kpa"":31.54,""pkt"":551}",
2026-07-13T10:02:17,esp32,PR12P210,ok,1.758,31.45,552,-112,1.75,"{""device"":""esp32"",""sensor"":""PR12P210"",""status"":""ok"",""voltage"":1.758,""pressure_kpa"":31.45,""pkt"":552}",
2026-07-13T10:02:18,esp32,PR12P210,ok,1.758,31.44,553,-112,1.25,"{""device"":""esp32"",""sensor"":""PR12P210"",""status"":""ok"",""voltage"":1.758,""pressure_kpa"":31.44,""pkt"":553}",
2026-07-13T10:02:19,esp32,PR12P210,ok,1.758,31.46,554,-111,2.00,"{""device"":""esp32"",""sensor"":""PR12P210"",""status"":""ok"",""voltage"":1.758,""pressure_kpa"":31.46,""pkt"":554}",
2026-07-13T10:02:21,esp32,PR12P210,ok,1.756,31.41,555,-111,2.50,"{""device"":""esp32"",""sensor"":""PR12P210"",""status"":""ok"",""voltage"":1.756,""pressure_kpa"":31.41,""pkt"":555}",
2026-07-13T10:02:22,esp32,PR12P210,ok,1.761,31.53,556,-112,1.75,"{""device"":""esp32"",""sensor"":""PR12P210"",""status"":""ok"",""voltage"":1.761,""pressure_kpa"":31.53,""pkt"":556}",
2026-07-13T10:02:23,esp32,PR12P210,ok,1.757,31.42,557,-110,-0.25,"{""device"":""esp32"",""sensor"":""PR12P210"",""status"":""ok"",""voltage"":1.757,""pressure_kpa"":31.42,""pkt"":557}",
2026-07-13T10:02:24,esp32,PR12P210,ok,1.757,31.43,558,-112,1.75,"{""device"":""esp32"",""sensor"":""PR12P210"",""status"":""ok"",""voltage"":1.757,""pressure_kpa"":31.43,""pkt"":558}",
2026-07-13T10:02:25,esp32,PR12P210,ok,1.756,31.4,559,-111,2.75,"{""device"":""esp32"",""sensor"":""PR12P210"",""status"":""ok"",""voltage"":1.756,""pressure_kpa"":31.40,""pkt"":559}",
2026-07-13T10:02:27,esp32,PR12P210,ok,1.759,31.48,560,-110,3.25,"{""device"":""esp32"",""sensor"":""PR12P210"",""status"":""ok"",""voltage"":1.759,""pressure_kpa"":31.48,""pkt"":560}",
2026-07-13T10:02:28,esp32,PR12P210,ok,1.756,31.4,561,-111,3.00,"{""device"":""esp32"",""sensor"":""PR12P210"",""status"":""ok"",""voltage"":1.756,""pressure_kpa"":31.40,""pkt"":561}",
2026-07-13T10:02:29,esp32,PR12P210,ok,1.757,31.44,562,-111,3.25,"{""device"":""esp32"",""sensor"":""PR12P210"",""status"":""ok"",""voltage"":1.757,""pressure_kpa"":31.44,""pkt"":562}",
2026-07-13T10:02:30,esp32,PR12P210,ok,1.761,31.53,563,-110,1.75,"{""device"":""esp32"",""sensor"":""PR12P210"",""status"":""ok"",""voltage"":1.761,""pressure_kpa"":31.53,""pkt"":563}",
2026-07-13T10:02:31,esp32,PR12P210,ok,1.759,31.49,564,-111,1.75,"{""device"":""esp32"",""sensor"":""PR12P210"",""status"":""ok"",""voltage"":1.759,""pressure_kpa"":31.49,""pkt"":564}",
2026-07-13T10:02:32,esp32,PR12P210,ok,1.759,31.48,565,-110,-2.00,"{""device"":""esp32"",""sensor"":""PR12P210"",""status"":""ok"",""voltage"":1.759,""pressure_kpa"":31.48,""pkt"":565}",
2026-07-13T10:02:34,esp32,PR12P210,ok,1.759,31.48,566,-110,0.75,"{""device"":""esp32"",""sensor"":""PR12P210"",""status"":""ok"",""voltage"":1.759,""pressure_kpa"":31.48,""pkt"":566}",
2026-07-13T10:02:35,esp32,PR12P210,ok,1.758,31.44,567,-110,3.25,"{""device"":""esp32"",""sensor"":""PR12P210"",""status"":""ok"",""voltage"":1.758,""pressure_kpa"":31.44,""pkt"":567}",
2026-07-13T10:02:36,esp32,PR12P210,ok,1.757,31.43,568,-111,1.75,"{""device"":""esp32"",""sensor"":""PR12P210"",""status"":""ok"",""voltage"":1.757,""pressure_kpa"":31.43,""pkt"":568}",
2026-07-13T10:02:37,esp32,PR12P210,ok,1.758,31.46,569,-111,2.75,"{""device"":""esp32"",""sensor"":""PR12P210"",""status"":""ok"",""voltage"":1.758,""pressure_kpa"":31.46,""pkt"":569}",
2026-07-13T10:02:38,esp32,PR12P210,ok,1.757,31.42,570,-111,2.50,"{""device"":""esp32"",""sensor"":""PR12P210"",""status"":""ok"",""voltage"":1.757,""pressure_kpa"":31.42,""pkt"":570}",
2026-07-13T10:02:40,esp32,PR12P210,ok,1.755,31.37,571,-112,2.00,"{""device"":""esp32"",""sensor"":""PR12P210"",""status"":""ok"",""voltage"":1.755,""pressure_kpa"":31.37,""pkt"":571}",
2026-07-13T10:02:41,esp32,PR12P210,ok,1.758,31.45,572,-111,2.50,"{""device"":""esp32"",""sensor"":""PR12P210"",""status"":""ok"",""voltage"":1.758,""pressure_kpa"":31.45,""pkt"":572}",
2026-07-13T10:02:42,esp32,PR12P210,ok,1.758,31.44,573,-110,0.00,"{""device"":""esp32"",""sensor"":""PR12P210"",""status"":""ok"",""voltage"":1.758,""pressure_kpa"":31.44,""pkt"":573}",
2026-07-13T10:02:43,esp32,PR12P210,ok,1.759,31.48,574,-111,1.25,"{""device"":""esp32"",""sensor"":""PR12P210"",""status"":""ok"",""voltage"":1.759,""pressure_kpa"":31.48,""pkt"":574}",
2026-07-13T10:02:44,esp32,PR12P210,ok,1.757,31.43,575,-111,2.75,"{""device"":""esp32"",""sensor"":""PR12P210"",""status"":""ok"",""voltage"":1.757,""pressure_kpa"":31.43,""pkt"":575}",
2026-07-13T10:02:46,esp32,PR12P210,ok,1.756,31.39,576,-111,2.25,"{""device"":""esp32"",""sensor"":""PR12P210"",""status"":""ok"",""voltage"":1.756,""pressure_kpa"":31.39,""pkt"":576}",
2026-07-13T10:02:47,esp32,PR12P210,ok,1.758,31.44,577,-110,3.00,"{""device"":""esp32"",""sensor"":""PR12P210"",""status"":""ok"",""voltage"":1.758,""pressure_kpa"":31.44,""pkt"":577}",
2026-07-13T10:02:48,esp32,PR12P210,ok,1.758,31.45,578,-109,1.25,"{""device"":""esp32"",""sensor"":""PR12P210"",""status"":""ok"",""voltage"":1.758,""pressure_kpa"":31.45,""pkt"":578}",
2026-07-13T10:02:49,esp32,PR12P210,ok,1.758,31.45,579,-111,3.00,"{""device"":""esp32"",""sensor"":""PR12P210"",""status"":""ok"",""voltage"":1.758,""pressure_kpa"":31.45,""pkt"":579}",
2026-07-13T10:02:50,esp32,PR12P210,ok,1.756,31.39,580,-111,2.50,"{""device"":""esp32"",""sensor"":""PR12P210"",""status"":""ok"",""voltage"":1.756,""pressure_kpa"":31.39,""pkt"":580}",
2026-07-13T10:02:52,esp32,PR12P210,ok,1.758,31.46,581,-111,2.00,"{""device"":""esp32"",""sensor"":""PR12P210"",""status"":""ok"",""voltage"":1.758,""pressure_kpa"":31.46,""pkt"":581}",
2026-07-13T10:02:53,esp32,PR12P210,ok,1.759,31.47,582,-111,2.75,"{""device"":""esp32"",""sensor"":""PR12P210"",""status"":""ok"",""voltage"":1.759,""pressure_kpa"":31.47,""pkt"":582}",
2026-07-13T10:02:54,esp32,PR12P210,ok,1.756,31.4,583,-110,1.00,"{""device"":""esp32"",""sensor"":""PR12P210"",""status"":""ok"",""voltage"":1.756,""pressure_kpa"":31.40,""pkt"":583}",
2026-07-13T10:02:55,esp32,PR12P210,ok,1.757,31.43,584,-111,2.25,"{""device"":""esp32"",""sensor"":""PR12P210"",""status"":""ok"",""voltage"":1.757,""pressure_kpa"":31.43,""pkt"":584}",
2026-07-13T10:02:56,esp32,PR12P210,ok,1.756,31.4,585,-112,2.00,"{""device"":""esp32"",""sensor"":""PR12P210"",""status"":""ok"",""voltage"":1.756,""pressure_kpa"":31.40,""pkt"":585}",
2026-07-13T10:02:58,esp32,PR12P210,ok,1.756,31.41,586,-111,2.00,"{""device"":""esp32"",""sensor"":""PR12P210"",""status"":""ok"",""voltage"":1.756,""pressure_kpa"":31.41,""pkt"":586}",
2026-07-13T10:02:59,esp32,PR12P210,ok,1.757,31.42,587,-110,2.75,"{""device"":""esp32"",""sensor"":""PR12P210"",""status"":""ok"",""voltage"":1.757,""pressure_kpa"":31.42,""pkt"":587}",
2026-07-13T10:03:00,esp32,PR12P210,ok,1.757,31.42,588,-111,2.00,"{""device"":""esp32"",""sensor"":""PR12P210"",""status"":""ok"",""voltage"":1.757,""pressure_kpa"":31.42,""pkt"":588}",
2026-07-13T10:03:01,esp32,PR12P210,ok,1.758,31.46,589,-111,2.75,"{""device"":""esp32"",""sensor"":""PR12P210"",""status"":""ok"",""voltage"":1.758,""pressure_kpa"":31.46,""pkt"":589}",
2026-07-13T10:03:02,esp32,PR12P210,ok,1.757,31.42,590,-110,3.50,"{""device"":""esp32"",""sensor"":""PR12P210"",""status"":""ok"",""voltage"":1.757,""pressure_kpa"":31.42,""pkt"":590}",
2026-07-13T10:03:03,esp32,PR12P210,ok,1.757,31.42,591,-111,2.50,"{""device"":""esp32"",""sensor"":""PR12P210"",""status"":""ok"",""voltage"":1.757,""pressure_kpa"":31.42,""pkt"":591}",
2026-07-13T10:03:05,esp32,PR12P210,ok,1.755,31.38,592,-111,3.00,"{""device"":""esp32"",""sensor"":""PR12P210"",""status"":""ok"",""voltage"":1.755,""pressure_kpa"":31.38,""pkt"":592}",
2026-07-13T10:03:06,esp32,PR12P210,ok,1.756,31.39,593,-111,2.75,"{""device"":""esp32"",""sensor"":""PR12P210"",""status"":""ok"",""voltage"":1.756,""pressure_kpa"":31.39,""pkt"":593}",
2026-07-13T10:03:07,esp32,PR12P210,ok,1.756,31.4,594,-110,4.25,"{""device"":""esp32"",""sensor"":""PR12P210"",""status"":""ok"",""voltage"":1.756,""pressure_kpa"":31.40,""pkt"":594}",
2026-07-13T10:03:08,esp32,PR12P210,ok,1.754,31.34,595,-110,3.75,"{""device"":""esp32"",""sensor"":""PR12P210"",""status"":""ok"",""voltage"":1.754,""pressure_kpa"":31.34,""pkt"":595}",
2026-07-13T10:03:09,esp32,PR12P210,ok,1.758,31.45,596,-111,3.50,"{""device"":""esp32"",""sensor"":""PR12P210"",""status"":""ok"",""voltage"":1.758,""pressure_kpa"":31.45,""pkt"":596}",
2026-07-13T10:03:11,esp32,PR12P210,ok,1.755,31.38,597,-110,4.00,"{""device"":""esp32"",""sensor"":""PR12P210"",""status"":""ok"",""voltage"":1.755,""pressure_kpa"":31.38,""pkt"":597}",
2026-07-13T10:03:12,esp32,PR12P210,ok,1.756,31.39,598,-111,3.25,"{""device"":""esp32"",""sensor"":""PR12P210"",""status"":""ok"",""voltage"":1.756,""pressure_kpa"":31.39,""pkt"":598}",
2026-07-13T10:03:13,esp32,PR12P210,ok,1.758,31.45,599,-110,3.00,"{""device"":""esp32"",""sensor"":""PR12P210"",""status"":""ok"",""voltage"":1.758,""pressure_kpa"":31.45,""pkt"":599}",
2026-07-13T10:03:14,esp32,PR12P210,ok,1.759,31.47,600,-110,3.00,"{""device"":""esp32"",""sensor"":""PR12P210"",""status"":""ok"",""voltage"":1.759,""pressure_kpa"":31.47,""pkt"":600}",
2026-07-13T10:03:15,esp32,PR12P210,ok,1.756,31.41,601,-110,0.25,"{""device"":""esp32"",""sensor"":""PR12P210"",""status"":""ok"",""voltage"":1.756,""pressure_kpa"":31.41,""pkt"":601}",
2026-07-13T10:03:17,esp32,PR12P210,ok,1.755,31.37,602,-110,1.00,"{""device"":""esp32"",""sensor"":""PR12P210"",""status"":""ok"",""voltage"":1.755,""pressure_kpa"":31.37,""pkt"":602}",
2026-07-13T10:03:18,esp32,PR12P210,ok,1.755,31.38,603,-111,3.25,"{""device"":""esp32"",""sensor"":""PR12P210"",""status"":""ok"",""voltage"":1.755,""pressure_kpa"":31.38,""pkt"":603}",
2026-07-13T10:03:19,esp32,PR12P210,ok,1.757,31.42,604,-111,3.00,"{""device"":""esp32"",""sensor"":""PR12P210"",""status"":""ok"",""voltage"":1.757,""pressure_kpa"":31.42,""pkt"":604}",
2026-07-13T10:03:20,esp32,PR12P210,ok,1.76,31.49,605,-111,2.50,"{""device"":""esp32"",""sensor"":""PR12P210"",""status"":""ok"",""voltage"":1.760,""pressure_kpa"":31.49,""pkt"":605}",
2026-07-13T10:03:21,esp32,PR12P210,ok,1.757,31.43,606,-111,0.50,"{""device"":""esp32"",""sensor"":""PR12P210"",""status"":""ok"",""voltage"":1.757,""pressure_kpa"":31.43,""pkt"":606}",
2026-07-13T10:03:23,esp32,PR12P210,ok,1.762,31.56,607,-110,2.00,"{""device"":""esp32"",""sensor"":""PR12P210"",""status"":""ok"",""voltage"":1.762,""pressure_kpa"":31.56,""pkt"":607}",
2026-07-13T10:03:24,esp32,PR12P210,ok,1.754,31.35,608,-112,2.00,"{""device"":""esp32"",""sensor"":""PR12P210"",""status"":""ok"",""voltage"":1.754,""pressure_kpa"":31.35,""pkt"":608}",
2026-07-13T10:03:25,esp32,PR12P210,ok,1.757,31.42,609,-111,1.50,"{""device"":""esp32"",""sensor"":""PR12P210"",""status"":""ok"",""voltage"":1.757,""pressure_kpa"":31.42,""pkt"":609}",
2026-07-13T10:03:26,esp32,PR12P210,ok,1.756,31.41,610,-112,2.50,"{""device"":""esp32"",""sensor"":""PR12P210"",""status"":""ok"",""voltage"":1.756,""pressure_kpa"":31.41,""pkt"":610}",
2026-07-13T10:03:27,esp32,PR12P210,ok,1.756,31.4,611,-111,1.00,"{""device"":""esp32"",""sensor"":""PR12P210"",""status"":""ok"",""voltage"":1.756,""pressure_kpa"":31.40,""pkt"":611}",
2026-07-13T10:03:29,esp32,PR12P210,ok,1.758,31.45,612,-111,2.50,"{""device"":""esp32"",""sensor"":""PR12P210"",""status"":""ok"",""voltage"":1.758,""pressure_kpa"":31.45,""pkt"":612}",
2026-07-13T10:03:30,esp32,PR12P210,ok,1.757,31.42,613,-111,3.25,"{""device"":""esp32"",""sensor"":""PR12P210"",""status"":""ok"",""voltage"":1.757,""pressure_kpa"":31.42,""pkt"":613}",
2026-07-13T10:03:31,esp32,PR12P210,ok,1.757,31.42,614,-112,2.50,"{""device"":""esp32"",""sensor"":""PR12P210"",""status"":""ok"",""voltage"":1.757,""pressure_kpa"":31.42,""pkt"":614}",
2026-07-13T10:03:32,esp32,PR12P210,ok,1.754,31.35,615,-111,2.75,"{""device"":""esp32"",""sensor"":""PR12P210"",""status"":""ok"",""voltage"":1.754,""pressure_kpa"":31.35,""pkt"":615}",
2026-07-13T10:03:33,esp32,PR12P210,ok,1.758,31.44,616,-111,1.00,"{""device"":""esp32"",""sensor"":""PR12P210"",""status"":""ok"",""voltage"":1.758,""pressure_kpa"":31.44,""pkt"":616}",
2026-07-13T10:03:34,esp32,PR12P210,ok,1.755,31.38,617,-111,2.75,"{""device"":""esp32"",""sensor"":""PR12P210"",""status"":""ok"",""voltage"":1.755,""pressure_kpa"":31.38,""pkt"":617}",
2026-07-13T10:03:36,esp32,PR12P210,ok,1.756,31.41,618,-111,3.00,"{""device"":""esp32"",""sensor"":""PR12P210"",""status"":""ok"",""voltage"":1.756,""pressure_kpa"":31.41,""pkt"":618}",
2026-07-13T10:03:37,esp32,PR12P210,ok,1.754,31.36,619,-111,2.00,"{""device"":""esp32"",""sensor"":""PR12P210"",""status"":""ok"",""voltage"":1.754,""pressure_kpa"":31.36,""pkt"":619}",
2026-07-13T10:03:38,esp32,PR12P210,ok,1.756,31.4,620,-111,2.75,"{""device"":""esp32"",""sensor"":""PR12P210"",""status"":""ok"",""voltage"":1.756,""pressure_kpa"":31.40,""pkt"":620}",
2026-07-13T10:03:39,esp32,PR12P210,ok,1.757,31.42,621,-111,2.25,"{""device"":""esp32"",""sensor"":""PR12P210"",""status"":""ok"",""voltage"":1.757,""pressure_kpa"":31.42,""pkt"":621}",
2026-07-13T10:03:40,esp32,PR12P210,ok,1.757,31.41,622,-112,2.25,"{""device"":""esp32"",""sensor"":""PR12P210"",""status"":""ok"",""voltage"":1.757,""pressure_kpa"":31.41,""pkt"":622}",
2026-07-13T10:03:42,esp32,PR12P210,ok,1.756,31.39,623,-111,2.00,"{""device"":""esp32"",""sensor"":""PR12P210"",""status"":""ok"",""voltage"":1.756,""pressure_kpa"":31.39,""pkt"":623}",
2026-07-13T10:03:43,esp32,PR12P210,ok,1.757,31.43,624,-111,2.50,"{""device"":""esp32"",""sensor"":""PR12P210"",""status"":""ok"",""voltage"":1.757,""pressure_kpa"":31.43,""pkt"":624}",
2026-07-13T10:03:44,esp32,PR12P210,ok,1.757,31.42,625,-111,2.50,"{""device"":""esp32"",""sensor"":""PR12P210"",""status"":""ok"",""voltage"":1.757,""pressure_kpa"":31.42,""pkt"":625}",
2026-07-13T10:03:45,esp32,PR12P210,ok,1.757,31.44,626,-111,2.50,"{""device"":""esp32"",""sensor"":""PR12P210"",""status"":""ok"",""voltage"":1.757,""pressure_kpa"":31.44,""pkt"":626}",
2026-07-13T10:03:46,esp32,PR12P210,ok,1.757,31.43,627,-110,3.00,"{""device"":""esp32"",""sensor"":""PR12P210"",""status"":""ok"",""voltage"":1.757,""pressure_kpa"":31.43,""pkt"":627}",
2026-07-13T10:03:48,esp32,PR12P210,ok,1.757,31.43,628,-111,2.50,"{""device"":""esp32"",""sensor"":""PR12P210"",""status"":""ok"",""voltage"":1.757,""pressure_kpa"":31.43,""pkt"":628}",
2026-07-13T10:03:49,,,,,,,-111,-0.50,"{""deuice"":""esp32"",""senugr""º""P÷1""P¶10"",""status"":*ok"",""vcltake"":1.755,""psessvre_kta"":31.36,¢p[t"":f29~",Expecting ':' delimiter: line 1 column 27 (char 26)
2026-07-13T10:03:50,esp32,PR12P210,ok,1.755,31.38,630,-111,2.00,"{""device"":""esp32"",""sensor"":""PR12P210"",""status"":""ok"",""voltage"":1.755,""pressure_kpa"":31.38,""pkt"":630}",
2026-07-13T10:03:51,esp32,PR12P210,ok,1.758,31.45,631,-111,2.25,"{""device"":""esp32"",""sensor"":""PR12P210"",""status"":""ok"",""voltage"":1.758,""pressure_kpa"":31.45,""pkt"":631}",
2026-07-13T10:03:52,esp32,PR12P210,ok,1.756,31.39,632,-111,2.50,"{""device"":""esp32"",""sensor"":""PR12P210"",""status"":""ok"",""voltage"":1.756,""pressure_kpa"":31.39,""pkt"":632}",
2026-07-13T10:03:54,esp32,PR12P210,ok,1.76,31.5,633,-111,2.50,"{""device"":""esp32"",""sensor"":""PR12P210"",""status"":""ok"",""voltage"":1.760,""pressure_kpa"":31.50,""pkt"":633}",
2026-07-13T10:03:55,esp32,PR12P210,ok,1.757,31.42,634,-110,2.00,"{""device"":""esp32"",""sensor"":""PR12P210"",""status"":""ok"",""voltage"":1.757,""pressure_kpa"":31.42,""pkt"":634}",
2026-07-13T10:03:56,esp32,PR12P210,ok,1.755,31.37,635,-111,2.25,"{""device"":""esp32"",""sensor"":""PR12P210"",""status"":""ok"",""voltage"":1.755,""pressure_kpa"":31.37,""pkt"":635}",
2026-07-13T10:03:57,esp32,PR12P210,ok,1.755,31.37,636,-111,2.00,"{""device"":""esp32"",""sensor"":""PR12P210"",""status"":""ok"",""voltage"":1.755,""pressure_kpa"":31.37,""pkt"":636}",
2026-07-13T10:03:58,esp32,PR12P210,ok,1.76,31.49,637,-110,4.25,"{""device"":""esp32"",""sensor"":""PR12P210"",""status"":""ok"",""voltage"":1.760,""pressure_kpa"":31.49,""pkt"":637}",
2026-07-13T10:03:59,esp32,PR12P210,ok,1.759,31.47,638,-111,1.75,"{""device"":""esp32"",""sensor"":""PR12P210"",""status"":""ok"",""voltage"":1.759,""pressure_kpa"":31.47,""pkt"":638}",
2026-07-13T10:04:01,esp32,PR12P210,ok,1.756,31.39,639,-113,-1.25,"{""device"":""esp32"",""sensor"":""PR12P210"",""status"":""ok"",""voltage"":1.756,""pressure_kpa"":31.39,""pkt"":639}",
2026-07-13T10:04:02,esp32,PR12P210,ok,1.757,31.42,640,-115,-4.75,"{""device"":""esp32"",""sensor"":""PR12P210"",""status"":""ok"",""voltage"":1.757,""pressure_kpa"":31.42,""pkt"":640}",
2026-07-13T10:04:04,esp32,PR12P210,ok,1.757,31.42,642,-111,0.75,"{""device"":""esp32"",""sensor"":""PR12P210"",""status"":""ok"",""voltage"":1.757,""pressure_kpa"":31.42,""pkt"":642}",
2026-07-13T10:04:05,esp32,PR12P210,ok,1.757,31.42,643,-111,2.00,"{""device"":""esp32"",""sensor"":""PR12P210"",""status"":""ok"",""voltage"":1.757,""pressure_kpa"":31.42,""pkt"":643}",
2026-07-13T10:04:07,esp32,PR12P210,ok,1.757,31.42,644,-110,4.25,"{""device"":""esp32"",""sensor"":""PR12P210"",""status"":""ok"",""voltage"":1.757,""pressure_kpa"":31.42,""pkt"":644}",
2026-07-13T10:04:08,esp32,PR12P210,ok,1.757,31.43,645,-113,0.00,"{""device"":""esp32"",""sensor"":""PR12P210"",""status"":""ok"",""voltage"":1.757,""pressure_kpa"":31.43,""pkt"":645}",
2026-07-13T10:04:09,esp32,PR12P210,ok,1.756,31.39,646,-112,1.50,"{""device"":""esp32"",""sensor"":""PR12P210"",""status"":""ok"",""voltage"":1.756,""pressure_kpa"":31.39,""pkt"":646}",
2026-07-13T10:04:10,esp32,PR12P210,ok,1.757,31.42,647,-110,2.25,"{""device"":""esp32"",""sensor"":""PR12P210"",""status"":""ok"",""voltage"":1.757,""pressure_kpa"":31.42,""pkt"":647}",
2026-07-13T10:04:11,esp32,PR12P210,ok,1.756,31.39,648,-111,2.25,"{""device"":""esp32"",""sensor"":""PR12P210"",""status"":""ok"",""voltage"":1.756,""pressure_kpa"":31.39,""pkt"":648}",
2026-07-13T10:04:13,esp32,PR12P210,ok,1.758,31.45,649,-111,2.75,"{""device"":""esp32"",""sensor"":""PR12P210"",""status"":""ok"",""voltage"":1.758,""pressure_kpa"":31.45,""pkt"":649}",
2026-07-13T10:04:14,esp32,PR12P210,ok,1.756,31.39,650,-111,2.00,"{""device"":""esp32"",""sensor"":""PR12P210"",""status"":""ok"",""voltage"":1.756,""pressure_kpa"":31.39,""pkt"":650}",
2026-07-13T10:04:15,esp32,PR12P210,ok,1.757,31.42,651,-110,3.00,"{""device"":""esp32"",""sensor"":""PR12P210"",""status"":""ok"",""voltage"":1.757,""pressure_kpa"":31.42,""pkt"":651}",
2026-07-13T10:04:16,esp32,PR12P210,ok,1.757,31.42,652,-112,2.25,"{""device"":""esp32"",""sensor"":""PR12P210"",""status"":""ok"",""voltage"":1.757,""pressure_kpa"":31.42,""pkt"":652}",
2026-07-13T10:04:17,esp32,PR12P210,ok,1.756,31.41,653,-110,3.00,"{""device"":""esp32"",""sensor"":""PR12P210"",""status"":""ok"",""voltage"":1.756,""pressure_kpa"":31.41,""pkt"":653}",
2026-07-13T10:04:19,esp32,PR12P210,ok,1.755,31.38,654,-111,2.75,"{""device"":""esp32"",""sensor"":""PR12P210"",""status"":""ok"",""voltage"":1.755,""pressure_kpa"":31.38,""pkt"":654}",
2026-07-13T10:04:20,esp32,PR12P210,ok,1.76,31.49,655,-111,2.25,"{""device"":""esp32"",""sensor"":""PR12P210"",""status"":""ok"",""voltage"":1.760,""pressure_kpa"":31.49,""pkt"":655}",
2026-07-13T10:04:21,esp32,PR12P210,ok,1.755,31.39,656,-112,0.75,"{""device"":""esp32"",""sensor"":""PR12P210"",""status"":""ok"",""voltage"":1.755,""pressure_kpa"":31.39,""pkt"":656}",
2026-07-13T10:04:22,esp32,PR12P210,ok,1.758,31.44,657,-114,-3.25,"{""device"":""esp32"",""sensor"":""PR12P210"",""status"":""ok"",""voltage"":1.758,""pressure_kpa"":31.44,""pkt"":657}",
2026-07-13T10:04:23,esp32,PR12P210,ok,1.757,31.43,658,-112,0.75,"{""device"":""esp32"",""sensor"":""PR12P210"",""status"":""ok"",""voltage"":1.757,""pressure_kpa"":31.43,""pkt"":658}",
2026-07-13T10:04:25,esp32,PR12P210,ok,1.756,31.41,659,-112,0.25,"{""device"":""esp32"",""sensor"":""PR12P210"",""status"":""ok"",""voltage"":1.756,""pressure_kpa"":31.41,""pkt"":659}",
2026-07-13T10:04:26,esp32,PR12P210,ok,1.756,31.4,660,-114,-1.25,"{""device"":""esp32"",""sensor"":""PR12P210"",""status"":""ok"",""voltage"":1.756,""pressure_kpa"":31.40,""pkt"":660}",
2026-07-13T10:04:27,esp32,PR12P210,ok,1.756,31.4,661,-111,2.25,"{""device"":""esp32"",""sensor"":""PR12P210"",""status"":""ok"",""voltage"":1.756,""pressure_kpa"":31.40,""pkt"":661}",
2026-07-13T10:04:28,esp32,PR12P210,ok,1.753,31.32,662,-113,0.00,"{""device"":""esp32"",""sensor"":""PR12P210"",""status"":""ok"",""voltage"":1.753,""pressure_kpa"":31.32,""pkt"":662}",
2026-07-13T10:04:29,esp32,PR12P210,ok,1.757,31.43,663,-111,2.25,"{""device"":""esp32"",""sensor"":""PR12P210"",""status"":""ok"",""voltage"":1.757,""pressure_kpa"":31.43,""pkt"":663}",
2026-07-13T10:04:30,esp32,PR12P210,ok,1.758,31.44,664,-111,2.25,"{""device"":""esp32"",""sensor"":""PR12P210"",""status"":""ok"",""voltage"":1.758,""pressure_kpa"":31.44,""pkt"":664}",
2026-07-13T10:04:32,esp32,PR12P210,ok,1.757,31.41,665,-111,2.00,"{""device"":""esp32"",""sensor"":""PR12P210"",""status"":""ok"",""voltage"":1.757,""pressure_kpa"":31.41,""pkt"":665}",
2026-07-13T10:04:33,esp32,PR12P210,ok,1.754,31.35,666,-111,2.00,"{""device"":""esp32"",""sensor"":""PR12P210"",""status"":""ok"",""voltage"":1.754,""pressure_kpa"":31.35,""pkt"":666}",
2026-07-13T10:04:34,esp32,PR12P210,ok,1.755,31.39,667,-111,2.25,"{""device"":""esp32"",""sensor"":""PR12P210"",""status"":""ok"",""voltage"":1.755,""pressure_kpa"":31.39,""pkt"":667}",
2026-07-13T10:04:35,esp32,PR12P210,ok,1.756,31.4,668,-112,1.50,"{""device"":""esp32"",""sensor"":""PR12P210"",""status"":""ok"",""voltage"":1.756,""pressure_kpa"":31.40,""pkt"":668}",
2026-07-13T10:04:36,esp32,PR12P210,ok,1.757,31.42,669,-112,1.25,"{""device"":""esp32"",""sensor"":""PR12P210"",""status"":""ok"",""voltage"":1.757,""pressure_kpa"":31.42,""pkt"":669}",
2026-07-13T10:04:38,,,,,,,-112,0.50,"{""device"":""esp32"",""senuor""º""PW12P¾10"",""status""9*ok$,""voltake"":1756,""pSessvte_kta""03ô1,p[tn:5+0M",Expecting ':' delimiter: line 1 column 27 (char 26)
2026-07-13T10:04:39,esp32,PR12P210,ok,1.756,31.41,671,-112,2.50,"{""device"":""esp32"",""sensor"":""PR12P210"",""status"":""ok"",""voltage"":1.756,""pressure_kpa"":31.41,""pkt"":671}",
2026-07-13T10:04:40,esp32,PR12P210,ok,1.759,31.48,672,-111,2.50,"{""device"":""esp32"",""sensor"":""PR12P210"",""status"":""ok"",""voltage"":1.759,""pressure_kpa"":31.48,""pkt"":672}",
2026-07-13T10:04:41,esp32,PR12P210,ok,1.757,31.41,673,-111,3.25,"{""device"":""esp32"",""sensor"":""PR12P210"",""status"":""ok"",""voltage"":1.757,""pressure_kpa"":31.41,""pkt"":673}",
2026-07-13T10:04:42,esp32,PR12P210,ok,1.757,31.43,674,-111,2.75,"{""device"":""esp32"",""sensor"":""PR12P210"",""status"":""ok"",""voltage"":1.757,""pressure_kpa"":31.43,""pkt"":674}",
2026-07-13T10:04:44,esp32,PR12P210,ok,1.757,31.43,675,-112,2.50,"{""device"":""esp32"",""sensor"":""PR12P210"",""status"":""ok"",""voltage"":1.757,""pressure_kpa"":31.43,""pkt"":675}",
2026-07-13T10:04:45,esp32,PR12P210,ok,1.756,31.4,676,-110,1.75,"{""device"":""esp32"",""sensor"":""PR12P210"",""status"":""ok"",""voltage"":1.756,""pressure_kpa"":31.40,""pkt"":676}",
2026-07-13T10:04:46,esp32,PR12P210,ok,1.757,31.42,677,-112,2.00,"{""device"":""esp32"",""sensor"":""PR12P210"",""status"":""ok"",""voltage"":1.757,""pressure_kpa"":31.42,""pkt"":677}",
2026-07-13T10:04:47,esp32,PR12P210,ok,1.756,31.39,678,-112,2.25,"{""device"":""esp32"",""sensor"":""PR12P210"",""status"":""ok"",""voltage"":1.756,""pressure_kpa"":31.39,""pkt"":678}",
2026-07-13T10:04:48,esp32,PR12P210,ok,1.757,31.43,679,-111,2.00,"{""device"":""esp32"",""sensor"":""PR12P210"",""status"":""ok"",""voltage"":1.757,""pressure_kpa"":31.43,""pkt"":679}",
2026-07-13T10:04:50,esp32,PR12P210,ok,1.76,31.49,680,-112,2.50,"{""device"":""esp32"",""sensor"":""PR12P210"",""status"":""ok"",""voltage"":1.760,""pressure_kpa"":31.49,""pkt"":680}",
2026-07-13T10:04:51,esp32,PR12P210,ok,1.758,31.44,681,-111,2.50,"{""device"":""esp32"",""sensor"":""PR12P210"",""status"":""ok"",""voltage"":1.758,""pressure_kpa"":31.44,""pkt"":681}",
2026-07-13T10:04:52,esp32,PR12P210,ok,1.758,31.46,682,-112,2.00,"{""device"":""esp32"",""sensor"":""PR12P210"",""status"":""ok"",""voltage"":1.758,""pressure_kpa"":31.46,""pkt"":682}",
2026-07-13T10:04:53,esp32,PR12P210,ok,1.759,31.48,683,-112,2.25,"{""device"":""esp32"",""sensor"":""PR12P210"",""status"":""ok"",""voltage"":1.759,""pressure_kpa"":31.48,""pkt"":683}",
2026-07-13T10:04:54,esp32,PR12P210,ok,1.759,31.48,684,-112,1.75,"{""device"":""esp32"",""sensor"":""PR12P210"",""status"":""ok"",""voltage"":1.759,""pressure_kpa"":31.48,""pkt"":684}",
2026-07-13T10:04:56,esp32,PR12P210,ok,1.758,31.44,685,-112,2.25,"{""device"":""esp32"",""sensor"":""PR12P210"",""status"":""ok"",""voltage"":1.758,""pressure_kpa"":31.44,""pkt"":685}",
2026-07-13T10:04:57,esp32,PR12P210,ok,1.754,31.35,686,-112,2.25,"{""device"":""esp32"",""sensor"":""PR12P210"",""status"":""ok"",""voltage"":1.754,""pressure_kpa"":31.35,""pkt"":686}",
2026-07-13T10:04:58,esp32,PR12P210,ok,1.759,31.47,687,-112,2.75,"{""device"":""esp32"",""sensor"":""PR12P210"",""status"":""ok"",""voltage"":1.759,""pressure_kpa"":31.47,""pkt"":687}",
2026-07-13T10:04:59,esp32,PR12P210,ok,1.757,31.43,688,-112,1.50,"{""device"":""esp32"",""sensor"":""PR12P210"",""status"":""ok"",""voltage"":1.757,""pressure_kpa"":31.43,""pkt"":688}",
2026-07-13T10:05:00,esp32,PR12P210,ok,1.758,31.45,689,-112,2.25,"{""device"":""esp32"",""sensor"":""PR12P210"",""status"":""ok"",""voltage"":1.758,""pressure_kpa"":31.45,""pkt"":689}",
2026-07-13T10:05:01,esp32,PR12P210,ok,1.759,31.49,690,-112,2.00,"{""device"":""esp32"",""sensor"":""PR12P210"",""status"":""ok"",""voltage"":1.759,""pressure_kpa"":31.49,""pkt"":690}",
2026-07-13T10:05:03,esp32,PR12P210,ok,1.757,31.42,691,-111,3.25,"{""device"":""esp32"",""sensor"":""PR12P210"",""status"":""ok"",""voltage"":1.757,""pressure_kpa"":31.42,""pkt"":691}",
2026-07-13T10:05:04,esp32,PR12P210,ok,1.756,31.4,692,-111,2.50,"{""device"":""esp32"",""sensor"":""PR12P210"",""status"":""ok"",""voltage"":1.756,""pressure_kpa"":31.40,""pkt"":692}",
2026-07-13T10:05:05,esp32,PR12P210,ok,1.756,31.4,693,-111,2.50,"{""device"":""esp32"",""sensor"":""PR12P210"",""status"":""ok"",""voltage"":1.756,""pressure_kpa"":31.40,""pkt"":693}",
2026-07-13T10:05:06,esp32,PR12P210,ok,1.758,31.46,694,-111,2.50,"{""device"":""esp32"",""sensor"":""PR12P210"",""status"":""ok"",""voltage"":1.758,""pressure_kpa"":31.46,""pkt"":694}",
2026-07-13T10:05:07,esp32,PR12P210,ok,1.758,31.44,695,-111,2.50,"{""device"":""esp32"",""sensor"":""PR12P210"",""status"":""ok"",""voltage"":1.758,""pressure_kpa"":31.44,""pkt"":695}",
2026-07-13T10:05:09,esp32,PR12P210,ok,1.754,31.35,696,-111,2.75,"{""device"":""esp32"",""sensor"":""PR12P210"",""status"":""ok"",""voltage"":1.754,""pressure_kpa"":31.35,""pkt"":696}",
2026-07-13T10:05:10,esp32,PR12P210,ok,1.757,31.43,697,-111,2.75,"{""device"":""esp32"",""sensor"":""PR12P210"",""status"":""ok"",""voltage"":1.757,""pressure_kpa"":31.43,""pkt"":697}",
2026-07-13T10:05:11,esp32,PR12P210,ok,1.756,31.4,698,-111,3.25,"{""device"":""esp32"",""sensor"":""PR12P210"",""status"":""ok"",""voltage"":1.756,""pressure_kpa"":31.40,""pkt"":698}",
2026-07-13T10:05:12,esp32,PR12P210,ok,1.755,31.39,699,-111,3.00,"{""device"":""esp32"",""sensor"":""PR12P210"",""status"":""ok"",""voltage"":1.755,""pressure_kpa"":31.39,""pkt"":699}",
2026-07-13T10:05:13,esp32,PR12P210,ok,1.757,31.43,700,-111,3.25,"{""device"":""esp32"",""sensor"":""PR12P210"",""status"":""ok"",""voltage"":1.757,""pressure_kpa"":31.43,""pkt"":700}",
2026-07-13T10:05:15,esp32,PR12P210,ok,1.758,31.44,701,-112,2.00,"{""device"":""esp32"",""sensor"":""PR12P210"",""status"":""ok"",""voltage"":1.758,""pressure_kpa"":31.44,""pkt"":701}",
2026-07-13T10:05:16,esp32,PR12P210,ok,1.758,31.46,702,-111,2.00,"{""device"":""esp32"",""sensor"":""PR12P210"",""status"":""ok"",""voltage"":1.758,""pressure_kpa"":31.46,""pkt"":702}",
2026-07-13T10:05:17,esp32,PR12P210,ok,1.756,31.4,703,-111,2.00,"{""device"":""esp32"",""sensor"":""PR12P210"",""status"":""ok"",""voltage"":1.756,""pressure_kpa"":31.40,""pkt"":703}",
2026-07-13T10:05:18,esp32,PR12P210,ok,1.756,31.41,704,-112,2.00,"{""device"":""esp32"",""sensor"":""PR12P210"",""status"":""ok"",""voltage"":1.756,""pressure_kpa"":31.41,""pkt"":704}",
2026-07-13T10:05:19,esp32,PR12P210,ok,1.756,31.4,705,-111,2.75,"{""device"":""esp32"",""sensor"":""PR12P210"",""status"":""ok"",""voltage"":1.756,""pressure_kpa"":31.40,""pkt"":705}",
2026-07-13T10:05:21,esp32,PR12P210,ok,1.758,31.45,706,-111,2.75,"{""device"":""esp32"",""sensor"":""PR12P210"",""status"":""ok"",""voltage"":1.758,""pressure_kpa"":31.45,""pkt"":706}",
2026-07-13T10:05:22,esp32,PR12P210,ok,1.758,31.44,707,-111,2.50,"{""device"":""esp32"",""sensor"":""PR12P210"",""status"":""ok"",""voltage"":1.758,""pressure_kpa"":31.44,""pkt"":707}",
2026-07-13T10:05:23,esp32,PR12P210,ok,1.76,31.49,708,-111,3.00,"{""device"":""esp32"",""sensor"":""PR12P210"",""status"":""ok"",""voltage"":1.760,""pressure_kpa"":31.49,""pkt"":708}",
2026-07-13T10:05:24,esp32,PR12P210,ok,1.755,31.38,709,-112,2.75,"{""device"":""esp32"",""sensor"":""PR12P210"",""status"":""ok"",""voltage"":1.755,""pressure_kpa"":31.38,""pkt"":709}",
2026-07-13T10:05:25,esp32,PR12P210,ok,1.76,31.51,710,-112,1.75,"{""device"":""esp32"",""sensor"":""PR12P210"",""status"":""ok"",""voltage"":1.760,""pressure_kpa"":31.51,""pkt"":710}",
2026-07-13T10:05:27,esp32,PR12P210,ok,1.758,31.44,711,-111,1.75,"{""device"":""esp32"",""sensor"":""PR12P210"",""status"":""ok"",""voltage"":1.758,""pressure_kpa"":31.44,""pkt"":711}",
2026-07-13T10:05:28,esp32,PR12P210,ok,1.754,31.35,712,-111,2.00,"{""device"":""esp32"",""sensor"":""PR12P210"",""status"":""ok"",""voltage"":1.754,""pressure_kpa"":31.35,""pkt"":712}",
2026-07-13T10:05:29,esp32,PR12P210,ok,1.756,31.4,713,-111,2.00,"{""device"":""esp32"",""sensor"":""PR12P210"",""status"":""ok"",""voltage"":1.756,""pressure_kpa"":31.40,""pkt"":713}",
2026-07-13T10:05:30,esp32,PR12P210,ok,1.758,31.45,714,-112,2.75,"{""device"":""esp32"",""sensor"":""PR12P210"",""status"":""ok"",""voltage"":1.758,""pressure_kpa"":31.45,""pkt"":714}",
2026-07-13T10:05:31,esp32,PR12P210,ok,1.757,31.43,715,-112,2.25,"{""device"":""esp32"",""sensor"":""PR12P210"",""status"":""ok"",""voltage"":1.757,""pressure_kpa"":31.43,""pkt"":715}",
2026-07-13T10:05:32,esp32,PR12P210,ok,1.759,31.46,716,-112,2.00,"{""device"":""esp32"",""sensor"":""PR12P210"",""status"":""ok"",""voltage"":1.759,""pressure_kpa"":31.46,""pkt"":716}",
2026-07-13T10:05:34,esp32,PR12P210,ok,1.757,31.42,717,-112,2.00,"{""device"":""esp32"",""sensor"":""PR12P210"",""status"":""ok"",""voltage"":1.757,""pressure_kpa"":31.42,""pkt"":717}",
2026-07-13T10:05:35,esp32,PR12P210,ok,1.757,31.42,718,-112,2.00,"{""device"":""esp32"",""sensor"":""PR12P210"",""status"":""ok"",""voltage"":1.757,""pressure_kpa"":31.42,""pkt"":718}",
2026-07-13T10:05:36,esp32,PR12P210,ok,1.759,31.48,719,-112,2.75,"{""device"":""esp32"",""sensor"":""PR12P210"",""status"":""ok"",""voltage"":1.759,""pressure_kpa"":31.48,""pkt"":719}",
2026-07-13T10:05:37,esp32,PR12P210,ok,1.758,31.44,720,-112,2.00,"{""device"":""esp32"",""sensor"":""PR12P210"",""status"":""ok"",""voltage"":1.758,""pressure_kpa"":31.44,""pkt"":720}",
2026-07-13T10:05:38,esp32,PR12P210,ok,1.76,31.49,721,-111,0.50,"{""device"":""esp32"",""sensor"":""PR12P210"",""status"":""ok"",""voltage"":1.760,""pressure_kpa"":31.49,""pkt"":721}",
2026-07-13T10:05:40,esp32,PR12P210,ok,1.755,31.39,722,-112,2.25,"{""device"":""esp32"",""sensor"":""PR12P210"",""status"":""ok"",""voltage"":1.755,""pressure_kpa"":31.39,""pkt"":722}",
2026-07-13T10:05:41,esp32,PR12P210,ok,1.758,31.44,723,-111,2.25,"{""device"":""esp32"",""sensor"":""PR12P210"",""status"":""ok"",""voltage"":1.758,""pressure_kpa"":31.44,""pkt"":723}",
2026-07-13T10:05:42,esp32,PR12P210,ok,1.758,31.44,724,-111,2.75,"{""device"":""esp32"",""sensor"":""PR12P210"",""status"":""ok"",""voltage"":1.758,""pressure_kpa"":31.44,""pkt"":724}",
2026-07-13T10:05:43,esp32,PR12P210,ok,1.761,31.52,725,-111,2.25,"{""device"":""esp32"",""sensor"":""PR12P210"",""status"":""ok"",""voltage"":1.761,""pressure_kpa"":31.52,""pkt"":725}",
2026-07-13T10:05:44,esp32,PR12P210,ok,1.76,31.5,726,-111,3.00,"{""device"":""esp32"",""sensor"":""PR12P210"",""status"":""ok"",""voltage"":1.760,""pressure_kpa"":31.50,""pkt"":726}",
2026-07-13T10:05:46,esp32,PR12P210,ok,1.758,31.46,727,-111,3.25,"{""device"":""esp32"",""sensor"":""PR12P210"",""status"":""ok"",""voltage"":1.758,""pressure_kpa"":31.46,""pkt"":727}",
2026-07-13T10:05:47,esp32,PR12P210,ok,1.757,31.43,728,-111,2.75,"{""device"":""esp32"",""sensor"":""PR12P210"",""status"":""ok"",""voltage"":1.757,""pressure_kpa"":31.43,""pkt"":728}",
2026-07-13T10:05:48,esp32,PR12P210,ok,1.76,31.49,729,-111,3.50,"{""device"":""esp32"",""sensor"":""PR12P210"",""status"":""ok"",""voltage"":1.760,""pressure_kpa"":31.49,""pkt"":729}",
2026-07-13T10:05:49,esp32,PR12P210,ok,1.759,31.48,730,-111,3.00,"{""device"":""esp32"",""sensor"":""PR12P210"",""status"":""ok"",""voltage"":1.759,""pressure_kpa"":31.48,""pkt"":730}",
2026-07-13T10:05:50,esp32,PR12P210,ok,1.758,31.44,731,-111,3.25,"{""device"":""esp32"",""sensor"":""PR12P210"",""status"":""ok"",""voltage"":1.758,""pressure_kpa"":31.44,""pkt"":731}",
2026-07-13T10:05:52,esp32,PR12P210,ok,1.758,31.46,732,-111,3.00,"{""device"":""esp32"",""sensor"":""PR12P210"",""status"":""ok"",""voltage"":1.758,""pressure_kpa"":31.46,""pkt"":732}",
2026-07-13T10:05:53,esp32,PR12P210,ok,1.758,31.46,733,-111,3.25,"{""device"":""esp32"",""sensor"":""PR12P210"",""status"":""ok"",""voltage"":1.758,""pressure_kpa"":31.46,""pkt"":733}",
2026-07-13T10:05:54,esp32,PR12P210,ok,1.758,31.44,734,-111,3.00,"{""device"":""esp32"",""sensor"":""PR12P210"",""status"":""ok"",""voltage"":1.758,""pressure_kpa"":31.44,""pkt"":734}",
2026-07-13T10:05:55,esp32,PR12P210,ok,1.758,31.44,735,-111,2.75,"{""device"":""esp32"",""sensor"":""PR12P210"",""status"":""ok"",""voltage"":1.758,""pressure_kpa"":31.44,""pkt"":735}",
2026-07-13T10:05:56,esp32,PR12P210,ok,1.758,31.45,736,-111,2.50,"{""device"":""esp32"",""sensor"":""PR12P210"",""status"":""ok"",""voltage"":1.758,""pressure_kpa"":31.45,""pkt"":736}",
2026-07-13T10:05:57,esp32,PR12P210,ok,1.76,31.49,737,-112,2.00,"{""device"":""esp32"",""sensor"":""PR12P210"",""status"":""ok"",""voltage"":1.760,""pressure_kpa"":31.49,""pkt"":737}",
2026-07-13T10:05:59,esp32,PR12P210,ok,1.761,31.52,738,-111,2.50,"{""device"":""esp32"",""sensor"":""PR12P210"",""status"":""ok"",""voltage"":1.761,""pressure_kpa"":31.52,""pkt"":738}",
2026-07-13T10:06:00,esp32,PR12P210,ok,1.758,31.45,739,-111,2.75,"{""device"":""esp32"",""sensor"":""PR12P210"",""status"":""ok"",""voltage"":1.758,""pressure_kpa"":31.45,""pkt"":739}",
2026-07-13T10:06:01,esp32,PR12P210,ok,1.76,31.5,740,-112,1.75,"{""device"":""esp32"",""sensor"":""PR12P210"",""status"":""ok"",""voltage"":1.760,""pressure_kpa"":31.50,""pkt"":740}",
2026-07-13T10:06:02,esp32,PR12P210,ok,1.76,31.5,741,-111,2.50,"{""device"":""esp32"",""sensor"":""PR12P210"",""status"":""ok"",""voltage"":1.760,""pressure_kpa"":31.50,""pkt"":741}",
2026-07-13T10:06:03,esp32,PR12P210,ok,1.759,31.48,742,-111,2.25,"{""device"":""esp32"",""sensor"":""PR12P210"",""status"":""ok"",""voltage"":1.759,""pressure_kpa"":31.48,""pkt"":742}",
2026-07-13T10:06:05,esp32,PR12P210,ok,1.758,31.45,743,-111,2.50,"{""device"":""esp32"",""sensor"":""PR12P210"",""status"":""ok"",""voltage"":1.758,""pressure_kpa"":31.45,""pkt"":743}",
2026-07-13T10:06:06,esp32,PR12P210,ok,1.761,31.51,744,-112,2.25,"{""device"":""esp32"",""sensor"":""PR12P210"",""status"":""ok"",""voltage"":1.761,""pressure_kpa"":31.51,""pkt"":744}",
2026-07-13T10:06:07,esp32,PR12P210,ok,1.759,31.47,745,-111,2.50,"{""device"":""esp32"",""sensor"":""PR12P210"",""status"":""ok"",""voltage"":1.759,""pressure_kpa"":31.47,""pkt"":745}",
2026-07-13T10:06:08,esp32,PR12P210,ok,1.759,31.47,746,-111,2.50,"{""device"":""esp32"",""sensor"":""PR12P210"",""status"":""ok"",""voltage"":1.759,""pressure_kpa"":31.47,""pkt"":746}",
2026-07-13T10:06:09,esp32,PR12P210,ok,1.757,31.43,747,-111,2.50,"{""device"":""esp32"",""sensor"":""PR12P210"",""status"":""ok"",""voltage"":1.757,""pressure_kpa"":31.43,""pkt"":747}",
2026-07-13T10:06:11,esp32,PR12P210,ok,1.758,31.45,748,-111,2.00,"{""device"":""esp32"",""sensor"":""PR12P210"",""status"":""ok"",""voltage"":1.758,""pressure_kpa"":31.45,""pkt"":748}",
2026-07-13T10:06:12,esp32,PR12P210,ok,1.758,31.44,749,-112,1.75,"{""device"":""esp32"",""sensor"":""PR12P210"",""status"":""ok"",""voltage"":1.758,""pressure_kpa"":31.44,""pkt"":749}",
2026-07-13T10:06:13,esp32,PR12P210,ok,1.76,31.5,750,-111,2.00,"{""device"":""esp32"",""sensor"":""PR12P210"",""status"":""ok"",""voltage"":1.760,""pressure_kpa"":31.50,""pkt"":750}",
2026-07-13T10:06:14,esp32,PR12P210,ok,1.756,31.4,751,-112,1.75,"{""device"":""esp32"",""sensor"":""PR12P210"",""status"":""ok"",""voltage"":1.756,""pressure_kpa"":31.40,""pkt"":751}",
2026-07-13T10:06:15,esp32,PR12P210,ok,1.758,31.46,752,-111,1.75,"{""device"":""esp32"",""sensor"":""PR12P210"",""status"":""ok"",""voltage"":1.758,""pressure_kpa"":31.46,""pkt"":752}",
2026-07-13T10:06:17,esp32,PR12P210,ok,1.759,31.48,753,-111,2.75,"{""device"":""esp32"",""sensor"":""PR12P210"",""status"":""ok"",""voltage"":1.759,""pressure_kpa"":31.48,""pkt"":753}",
2026-07-13T10:06:18,esp32,PR12P210,ok,1.757,31.43,754,-111,2.75,"{""device"":""esp32"",""sensor"":""PR12P210"",""status"":""ok"",""voltage"":1.757,""pressure_kpa"":31.43,""pkt"":754}",
2026-07-13T10:09:20,esp32,PR12P210,ok,1.759,31.46,907,-110,-0.75,"{""device"":""esp32"",""sensor"":""PR12P210"",""status"":""ok"",""voltage"":1.759,""pressure_kpa"":31.46,""pkt"":907}",
2026-07-13T10:09:21,esp32,PR12P210,ok,1.76,31.5,908,-108,-4.00,"{""device"":""esp32"",""sensor"":""PR12P210"",""status"":""ok"",""voltage"":1.760,""pressure_kpa"":31.50,""pkt"":908}",
2026-07-13T10:09:22,esp32,PR12P210,ok,1.76,31.49,909,-110,-2.75,"{""device"":""esp32"",""sensor"":""PR12P210"",""status"":""ok"",""voltage"":1.760,""pressure_kpa"":31.49,""pkt"":909}",
2026-07-13T10:09:24,esp32,PR12P210,ok,1.758,31.45,910,-109,-2.50,"{""device"":""esp32"",""sensor"":""PR12P210"",""status"":""ok"",""voltage"":1.758,""pressure_kpa"":31.45,""pkt"":910}",
2026-07-13T10:09:25,esp32,PR12P210,ok,1.763,31.56,911,-108,-3.25,"{""device"":""esp32"",""sensor"":""PR12P210"",""status"":""ok"",""voltage"":1.763,""pressure_kpa"":31.56,""pkt"":911}",
2026-07-13T10:09:26,,,,,,,-108,-4.00,"{""device""ú""esp3²"",""zenugr""ºBP÷1""0¾10""$²sòaDs{""Z*on""¤rp#l}gcur1Nò~0v""ðÓcss6ôeUktXBpu0,p[rn:i?2M",Expecting ':' delimiter: line 1 column 10 (char 9)
2026-07-13T10:09:27,esp32,PR12P210,ok,1.759,31.49,913,-108,-3.25,"{""device"":""esp32"",""sensor"":""PR12P210"",""status"":""ok"",""voltage"":1.759,""pressure_kpa"":31.49,""pkt"":913}",
2026-07-13T10:09:28,esp32,PR12P210,ok,1.758,31.45,914,-109,-3.00,"{""device"":""esp32"",""sensor"":""PR12P210"",""status"":""ok"",""voltage"":1.758,""pressure_kpa"":31.45,""pkt"":914}",
2026-07-13T10:09:30,esp32,PR12P210,ok,1.76,31.5,915,-108,-4.25,"{""device"":""esp32"",""sensor"":""PR12P210"",""status"":""ok"",""voltage"":1.760,""pressure_kpa"":31.50,""pkt"":915}",
2026-07-13T10:09:31,esp32,PR12P210,ok,1.761,31.52,916,-110,0.25,"{""device"":""esp32"",""sensor"":""PR12P210"",""status"":""ok"",""voltage"":1.761,""pressure_kpa"":31.52,""pkt"":916}",
2026-07-13T10:09:32,esp32,PR12P210,ok,1.758,31.45,917,-109,-2.50,"{""device"":""esp32"",""sensor"":""PR12P210"",""status"":""ok"",""voltage"":1.758,""pressure_kpa"":31.45,""pkt"":917}",
2026-07-13T10:09:33,esp32,PR12P210,ok,1.762,31.55,918,-109,-1.75,"{""device"":""esp32"",""sensor"":""PR12P210"",""status"":""ok"",""voltage"":1.762,""pressure_kpa"":31.55,""pkt"":918}",
2026-07-13T10:09:34,esp32,PR12P210,ok,1.762,31.54,919,-110,-0.25,"{""device"":""esp32"",""sensor"":""PR12P210"",""status"":""ok"",""voltage"":1.762,""pressure_kpa"":31.54,""pkt"":919}",
2026-07-13T10:09:36,esp32,PR12P210,ok,1.764,31.61,920,-109,-1.75,"{""device"":""esp32"",""sensor"":""PR12P210"",""status"":""ok"",""voltage"":1.764,""pressure_kpa"":31.61,""pkt"":920}",
2026-07-13T10:09:37,esp32,PR12P210,ok,1.761,31.53,921,-108,-3.75,"{""device"":""esp32"",""sensor"":""PR12P210"",""status"":""ok"",""voltage"":1.761,""pressure_kpa"":31.53,""pkt"":921}",
2026-07-13T10:09:38,esp32,PR12P210,ok,1.764,31.6,922,-110,-1.00,"{""device"":""esp32"",""sensor"":""PR12P210"",""status"":""ok"",""voltage"":1.764,""pressure_kpa"":31.60,""pkt"":922}",
2026-07-13T10:09:39,esp32,PR12P210,ok,1.76,31.51,923,-109,-1.75,"{""device"":""esp32"",""sensor"":""PR12P210"",""status"":""ok"",""voltage"":1.760,""pressure_kpa"":31.51,""pkt"":923}",
2026-07-13T10:09:40,esp32,PR12P210,ok,1.762,31.55,924,-110,0.00,"{""device"":""esp32"",""sensor"":""PR12P210"",""status"":""ok"",""voltage"":1.762,""pressure_kpa"":31.55,""pkt"":924}",
2026-07-13T10:09:42,,,,,,,-110,-2.75,"{""device"":""esp32"",""zenuorBº""PW12P¾10"",""status"":*ok""½""vcltake"":1.1µ9,""pressvre_kta""º30.48,pkt"":925}",Expecting ':' delimiter: line 1 column 29 (char 28)
2026-07-13T10:09:43,esp32,PR12P210,ok,1.76,31.49,926,-111,1.75,"{""device"":""esp32"",""sensor"":""PR12P210"",""status"":""ok"",""voltage"":1.760,""pressure_kpa"":31.49,""pkt"":926}",
2026-07-13T10:09:44,esp32,PR12P210,ok,1.76,31.5,927,-110,-1.00,"{""device"":""esp32"",""sensor"":""PR12P210"",""status"":""ok"",""voltage"":1.760,""pressure_kpa"":31.50,""pkt"":927}",
2026-07-13T10:09:45,esp32,PR12P210,ok,1.76,31.5,928,-111,1.25,"{""device"":""esp32"",""sensor"":""PR12P210"",""status"":""ok"",""voltage"":1.760,""pressure_kpa"":31.50,""pkt"":928}",
2026-07-13T10:09:46,esp32,PR12P210,ok,1.762,31.54,929,-109,-2.25,"{""device"":""esp32"",""sensor"":""PR12P210"",""status"":""ok"",""voltage"":1.762,""pressure_kpa"":31.54,""pkt"":929}",
2026-07-13T10:09:48,esp32,PR12P210,ok,1.762,31.55,930,-110,0.25,"{""device"":""esp32"",""sensor"":""PR12P210"",""status"":""ok"",""voltage"":1.762,""pressure_kpa"":31.55,""pkt"":930}",
2026-07-13T10:09:49,esp32,PR12P210,ok,1.761,31.52,931,-111,0.50,"{""device"":""esp32"",""sensor"":""PR12P210"",""status"":""ok"",""voltage"":1.761,""pressure_kpa"":31.52,""pkt"":931}",
2026-07-13T10:09:50,esp32,PR12P210,ok,1.761,31.53,932,-111,1.25,"{""device"":""esp32"",""sensor"":""PR12P210"",""status"":""ok"",""voltage"":1.761,""pressure_kpa"":31.53,""pkt"":932}",
2026-07-13T10:09:51,esp32,PR12P210,ok,1.76,31.49,933,-109,-0.75,"{""device"":""esp32"",""sensor"":""PR12P210"",""status"":""ok"",""voltage"":1.760,""pressure_kpa"":31.49,""pkt"":933}",
2026-07-13T10:09:52,esp32,PR12P210,ok,1.758,31.46,934,-109,-1.50,"{""device"":""esp32"",""sensor"":""PR12P210"",""status"":""ok"",""voltage"":1.758,""pressure_kpa"":31.46,""pkt"":934}",
2026-07-13T10:09:53,esp32,PR12P210,ok,1.757,31.43,935,-110,2.50,"{""device"":""esp32"",""sensor"":""PR12P210"",""status"":""ok"",""voltage"":1.757,""pressure_kpa"":31.43,""pkt"":935}",
2026-07-13T10:09:55,esp32,PR12P210,ok,1.761,31.52,936,-109,-0.50,"{""device"":""esp32"",""sensor"":""PR12P210"",""status"":""ok"",""voltage"":1.761,""pressure_kpa"":31.52,""pkt"":936}",
2026-07-13T10:09:56,esp32,PR12P210,ok,1.765,31.62,937,-109,-2.00,"{""device"":""esp32"",""sensor"":""PR12P210"",""status"":""ok"",""voltage"":1.765,""pressure_kpa"":31.62,""pkt"":937}",
2026-07-13T10:09:57,esp32,PR12P210,ok,1.762,31.54,938,-109,-2.25,"{""device"":""esp32"",""sensor"":""PR12P210"",""status"":""ok"",""voltage"":1.762,""pressure_kpa"":31.54,""pkt"":938}",
2026-07-13T10:09:58,esp32,PR12P210,ok,1.758,31.46,939,-110,-1.00,"{""device"":""esp32"",""sensor"":""PR12P210"",""status"":""ok"",""voltage"":1.758,""pressure_kpa"":31.46,""pkt"":939}",
2026-07-13T10:09:59,esp32,PR12P210,ok,1.761,31.52,940,-110,-2.00,"{""device"":""esp32"",""sensor"":""PR12P210"",""status"":""ok"",""voltage"":1.761,""pressure_kpa"":31.52,""pkt"":940}",
2026-07-13T10:10:01,esp32,PR12P210,ok,1.758,31.46,941,-109,0.50,"{""device"":""esp32"",""sensor"":""PR12P210"",""status"":""ok"",""voltage"":1.758,""pressure_kpa"":31.46,""pkt"":941}",
2026-07-13T10:10:02,esp32,PR12P210,ok,1.756,31.41,942,-107,-3.50,"{""device"":""esp32"",""sensor"":""PR12P210"",""status"":""ok"",""voltage"":1.756,""pressure_kpa"":31.41,""pkt"":942}",
2026-07-13T10:10:03,esp32,PR12P210,ok,1.761,31.54,943,-107,-3.50,"{""device"":""esp32"",""sensor"":""PR12P210"",""status"":""ok"",""voltage"":1.761,""pressure_kpa"":31.54,""pkt"":943}",
2026-07-13T10:10:04,esp32,PR12P210,ok,1.763,31.58,944,-110,-1.50,"{""device"":""esp32"",""sensor"":""PR12P210"",""status"":""ok"",""voltage"":1.763,""pressure_kpa"":31.58,""pkt"":944}",
2026-07-13T10:10:05,esp32,PR12P210,ok,1.761,31.53,945,-109,-1.25,"{""device"":""esp32"",""sensor"":""PR12P210"",""status"":""ok"",""voltage"":1.761,""pressure_kpa"":31.53,""pkt"":945}",
2026-07-13T10:10:07,esp32,PR12P210,ok,1.765,31.63,946,-109,-2.00,"{""device"":""esp32"",""sensor"":""PR12P210"",""status"":""ok"",""voltage"":1.765,""pressure_kpa"":31.63,""pkt"":946}",
2026-07-13T10:10:08,esp32,PR12P210,ok,1.76,31.49,947,-110,-0.50,"{""device"":""esp32"",""sensor"":""PR12P210"",""status"":""ok"",""voltage"":1.760,""pressure_kpa"":31.49,""pkt"":947}",
2026-07-13T10:10:09,esp32,PR12P210,ok,1.759,31.47,948,-108,-2.75,"{""device"":""esp32"",""sensor"":""PR12P210"",""status"":""ok"",""voltage"":1.759,""pressure_kpa"":31.47,""pkt"":948}",
2026-07-13T10:10:10,esp32,PR12P210,ok,1.759,31.48,949,-110,-1.00,"{""device"":""esp32"",""sensor"":""PR12P210"",""status"":""ok"",""voltage"":1.759,""pressure_kpa"":31.48,""pkt"":949}",
2026-07-13T10:10:11,esp32,PR12P210,ok,1.759,31.48,950,-111,0.25,"{""device"":""esp32"",""sensor"":""PR12P210"",""status"":""ok"",""voltage"":1.759,""pressure_kpa"":31.48,""pkt"":950}",
2026-07-13T10:10:13,esp32,PR12P210,ok,1.76,31.5,951,-111,1.25,"{""device"":""esp32"",""sensor"":""PR12P210"",""status"":""ok"",""voltage"":1.760,""pressure_kpa"":31.50,""pkt"":951}",
2026-07-13T10:10:14,esp32,PR12P210,ok,1.763,31.58,952,-111,2.50,"{""device"":""esp32"",""sensor"":""PR12P210"",""status"":""ok"",""voltage"":1.763,""pressure_kpa"":31.58,""pkt"":952}",
2026-07-13T10:10:15,esp32,PR12P210,ok,1.76,31.51,953,-112,2.00,"{""device"":""esp32"",""sensor"":""PR12P210"",""status"":""ok"",""voltage"":1.760,""pressure_kpa"":31.51,""pkt"":953}",
2026-07-13T10:10:16,esp32,PR12P210,ok,1.762,31.54,954,-112,1.75,"{""device"":""esp32"",""sensor"":""PR12P210"",""status"":""ok"",""voltage"":1.762,""pressure_kpa"":31.54,""pkt"":954}",
2026-07-13T10:10:17,esp32,PR12P210,ok,1.763,31.57,955,-111,2.25,"{""device"":""esp32"",""sensor"":""PR12P210"",""status"":""ok"",""voltage"":1.763,""pressure_kpa"":31.57,""pkt"":955}",
2026-07-13T10:10:19,esp32,PR12P210,ok,1.762,31.54,956,-111,0.00,"{""device"":""esp32"",""sensor"":""PR12P210"",""status"":""ok"",""voltage"":1.762,""pressure_kpa"":31.54,""pkt"":956}",
2026-07-13T10:10:20,esp32,PR12P210,ok,1.761,31.53,957,-112,2.00,"{""device"":""esp32"",""sensor"":""PR12P210"",""status"":""ok"",""voltage"":1.761,""pressure_kpa"":31.53,""pkt"":957}",
2026-07-13T10:10:21,esp32,PR12P210,ok,1.762,31.55,958,-109,4.75,"{""device"":""esp32"",""sensor"":""PR12P210"",""status"":""ok"",""voltage"":1.762,""pressure_kpa"":31.55,""pkt"":958}",
2026-07-13T10:10:22,esp32,PR12P210,ok,1.764,31.59,959,-113,0.00,"{""device"":""esp32"",""sensor"":""PR12P210"",""status"":""ok"",""voltage"":1.764,""pressure_kpa"":31.59,""pkt"":959}",
2026-07-13T10:10:23,esp32,PR12P210,ok,1.761,31.53,960,-113,-0.50,"{""device"":""esp32"",""sensor"":""PR12P210"",""status"":""ok"",""voltage"":1.761,""pressure_kpa"":31.53,""pkt"":960}",
2026-07-13T10:10:24,esp32,PR12P210,ok,1.763,31.57,961,-113,-1.50,"{""device"":""esp32"",""sensor"":""PR12P210"",""status"":""ok"",""voltage"":1.763,""pressure_kpa"":31.57,""pkt"":961}",
2026-07-13T10:10:27,,,,,,,-116,-8.75,"{""device"":""esp32"",""sensor"":""PR12P210"",""status"":""ok"",""voltageb:1.760,""pressure_kpa"":31.51,""pkt"":963}",Expecting ':' delimiter: line 1 column 70 (char 69)
2026-07-13T10:10:28,esp32,PR12P210,ok,1.764,31.59,964,-108,-2.50,"{""device"":""esp32"",""sensor"":""PR12P210"",""status"":""ok"",""voltage"":1.764,""pressure_kpa"":31.59,""pkt"":964}",
2026-07-13T10:10:29,esp32,PR12P210,ok,1.763,31.58,965,-111,2.00,"{""device"":""esp32"",""sensor"":""PR12P210"",""status"":""ok"",""voltage"":1.763,""pressure_kpa"":31.58,""pkt"":965}",
2026-07-13T10:10:30,esp32,PR12P210,ok,1.763,31.57,966,-111,1.00,"{""device"":""esp32"",""sensor"":""PR12P210"",""status"":""ok"",""voltage"":1.763,""pressure_kpa"":31.57,""pkt"":966}",
2026-07-13T10:10:46,esp32,PR12P210,ok,1.76,31.51,979,-111,0.25,"{""device"":""esp32"",""sensor"":""PR12P210"",""status"":""ok"",""voltage"":1.760,""pressure_kpa"":31.51,""pkt"":979}",
2026-07-13T10:10:47,esp32,PR12P210,ok,1.759,31.49,980,-110,1.00,"{""device"":""esp32"",""sensor"":""PR12P210"",""status"":""ok"",""voltage"":1.759,""pressure_kpa"":31.49,""pkt"":980}",
2026-07-13T10:10:48,esp32,PR12P210,ok,1.765,31.61,981,-109,-1.75,"{""device"":""esp32"",""sensor"":""PR12P210"",""status"":""ok"",""voltage"":1.765,""pressure_kpa"":31.61,""pkt"":981}",
2026-07-13T10:10:49,esp32,PR12P210,ok,1.76,31.5,982,-110,0.50,"{""device"":""esp32"",""sensor"":""PR12P210"",""status"":""ok"",""voltage"":1.760,""pressure_kpa"":31.50,""pkt"":982}",
2026-07-13T10:10:51,esp32,PR12P210,ok,1.76,31.51,983,-110,1.25,"{""device"":""esp32"",""sensor"":""PR12P210"",""status"":""ok"",""voltage"":1.760,""pressure_kpa"":31.51,""pkt"":983}",
2026-07-13T10:10:52,esp32,PR12P210,ok,1.764,31.61,984,-111,1.50,"{""device"":""esp32"",""sensor"":""PR12P210"",""status"":""ok"",""voltage"":1.764,""pressure_kpa"":31.61,""pkt"":984}",
2026-07-13T10:10:53,esp32,PR12P210,ok,1.764,31.59,985,-110,0.50,"{""device"":""esp32"",""sensor"":""PR12P210"",""status"":""ok"",""voltage"":1.764,""pressure_kpa"":31.59,""pkt"":985}",
2026-07-13T10:10:54,esp32,PR12P210,ok,1.759,31.48,986,-110,0.50,"{""device"":""esp32"",""sensor"":""PR12P210"",""status"":""ok"",""voltage"":1.759,""pressure_kpa"":31.48,""pkt"":986}",
2026-07-13T10:10:55,esp32,PR12P210,ok,1.76,31.51,987,-111,-0.50,"{""device"":""esp32"",""sensor"":""PR12P210"",""status"":""ok"",""voltage"":1.760,""pressure_kpa"":31.51,""pkt"":987}",
2026-07-13T10:10:57,esp32,PR12P210,ok,1.762,31.55,988,-111,0.75,"{""device"":""esp32"",""sensor"":""PR12P210"",""status"":""ok"",""voltage"":1.762,""pressure_kpa"":31.55,""pkt"":988}",
2026-07-13T10:10:58,esp32,PR12P210,ok,1.759,31.47,989,-110,-1.00,"{""device"":""esp32"",""sensor"":""PR12P210"",""status"":""ok"",""voltage"":1.759,""pressure_kpa"":31.47,""pkt"":989}",
2026-07-13T10:10:59,esp32,PR12P210,ok,1.762,31.54,990,-111,0.00,"{""device"":""esp32"",""sensor"":""PR12P210"",""status"":""ok"",""voltage"":1.762,""pressure_kpa"":31.54,""pkt"":990}",
2026-07-13T10:11:00,esp32,PR12P210,ok,1.762,31.56,991,-111,0.25,"{""device"":""esp32"",""sensor"":""PR12P210"",""status"":""ok"",""voltage"":1.762,""pressure_kpa"":31.56,""pkt"":991}",
2026-07-13T10:11:01,esp32,PR12P210,ok,1.762,31.54,992,-111,2.00,"{""device"":""esp32"",""sensor"":""PR12P210"",""status"":""ok"",""voltage"":1.762,""pressure_kpa"":31.54,""pkt"":992}",
2026-07-13T10:11:03,esp32,PR12P210,ok,1.762,31.55,993,-112,1.25,"{""device"":""esp32"",""sensor"":""PR12P210"",""status"":""ok"",""voltage"":1.762,""pressure_kpa"":31.55,""pkt"":993}",
2026-07-13T10:11:04,esp32,PR12P210,ok,1.766,31.65,994,-112,1.75,"{""device"":""esp32"",""sensor"":""PR12P210"",""status"":""ok"",""voltage"":1.766,""pressure_kpa"":31.65,""pkt"":994}",
2026-07-13T10:11:05,esp32,PR12P210,ok,1.765,31.62,995,-112,2.25,"{""device"":""esp32"",""sensor"":""PR12P210"",""status"":""ok"",""voltage"":1.765,""pressure_kpa"":31.62,""pkt"":995}",
2026-07-13T10:11:06,esp32,PR12P210,ok,1.763,31.57,996,-112,2.25,"{""device"":""esp32"",""sensor"":""PR12P210"",""status"":""ok"",""voltage"":1.763,""pressure_kpa"":31.57,""pkt"":996}",
2026-07-13T10:11:07,,,,,,,-112,0.00,"{""device"":""esp32"",""senugrBº""PW12P¾10"",""status"":""ok"",""voltake"":1.761,""psessvre_kpa"":31.53,pkt"":997}",Expecting ':' delimiter: line 1 column 29 (char 28)
2026-07-13T10:11:09,esp32,PR12P210,ok,1.764,31.61,998,-112,1.75,"{""device"":""esp32"",""sensor"":""PR12P210"",""status"":""ok"",""voltage"":1.764,""pressure_kpa"":31.61,""pkt"":998}",
2026-07-13T10:11:11,esp32,PR12P210,ok,1.761,31.53,1000,-112,2.00,"{""device"":""esp32"",""sensor"":""PR12P210"",""status"":""ok"",""voltage"":1.761,""pressure_kpa"":31.53,""pkt"":1000}",
2026-07-13T10:11:12,esp32,PR12P210,ok,1.759,31.49,1001,-112,1.50,"{""device"":""esp32"",""sensor"":""PR12P210"",""status"":""ok"",""voltage"":1.759,""pressure_kpa"":31.49,""pkt"":1001}",
2026-07-13T10:11:13,esp32,PR12P210,ok,1.762,31.56,1002,-112,2.00,"{""device"":""esp32"",""sensor"":""PR12P210"",""status"":""ok"",""voltage"":1.762,""pressure_kpa"":31.56,""pkt"":1002}",
2026-07-13T10:11:15,esp32,PR12P210,ok,1.762,31.56,1003,-112,2.00,"{""device"":""esp32"",""sensor"":""PR12P210"",""status"":""ok"",""voltage"":1.762,""pressure_kpa"":31.56,""pkt"":1003}",
2026-07-13T10:11:16,esp32,PR12P210,ok,1.761,31.52,1004,-112,2.00,"{""device"":""esp32"",""sensor"":""PR12P210"",""status"":""ok"",""voltage"":1.761,""pressure_kpa"":31.52,""pkt"":1004}",
2026-07-13T10:11:17,esp32,PR12P210,ok,1.763,31.58,1005,-112,2.75,"{""device"":""esp32"",""sensor"":""PR12P210"",""status"":""ok"",""voltage"":1.763,""pressure_kpa"":31.58,""pkt"":1005}",
2026-07-13T10:11:18,esp32,PR12P210,ok,1.762,31.56,1006,-112,2.75,"{""device"":""esp32"",""sensor"":""PR12P210"",""status"":""ok"",""voltage"":1.762,""pressure_kpa"":31.56,""pkt"":1006}",
2026-07-13T10:11:19,esp32,PR12P210,ok,1.762,31.56,1007,-111,3.00,"{""device"":""esp32"",""sensor"":""PR12P210"",""status"":""ok"",""voltage"":1.762,""pressure_kpa"":31.56,""pkt"":1007}",
2026-07-13T10:11:20,esp32,PR12P210,ok,1.761,31.53,1008,-111,2.50,"{""device"":""esp32"",""sensor"":""PR12P210"",""status"":""ok"",""voltage"":1.761,""pressure_kpa"":31.53,""pkt"":1008}",
2026-07-13T10:11:22,esp32,PR12P210,ok,1.76,31.51,1009,-112,2.75,"{""device"":""esp32"",""sensor"":""PR12P210"",""status"":""ok"",""voltage"":1.760,""pressure_kpa"":31.51,""pkt"":1009}",
2026-07-13T10:11:23,esp32,PR12P210,ok,1.761,31.53,1010,-112,2.50,"{""device"":""esp32"",""sensor"":""PR12P210"",""status"":""ok"",""voltage"":1.761,""pressure_kpa"":31.53,""pkt"":1010}",
2026-07-13T10:11:24,esp32,PR12P210,ok,1.761,31.52,1011,-113,2.25,"{""device"":""esp32"",""sensor"":""PR12P210"",""status"":""ok"",""voltage"":1.761,""pressure_kpa"":31.52,""pkt"":1011}",
2026-07-13T10:11:25,esp32,PR12P210,ok,1.762,31.56,1012,-112,2.50,"{""device"":""esp32"",""sensor"":""PR12P210"",""status"":""ok"",""voltage"":1.762,""pressure_kpa"":31.56,""pkt"":1012}",
2026-07-13T10:11:26,esp32,PR12P210,ok,1.761,31.52,1013,-112,2.25,"{""device"":""esp32"",""sensor"":""PR12P210"",""status"":""ok"",""voltage"":1.761,""pressure_kpa"":31.52,""pkt"":1013}",
2026-07-13T10:11:28,esp32,PR12P210,ok,1.763,31.58,1014,-112,2.00,"{""device"":""esp32"",""sensor"":""PR12P210"",""status"":""ok"",""voltage"":1.763,""pressure_kpa"":31.58,""pkt"":1014}",
2026-07-13T10:11:29,esp32,PR12P210,ok,1.763,31.57,1015,-112,2.50,"{""device"":""esp32"",""sensor"":""PR12P210"",""status"":""ok"",""voltage"":1.763,""pressure_kpa"":31.57,""pkt"":1015}",
2026-07-13T10:11:30,esp32,PR12P210,ok,1.762,31.56,1016,-110,1.00,"{""device"":""esp32"",""sensor"":""PR12P210"",""status"":""ok"",""voltage"":1.762,""pressure_kpa"":31.56,""pkt"":1016}",
2026-07-13T10:11:31,esp32,PR12P210,ok,1.762,31.56,1017,-112,1.75,"{""device"":""esp32"",""sensor"":""PR12P210"",""status"":""ok"",""voltage"":1.762,""pressure_kpa"":31.56,""pkt"":1017}",
2026-07-13T10:11:32,esp32,PR12P210,ok,1.761,31.53,1018,-112,1.75,"{""device"":""esp32"",""sensor"":""PR12P210"",""status"":""ok"",""voltage"":1.761,""pressure_kpa"":31.53,""pkt"":1018}",
2026-07-13T10:11:34,esp32,PR12P210,ok,1.763,31.58,1019,-112,1.50,"{""device"":""esp32"",""sensor"":""PR12P210"",""status"":""ok"",""voltage"":1.763,""pressure_kpa"":31.58,""pkt"":1019}",
2026-07-13T10:11:35,esp32,PR12P210,ok,1.762,31.55,1020,-111,1.50,"{""device"":""esp32"",""sensor"":""PR12P210"",""status"":""ok"",""voltage"":1.762,""pressure_kpa"":31.55,""pkt"":1020}",
2026-07-13T10:11:36,esp32,PR12P210,ok,1.76,31.51,1021,-112,2.00,"{""device"":""esp32"",""sensor"":""PR12P210"",""status"":""ok"",""voltage"":1.760,""pressure_kpa"":31.51,""pkt"":1021}",
2026-07-13T10:11:37,esp32,PR12P210,ok,1.759,31.48,1022,-112,2.25,"{""device"":""esp32"",""sensor"":""PR12P210"",""status"":""ok"",""voltage"":1.759,""pressure_kpa"":31.48,""pkt"":1022}",
2026-07-13T10:11:38,esp32,PR12P210,ok,1.762,31.56,1023,-112,2.25,"{""device"":""esp32"",""sensor"":""PR12P210"",""status"":""ok"",""voltage"":1.762,""pressure_kpa"":31.56,""pkt"":1023}",
2026-07-13T10:11:40,esp32,PR12P210,ok,1.758,31.46,1024,-112,2.00,"{""device"":""esp32"",""sensor"":""PR12P210"",""status"":""ok"",""voltage"":1.758,""pressure_kpa"":31.46,""pkt"":1024}",
2026-07-13T10:11:41,esp32,PR12P210,ok,1.761,31.52,1025,-112,2.50,"{""device"":""esp32"",""sensor"":""PR12P210"",""status"":""ok"",""voltage"":1.761,""pressure_kpa"":31.52,""pkt"":1025}",
2026-07-13T10:11:42,esp32,PR12P210,ok,1.761,31.52,1026,-112,2.25,"{""device"":""esp32"",""sensor"":""PR12P210"",""status"":""ok"",""voltage"":1.761,""pressure_kpa"":31.52,""pkt"":1026}",
2026-07-13T10:11:43,esp32,PR12P210,ok,1.757,31.44,1027,-112,2.25,"{""device"":""esp32"",""sensor"":""PR12P210"",""status"":""ok"",""voltage"":1.757,""pressure_kpa"":31.44,""pkt"":1027}",
2026-07-13T10:11:44,esp32,PR12P210,ok,1.763,31.58,1028,-112,2.75,"{""device"":""esp32"",""sensor"":""PR12P210"",""status"":""ok"",""voltage"":1.763,""pressure_kpa"":31.58,""pkt"":1028}",
2026-07-13T10:11:46,esp32,PR12P210,ok,1.762,31.54,1029,-112,2.25,"{""device"":""esp32"",""sensor"":""PR12P210"",""status"":""ok"",""voltage"":1.762,""pressure_kpa"":31.54,""pkt"":1029}",
2026-07-13T10:11:47,esp32,PR12P210,ok,1.76,31.51,1030,-111,2.75,"{""device"":""esp32"",""sensor"":""PR12P210"",""status"":""ok"",""voltage"":1.760,""pressure_kpa"":31.51,""pkt"":1030}",
2026-07-13T10:11:48,esp32,PR12P210,ok,1.765,31.61,1031,-112,2.75,"{""device"":""esp32"",""sensor"":""PR12P210"",""status"":""ok"",""voltage"":1.765,""pressure_kpa"":31.61,""pkt"":1031}",
2026-07-13T10:11:49,esp32,PR12P210,ok,1.761,31.52,1032,-112,1.50,"{""device"":""esp32"",""sensor"":""PR12P210"",""status"":""ok"",""voltage"":1.761,""pressure_kpa"":31.52,""pkt"":1032}",
2026-07-13T10:11:50,esp32,PR12P210,ok,1.761,31.53,1033,-110,-1.25,"{""device"":""esp32"",""sensor"":""PR12P210"",""status"":""ok"",""voltage"":1.761,""pressure_kpa"":31.53,""pkt"":1033}",
2026-07-13T10:11:51,esp32,PR12P210,ok,1.761,31.52,1034,-110,-1.00,"{""device"":""esp32"",""sensor"":""PR12P210"",""status"":""ok"",""voltage"":1.761,""pressure_kpa"":31.52,""pkt"":1034}",
2026-07-13T10:11:53,esp32,PR12P210,ok,1.762,31.55,1035,-109,-3.50,"{""device"":""esp32"",""sensor"":""PR12P210"",""status"":""ok"",""voltage"":1.762,""pressure_kpa"":31.55,""pkt"":1035}",
2026-07-13T10:11:54,esp32,PR12P210,ok,1.762,31.54,1036,-110,-1.25,"{""device"":""esp32"",""sensor"":""PR12P210"",""status"":""ok"",""voltage"":1.762,""pressure_kpa"":31.54,""pkt"":1036}",
2026-07-13T10:11:55,esp32,PR12P210,ok,1.765,31.63,1037,-110,-0.75,"{""device"":""esp32"",""sensor"":""PR12P210"",""status"":""ok"",""voltage"":1.765,""pressure_kpa"":31.63,""pkt"":1037}",
2026-07-13T10:11:56,esp32,PR12P210,ok,1.76,31.51,1038,-111,0.50,"{""device"":""esp32"",""sensor"":""PR12P210"",""status"":""ok"",""voltage"":1.760,""pressure_kpa"":31.51,""pkt"":1038}",
2026-07-13T10:11:57,esp32,PR12P210,ok,1.766,31.66,1039,-111,0.75,"{""device"":""esp32"",""sensor"":""PR12P210"",""status"":""ok"",""voltage"":1.766,""pressure_kpa"":31.66,""pkt"":1039}",
2026-07-13T10:11:59,esp32,PR12P210,ok,1.761,31.53,1040,-110,0.00,"{""device"":""esp32"",""sensor"":""PR12P210"",""status"":""ok"",""voltage"":1.761,""pressure_kpa"":31.53,""pkt"":1040}",
2026-07-13T10:12:00,esp32,PR12P210,ok,1.761,31.52,1041,-109,-1.50,"{""device"":""esp32"",""sensor"":""PR12P210"",""status"":""ok"",""voltage"":1.761,""pressure_kpa"":31.52,""pkt"":1041}",
2026-07-13T10:12:01,esp32,PR12P210,ok,1.765,31.63,1042,-109,-0.75,"{""device"":""esp32"",""sensor"":""PR12P210"",""status"":""ok"",""voltage"":1.765,""pressure_kpa"":31.63,""pkt"":1042}",
2026-07-13T10:12:02,esp32,PR12P210,ok,1.762,31.54,1043,-109,-1.50,"{""device"":""esp32"",""sensor"":""PR12P210"",""status"":""ok"",""voltage"":1.762,""pressure_kpa"":31.54,""pkt"":1043}",
2026-07-13T10:12:03,esp32,PR12P210,ok,1.76,31.51,1044,-109,-1.75,"{""device"":""esp32"",""sensor"":""PR12P210"",""status"":""ok"",""voltage"":1.760,""pressure_kpa"":31.51,""pkt"":1044}",
2026-07-13T10:12:05,esp32,PR12P210,ok,1.763,31.57,1045,-111,2.00,"{""device"":""esp32"",""sensor"":""PR12P210"",""status"":""ok"",""voltage"":1.763,""pressure_kpa"":31.57,""pkt"":1045}",
2026-07-13T10:12:06,esp32,PR12P210,ok,1.762,31.54,1046,-111,2.75,"{""device"":""esp32"",""sensor"":""PR12P210"",""status"":""ok"",""voltage"":1.762,""pressure_kpa"":31.54,""pkt"":1046}",
2026-07-13T10:12:07,esp32,PR12P210,ok,1.764,31.6,1047,-112,2.75,"{""device"":""esp32"",""sensor"":""PR12P210"",""status"":""ok"",""voltage"":1.764,""pressure_kpa"":31.60,""pkt"":1047}",
2026-07-13T10:12:08,esp32,PR12P210,ok,1.761,31.52,1048,-112,2.25,"{""device"":""esp32"",""sensor"":""PR12P210"",""status"":""ok"",""voltage"":1.761,""pressure_kpa"":31.52,""pkt"":1048}",
2026-07-13T10:12:09,esp32,PR12P210,ok,1.761,31.53,1049,-112,2.00,"{""device"":""esp32"",""sensor"":""PR12P210"",""status"":""ok"",""voltage"":1.761,""pressure_kpa"":31.53,""pkt"":1049}",
2026-07-13T10:12:11,esp32,PR12P210,ok,1.759,31.48,1050,-111,2.25,"{""device"":""esp32"",""sensor"":""PR12P210"",""status"":""ok"",""voltage"":1.759,""pressure_kpa"":31.48,""pkt"":1050}",
2026-07-13T10:12:12,esp32,PR12P210,ok,1.762,31.56,1051,-112,2.25,"{""device"":""esp32"",""sensor"":""PR12P210"",""status"":""ok"",""voltage"":1.762,""pressure_kpa"":31.56,""pkt"":1051}",
2026-07-13T10:12:13,esp32,PR12P210,ok,1.763,31.57,1052,-112,2.25,"{""device"":""esp32"",""sensor"":""PR12P210"",""status"":""ok"",""voltage"":1.763,""pressure_kpa"":31.57,""pkt"":1052}",
2026-07-13T10:12:14,esp32,PR12P210,ok,1.76,31.51,1053,-111,2.75,"{""device"":""esp32"",""sensor"":""PR12P210"",""status"":""ok"",""voltage"":1.760,""pressure_kpa"":31.51,""pkt"":1053}",
2026-07-13T10:12:15,esp32,PR12P210,ok,1.761,31.52,1054,-112,2.75,"{""device"":""esp32"",""sensor"":""PR12P210"",""status"":""ok"",""voltage"":1.761,""pressure_kpa"":31.52,""pkt"":1054}",
2026-07-13T10:12:17,esp32,PR12P210,ok,1.76,31.5,1055,-112,3.00,"{""device"":""esp32"",""sensor"":""PR12P210"",""status"":""ok"",""voltage"":1.760,""pressure_kpa"":31.50,""pkt"":1055}",
2026-07-13T10:12:18,esp32,PR12P210,ok,1.762,31.55,1056,-111,0.50,"{""device"":""esp32"",""sensor"":""PR12P210"",""status"":""ok"",""voltage"":1.762,""pressure_kpa"":31.55,""pkt"":1056}",
2026-07-13T10:12:19,esp32,PR12P210,ok,1.758,31.44,1057,-110,1.00,"{""device"":""esp32"",""sensor"":""PR12P210"",""status"":""ok"",""voltage"":1.758,""pressure_kpa"":31.44,""pkt"":1057}",
2026-07-13T10:12:20,esp32,PR12P210,ok,1.759,31.48,1058,-110,1.75,"{""device"":""esp32"",""sensor"":""PR12P210"",""status"":""ok"",""voltage"":1.759,""pressure_kpa"":31.48,""pkt"":1058}",
2026-07-13T10:12:21,esp32,PR12P210,ok,1.762,31.56,1059,-109,-2.25,"{""device"":""esp32"",""sensor"":""PR12P210"",""status"":""ok"",""voltage"":1.762,""pressure_kpa"":31.56,""pkt"":1059}",
2026-07-13T10:12:22,esp32,PR12P210,ok,1.762,31.56,1060,-109,-1.25,"{""device"":""esp32"",""sensor"":""PR12P210"",""status"":""ok"",""voltage"":1.762,""pressure_kpa"":31.56,""pkt"":1060}",
2026-07-13T10:12:24,esp32,PR12P210,ok,1.76,31.51,1061,-110,-1.25,"{""device"":""esp32"",""sensor"":""PR12P210"",""status"":""ok"",""voltage"":1.760,""pressure_kpa"":31.51,""pkt"":1061}",
2026-07-13T10:12:25,esp32,PR12P210,ok,1.764,31.59,1062,-109,-3.75,"{""device"":""esp32"",""sensor"":""PR12P210"",""status"":""ok"",""voltage"":1.764,""pressure_kpa"":31.59,""pkt"":1062}",
2026-07-13T10:12:26,esp32,PR12P210,ok,1.762,31.55,1063,-108,-2.75,"{""device"":""esp32"",""sensor"":""PR12P210"",""status"":""ok"",""voltage"":1.762,""pressure_kpa"":31.55,""pkt"":1063}",
2026-07-13T10:12:27,esp32,PR12P210,ok,1.762,31.54,1064,-108,-4.00,"{""device"":""esp32"",""sensor"":""PR12P210"",""status"":""ok"",""voltage"":1.762,""pressure_kpa"":31.54,""pkt"":1064}",
2026-07-13T10:12:28,esp32,PR12P210,ok,1.76,31.5,1065,-109,-2.50,"{""device"":""esp32"",""sensor"":""PR12P210"",""status"":""ok"",""voltage"":1.760,""pressure_kpa"":31.50,""pkt"":1065}",
2026-07-13T10:12:30,esp32,PR12P210,ok,1.762,31.54,1066,-109,-1.75,"{""device"":""esp32"",""sensor"":""PR12P210"",""status"":""ok"",""voltage"":1.762,""pressure_kpa"":31.54,""pkt"":1066}",
2026-07-13T10:12:31,esp32,PR12P210,ok,1.762,31.56,1067,-109,-3.50,"{""device"":""esp32"",""sensor"":""PR12P210"",""status"":""ok"",""voltage"":1.762,""pressure_kpa"":31.56,""pkt"":1067}",
2026-07-13T10:12:32,esp32,PR12P210,ok,1.761,31.51,1068,-108,-3.25,"{""device"":""esp32"",""sensor"":""PR12P210"",""status"":""ok"",""voltage"":1.761,""pressure_kpa"":31.51,""pkt"":1068}",
2026-07-13T10:12:33,esp32,PR12P210,ok,1.761,31.51,1069,-109,-2.25,"{""device"":""esp32"",""sensor"":""PR12P210"",""status"":""ok"",""voltage"":1.761,""pressure_kpa"":31.51,""pkt"":1069}",
2026-07-13T10:12:34,esp32,PR12P210,ok,1.761,31.52,1070,-111,0.25,"{""device"":""esp32"",""sensor"":""PR12P210"",""status"":""ok"",""voltage"":1.761,""pressure_kpa"":31.52,""pkt"":1070}",
2026-07-13T10:12:36,esp32,PR12P210,ok,1.764,31.59,1071,-110,0.25,"{""device"":""esp32"",""sensor"":""PR12P210"",""status"":""ok"",""voltage"":1.764,""pressure_kpa"":31.59,""pkt"":1071}",
2026-07-13T10:12:37,esp32,PR12P210,ok,1.762,31.55,1072,-110,-1.75,"{""device"":""esp32"",""sensor"":""PR12P210"",""status"":""ok"",""voltage"":1.762,""pressure_kpa"":31.55,""pkt"":1072}",
2026-07-13T10:12:38,esp32,PR12P210,ok,1.763,31.58,1073,-110,-1.25,"{""device"":""esp32"",""sensor"":""PR12P210"",""status"":""ok"",""voltage"":1.763,""pressure_kpa"":31.58,""pkt"":1073}",
2026-07-13T10:12:39,esp32,PR12P210,ok,1.763,31.57,1074,-110,-1.75,"{""device"":""esp32"",""sensor"":""PR12P210"",""status"":""ok"",""voltage"":1.763,""pressure_kpa"":31.57,""pkt"":1074}",
2026-07-13T10:12:40,esp32,PR12P210,ok,1.76,31.51,1075,-111,-0.25,"{""device"":""esp32"",""sensor"":""PR12P210"",""status"":""ok"",""voltage"":1.760,""pressure_kpa"":31.51,""pkt"":1075}",
2026-07-13T10:12:42,esp32,PR12P210,ok,1.759,31.47,1076,-110,0.25,"{""device"":""esp32"",""sensor"":""PR12P210"",""status"":""ok"",""voltage"":1.759,""pressure_kpa"":31.47,""pkt"":1076}",
2026-07-13T10:12:43,esp32,PR12P210,ok,1.76,31.49,1077,-108,-3.00,"{""device"":""esp32"",""sensor"":""PR12P210"",""status"":""ok"",""voltage"":1.760,""pressure_kpa"":31.49,""pkt"":1077}",
2026-07-13T10:12:44,esp32,PR12P210,ok,1.761,31.53,1078,-110,-1.25,"{""device"":""esp32"",""sensor"":""PR12P210"",""status"":""ok"",""voltage"":1.761,""pressure_kpa"":31.53,""pkt"":1078}",
2026-07-13T10:12:45,esp32,PR12P210,ok,1.76,31.51,1079,-111,-0.50,"{""device"":""esp32"",""sensor"":""PR12P210"",""status"":""ok"",""voltage"":1.760,""pressure_kpa"":31.51,""pkt"":1079}",
2026-07-13T10:12:46,esp32,PR12P210,ok,1.763,31.58,1080,-111,-0.50,"{""device"":""esp32"",""sensor"":""PR12P210"",""status"":""ok"",""voltage"":1.763,""pressure_kpa"":31.58,""pkt"":1080}",
2026-07-13T10:12:48,esp32,PR12P210,ok,1.764,31.61,1081,-111,0.00,"{""device"":""esp32"",""sensor"":""PR12P210"",""status"":""ok"",""voltage"":1.764,""pressure_kpa"":31.61,""pkt"":1081}",
2026-07-13T10:12:49,esp32,PR12P210,ok,1.761,31.52,1082,-110,0.25,"{""device"":""esp32"",""sensor"":""PR12P210"",""status"":""ok"",""voltage"":1.761,""pressure_kpa"":31.52,""pkt"":1082}",
2026-07-13T10:12:50,esp32,PR12P210,ok,1.761,31.52,1083,-110,-2.00,"{""device"":""esp32"",""sensor"":""PR12P210"",""status"":""ok"",""voltage"":1.761,""pressure_kpa"":31.52,""pkt"":1083}",
2026-07-13T10:12:51,esp32,PR12P210,ok,1.766,31.66,1084,-110,-2.50,"{""device"":""esp32"",""sensor"":""PR12P210"",""status"":""ok"",""voltage"":1.766,""pressure_kpa"":31.66,""pkt"":1084}",
2026-07-13T10:12:52,esp32,PR12P210,ok,1.763,31.58,1085,-110,-2.75,"{""device"":""esp32"",""sensor"":""PR12P210"",""status"":""ok"",""voltage"":1.763,""pressure_kpa"":31.58,""pkt"":1085}",
2026-07-13T10:12:53,esp32,PR12P210,ok,1.763,31.58,1086,-111,0.75,"{""device"":""esp32"",""sensor"":""PR12P210"",""status"":""ok"",""voltage"":1.763,""pressure_kpa"":31.58,""pkt"":1086}",
2026-07-13T10:12:55,esp32,PR12P210,ok,1.762,31.55,1087,-112,2.00,"{""device"":""esp32"",""sensor"":""PR12P210"",""status"":""ok"",""voltage"":1.762,""pressure_kpa"":31.55,""pkt"":1087}",
2026-07-13T10:12:56,esp32,PR12P210,ok,1.763,31.57,1088,-111,2.50,"{""device"":""esp32"",""sensor"":""PR12P210"",""status"":""ok"",""voltage"":1.763,""pressure_kpa"":31.57,""pkt"":1088}",
2026-07-13T10:12:57,esp32,PR12P210,ok,1.758,31.45,1089,-112,1.75,"{""device"":""esp32"",""sensor"":""PR12P210"",""status"":""ok"",""voltage"":1.758,""pressure_kpa"":31.45,""pkt"":1089}",
2026-07-13T10:12:58,esp32,PR12P210,ok,1.763,31.57,1090,-112,2.25,"{""device"":""esp32"",""sensor"":""PR12P210"",""status"":""ok"",""voltage"":1.763,""pressure_kpa"":31.57,""pkt"":1090}",
2026-07-13T10:12:59,esp32,PR12P210,ok,1.761,31.53,1091,-111,2.00,"{""device"":""esp32"",""sensor"":""PR12P210"",""status"":""ok"",""voltage"":1.761,""pressure_kpa"":31.53,""pkt"":1091}",
2026-07-13T10:13:01,esp32,PR12P210,ok,1.763,31.56,1092,-112,1.75,"{""device"":""esp32"",""sensor"":""PR12P210"",""status"":""ok"",""voltage"":1.763,""pressure_kpa"":31.56,""pkt"":1092}",
2026-07-13T10:13:02,esp32,PR12P210,ok,1.762,31.54,1093,-112,1.75,"{""device"":""esp32"",""sensor"":""PR12P210"",""status"":""ok"",""voltage"":1.762,""pressure_kpa"":31.54,""pkt"":1093}",
2026-07-13T10:13:03,esp32,PR12P210,ok,1.761,31.51,1094,-112,1.25,"{""device"":""esp32"",""sensor"":""PR12P210"",""status"":""ok"",""voltage"":1.761,""pressure_kpa"":31.51,""pkt"":1094}",
2026-07-13T10:13:04,esp32,PR12P210,ok,1.762,31.55,1095,-112,2.50,"{""device"":""esp32"",""sensor"":""PR12P210"",""status"":""ok"",""voltage"":1.762,""pressure_kpa"":31.55,""pkt"":1095}",
2026-07-13T10:13:05,esp32,PR12P210,ok,1.763,31.58,1096,-112,2.00,"{""device"":""esp32"",""sensor"":""PR12P210"",""status"":""ok"",""voltage"":1.763,""pressure_kpa"":31.58,""pkt"":1096}",
2026-07-13T10:13:07,esp32,PR12P210,ok,1.762,31.54,1097,-112,2.00,"{""device"":""esp32"",""sensor"":""PR12P210"",""status"":""ok"",""voltage"":1.762,""pressure_kpa"":31.54,""pkt"":1097}",
2026-07-13T10:13:08,esp32,PR12P210,ok,1.761,31.53,1098,-110,-1.00,"{""device"":""esp32"",""sensor"":""PR12P210"",""status"":""ok"",""voltage"":1.761,""pressure_kpa"":31.53,""pkt"":1098}",
2026-07-13T10:13:09,esp32,PR12P210,ok,1.764,31.61,1099,-112,1.75,"{""device"":""esp32"",""sensor"":""PR12P210"",""status"":""ok"",""voltage"":1.764,""pressure_kpa"":31.61,""pkt"":1099}",
2026-07-13T10:13:10,esp32,PR12P210,ok,1.762,31.56,1100,-112,2.25,"{""device"":""esp32"",""sensor"":""PR12P210"",""status"":""ok"",""voltage"":1.762,""pressure_kpa"":31.56,""pkt"":1100}",
2026-07-13T10:13:11,esp32,PR12P210,ok,1.761,31.52,1101,-112,1.25,"{""device"":""esp32"",""sensor"":""PR12P210"",""status"":""ok"",""voltage"":1.761,""pressure_kpa"":31.52,""pkt"":1101}",
2026-07-13T10:13:13,esp32,PR12P210,ok,1.76,31.5,1102,-111,1.25,"{""device"":""esp32"",""sensor"":""PR12P210"",""status"":""ok"",""voltage"":1.760,""pressure_kpa"":31.50,""pkt"":1102}",
2026-07-13T10:13:14,esp32,PR12P210,ok,1.76,31.51,1103,-112,1.75,"{""device"":""esp32"",""sensor"":""PR12P210"",""status"":""ok"",""voltage"":1.760,""pressure_kpa"":31.51,""pkt"":1103}",
2026-07-13T10:13:15,esp32,PR12P210,ok,1.761,31.54,1104,-113,1.50,"{""device"":""esp32"",""sensor"":""PR12P210"",""status"":""ok"",""voltage"":1.761,""pressure_kpa"":31.54,""pkt"":1104}",
2026-07-13T10:13:16,esp32,PR12P210,ok,1.759,31.47,1105,-112,2.25,"{""device"":""esp32"",""sensor"":""PR12P210"",""status"":""ok"",""voltage"":1.759,""pressure_kpa"":31.47,""pkt"":1105}",
2026-07-13T10:13:17,esp32,PR12P210,ok,1.762,31.54,1106,-112,1.50,"{""device"":""esp32"",""sensor"":""PR12P210"",""status"":""ok"",""voltage"":1.762,""pressure_kpa"":31.54,""pkt"":1106}",
2026-07-13T10:13:18,esp32,PR12P210,ok,1.759,31.47,1107,-111,2.25,"{""device"":""esp32"",""sensor"":""PR12P210"",""status"":""ok"",""voltage"":1.759,""pressure_kpa"":31.47,""pkt"":1107}",
2026-07-13T10:13:20,esp32,PR12P210,ok,1.761,31.53,1108,-114,-1.50,"{""device"":""esp32"",""sensor"":""PR12P210"",""status"":""ok"",""voltage"":1.761,""pressure_kpa"":31.53,""pkt"":1108}",
2026-07-13T10:13:21,esp32,PR12P210,ok,1.761,31.53,1109,-112,1.50,"{""device"":""esp32"",""sensor"":""PR12P210"",""status"":""ok"",""voltage"":1.761,""pressure_kpa"":31.53,""pkt"":1109}",
2026-07-13T10:13:22,esp32,PR12P210,ok,1.76,31.5,1110,-111,4.00,"{""device"":""esp32"",""sensor"":""PR12P210"",""status"":""ok"",""voltage"":1.760,""pressure_kpa"":31.50,""pkt"":1110}",
2026-07-13T10:13:26,esp32,PR12P210,ok,1.761,31.52,1113,-113,-4.75,"{""device"":""esp32"",""sensor"":""PR12P210"",""status"":""ok"",""voltage"":1.761,""pressure_kpa"":31.52,""pkt"":1113}",
2026-07-13T10:18:40,esp32,PR12P210,ok,1.76,31.49,144,-112,-4.75,"{""device"":""esp32"",""sensor"":""PR12P210"",""status"":""ok"",""voltage"":1.760,""pressure_kpa"":31.49,""pkt"":144}",
2026-07-13T10:18:41,esp32,PR12P210,ok,1.759,31.48,145,-113,-4.00,"{""device"":""esp32"",""sensor"":""PR12P210"",""status"":""ok"",""voltage"":1.759,""pressure_kpa"":31.48,""pkt"":145}",
2026-07-13T10:18:42,esp32,PR12P210,ok,1.756,31.4,146,-112,-1.00,"{""device"":""esp32"",""sensor"":""PR12P210"",""status"":""ok"",""voltage"":1.756,""pressure_kpa"":31.40,""pkt"":146}",
2026-07-13T10:18:43,esp32,PR12P210,ok,1.761,31.53,147,-109,0.50,"{""device"":""esp32"",""sensor"":""PR12P210"",""status"":""ok"",""voltage"":1.761,""pressure_kpa"":31.53,""pkt"":147}",
2026-07-13T10:18:44,esp32,PR12P210,ok,1.76,31.5,148,-110,0.50,"{""device"":""esp32"",""sensor"":""PR12P210"",""status"":""ok"",""voltage"":1.760,""pressure_kpa"":31.50,""pkt"":148}",
2026-07-13T10:18:46,esp32,PR12P210,ok,1.758,31.46,149,-110,0.25,"{""device"":""esp32"",""sensor"":""PR12P210"",""status"":""ok"",""voltage"":1.758,""pressure_kpa"":31.46,""pkt"":149}",
2026-07-13T10:18:47,esp32,PR12P210,ok,1.761,31.53,150,-109,0.50,"{""device"":""esp32"",""sensor"":""PR12P210"",""status"":""ok"",""voltage"":1.761,""pressure_kpa"":31.53,""pkt"":150}",
2026-07-13T10:18:48,esp32,PR12P210,ok,1.759,31.47,151,-109,1.50,"{""device"":""esp32"",""sensor"":""PR12P210"",""status"":""ok"",""voltage"":1.759,""pressure_kpa"":31.47,""pkt"":151}",
2026-07-13T10:18:49,esp32,PR12P210,ok,1.759,31.48,152,-111,-1.25,"{""device"":""esp32"",""sensor"":""PR12P210"",""status"":""ok"",""voltage"":1.759,""pressure_kpa"":31.48,""pkt"":152}",
2026-07-13T10:18:50,esp32,PR12P210,ok,1.759,31.48,153,-112,-0.25,"{""device"":""esp32"",""sensor"":""PR12P210"",""status"":""ok"",""voltage"":1.759,""pressure_kpa"":31.48,""pkt"":153}",
2026-07-13T10:18:51,esp32,PR12P210,ok,1.759,31.48,154,-111,0.00,"{""device"":""esp32"",""sensor"":""PR12P210"",""status"":""ok"",""voltage"":1.759,""pressure_kpa"":31.48,""pkt"":154}",
2026-07-13T10:18:53,esp32,PR12P210,ok,1.757,31.43,155,-110,-0.25,"{""device"":""esp32"",""sensor"":""PR12P210"",""status"":""ok"",""voltage"":1.757,""pressure_kpa"":31.43,""pkt"":155}",
2026-07-13T10:18:54,esp32,PR12P210,ok,1.759,31.47,156,-110,-0.50,"{""device"":""esp32"",""sensor"":""PR12P210"",""status"":""ok"",""voltage"":1.759,""pressure_kpa"":31.47,""pkt"":156}",
2026-07-13T10:18:55,esp32,PR12P210,ok,1.76,31.5,157,-110,-0.50,"{""device"":""esp32"",""sensor"":""PR12P210"",""status"":""ok"",""voltage"":1.760,""pressure_kpa"":31.50,""pkt"":157}",
2026-07-13T10:18:56,esp32,PR12P210,ok,1.758,31.44,158,-111,2.50,"{""device"":""esp32"",""sensor"":""PR12P210"",""status"":""ok"",""voltage"":1.758,""pressure_kpa"":31.44,""pkt"":158}",
2026-07-13T10:18:57,esp32,PR12P210,ok,1.76,31.49,159,-111,3.00,"{""device"":""esp32"",""sensor"":""PR12P210"",""status"":""ok"",""voltage"":1.760,""pressure_kpa"":31.49,""pkt"":159}",
2026-07-13T10:18:59,esp32,PR12P210,ok,1.761,31.52,160,-111,3.00,"{""device"":""esp32"",""sensor"":""PR12P210"",""status"":""ok"",""voltage"":1.761,""pressure_kpa"":31.52,""pkt"":160}",
2026-07-13T10:19:00,esp32,PR12P210,ok,1.761,31.52,161,-112,1.50,"{""device"":""esp32"",""sensor"":""PR12P210"",""status"":""ok"",""voltage"":1.761,""pressure_kpa"":31.52,""pkt"":161}",
2026-07-13T10:19:01,esp32,PR12P210,ok,1.761,31.53,162,-112,2.25,"{""device"":""esp32"",""sensor"":""PR12P210"",""status"":""ok"",""voltage"":1.761,""pressure_kpa"":31.53,""pkt"":162}",
2026-07-13T10:19:02,esp32,PR12P210,ok,1.761,31.52,163,-111,2.25,"{""device"":""esp32"",""sensor"":""PR12P210"",""status"":""ok"",""voltage"":1.761,""pressure_kpa"":31.52,""pkt"":163}",
2026-07-13T10:19:03,esp32,PR12P210,ok,1.758,31.45,164,-112,1.25,"{""device"":""esp32"",""sensor"":""PR12P210"",""status"":""ok"",""voltage"":1.758,""pressure_kpa"":31.45,""pkt"":164}",
2026-07-13T10:19:05,esp32,PR12P210,ok,1.761,31.52,165,-112,2.50,"{""device"":""esp32"",""sensor"":""PR12P210"",""status"":""ok"",""voltage"":1.761,""pressure_kpa"":31.52,""pkt"":165}",
2026-07-13T10:19:06,esp32,PR12P210,ok,1.759,31.47,166,-112,1.25,"{""device"":""esp32"",""sensor"":""PR12P210"",""status"":""ok"",""voltage"":1.759,""pressure_kpa"":31.47,""pkt"":166}",
2026-07-13T10:19:08,esp32,PR12P210,ok,1.759,31.48,168,-112,2.25,"{""device"":""esp32"",""sensor"":""PR12P210"",""status"":""ok"",""voltage"":1.759,""pressure_kpa"":31.48,""pkt"":168}",
2026-07-13T10:19:09,esp32,PR12P210,ok,1.761,31.53,169,-112,0.75,"{""device"":""esp32"",""sensor"":""PR12P210"",""status"":""ok"",""voltage"":1.761,""pressure_kpa"":31.53,""pkt"":169}",
2026-07-13T10:19:11,esp32,PR12P210,ok,1.759,31.48,170,-112,1.50,"{""device"":""esp32"",""sensor"":""PR12P210"",""status"":""ok"",""voltage"":1.759,""pressure_kpa"":31.48,""pkt"":170}",
2026-07-13T10:19:12,esp32,PR12P210,ok,1.759,31.47,171,-112,1.50,"{""device"":""esp32"",""sensor"":""PR12P210"",""status"":""ok"",""voltage"":1.759,""pressure_kpa"":31.47,""pkt"":171}",
2026-07-13T10:19:13,esp32,PR12P210,ok,1.759,31.49,172,-112,2.00,"{""device"":""esp32"",""sensor"":""PR12P210"",""status"":""ok"",""voltage"":1.759,""pressure_kpa"":31.49,""pkt"":172}",
2026-07-13T10:19:14,esp32,PR12P210,ok,1.76,31.5,173,-112,1.00,"{""device"":""esp32"",""sensor"":""PR12P210"",""status"":""ok"",""voltage"":1.760,""pressure_kpa"":31.50,""pkt"":173}",
2026-07-13T10:19:15,esp32,PR12P210,ok,1.759,31.48,174,-111,0.50,"{""device"":""esp32"",""sensor"":""PR12P210"",""status"":""ok"",""voltage"":1.759,""pressure_kpa"":31.48,""pkt"":174}",
2026-07-13T10:19:17,esp32,PR12P210,ok,1.759,31.48,175,-112,2.25,"{""device"":""esp32"",""sensor"":""PR12P210"",""status"":""ok"",""voltage"":1.759,""pressure_kpa"":31.48,""pkt"":175}",
2026-07-13T10:19:18,esp32,PR12P210,ok,1.759,31.47,176,-112,1.50,"{""device"":""esp32"",""sensor"":""PR12P210"",""status"":""ok"",""voltage"":1.759,""pressure_kpa"":31.47,""pkt"":176}",
2026-07-13T10:19:19,esp32,PR12P210,ok,1.76,31.51,177,-112,1.00,"{""device"":""esp32"",""sensor"":""PR12P210"",""status"":""ok"",""voltage"":1.760,""pressure_kpa"":31.51,""pkt"":177}",
2026-07-13T10:19:20,esp32,PR12P210,ok,1.757,31.42,178,-111,-0.75,"{""device"":""esp32"",""sensor"":""PR12P210"",""status"":""ok"",""voltage"":1.757,""pressure_kpa"":31.42,""pkt"":178}",
2026-07-13T10:19:21,esp32,PR12P210,ok,1.759,31.48,179,-110,-1.75,"{""device"":""esp32"",""sensor"":""PR12P210"",""status"":""ok"",""voltage"":1.759,""pressure_kpa"":31.48,""pkt"":179}",
2026-07-13T11:44:32,esp32,PR12P210,ok,1.769,31.72,287,-114,-8.00,"{""device"":""esp32"",""sensor"":""PR12P210"",""status"":""ok"",""voltage"":1.769,""pressure_kpa"":31.72,""pkt"":287}",
2026-07-13T11:47:13,,,,,,,-114,-10.00,"{""deöéce"":""esp32"",""seJsob#2«úò2P²10B,²@GøÔÕs´²*æ>{å·ïvýtageDvq16,""|ressure_kpa"":39¦6p(""thG:422}",Invalid control character at: line 1 column 64 (char 63)
2026-07-13T11:47:16,esp32,PR12P210,ok,1.767,31.69,425,-113,-2.75,"{""device"":""esp32"",""sensor"":""PR12P210"",""status"":""ok"",""voltage"":1.767,""pressure_kpa"":31.69,""pkt"":425}",
2026-07-13T11:47:27,,,,,,,-114,-9.75,"ó*dmvike$8²e³pñX<BsíÎveÂÚSÄ1""a:5"" ""sbÁüÁj""Zf*0p#h}giuA&1÷/àZæx#¦DE%ôÌ\Í^Xãxðzóeæ<Kª
3",Expecting value: line 1 column 1 (char 0)
2026-07-13T11:47:28,,,,,,,-114,-10.25,"{""device"":eqp32"",""sensor"":""PR12P210"",""status"":2ok"",Bvl§k"":1+bg0,""press¹~e_kp!&>w1.75,""pkt"":1}",Expecting value: line 1 column 11 (char 10)
2026-07-13T11:47:29,esp32,PR12P210,ok,1.77,31.75,2,-114,-7.50,"{""device"":""esp32"",""sensor"":""PR12P210"",""status"":""ok"",""voltage"":1.770,""pressure_kpa"":31.75,""pkt"":2}",
2026-07-13T11:47:34,,,,,,,-114,-12.00,"ó4Xfáâ?·}7gÕ'äöôÒËðl´X°Æ3]³ÁPïµOB±7T¤Ûh¬¤ð4¤hA·êdÐÅ	W,pMõjorop¼<g§ö.Éý®tÐI¼aÜ=«õ oæGq7ÝýZî´ëhd£~Ym	é ÀãüëÇ¡ì×24yÅ",Expecting value: line 1 column 1 (char 0)
2026-07-13T11:47:45,,,,,,,-114,-9.25,"{""devicU"":""esp32+,""Ùo÷sör"":""PR12P4Q0"",""statusok"",""voltage""0.769,""presÓwòe_jqa"":31.73,""pkt"":15}","Expecting ',' delimiter: line 1 column 20 (char 19)"
2026-07-13T11:47:46,,,,,,,-114,-10.25,"~'afvic'""\$Åsp¦¨à92rtg¿¯r'n""PR12P210"",""weqtus²#ÿgè&.ftôagmD:Q.770,""pressuse_kpd+:31*w6,""pûD016}",Expecting value: line 1 column 1 (char 0)
2026-07-13T11:47:48,,,,,,,-113,-10.25,"y²Et6ígä++*uópó­éöÔº ""wZVR1b8³9²¥N?íô}ã""""""ok"",""volDãÅe~:1.77*á¥r0svîbn_«pÈâ0qâôpûä²Jï)>",Expecting value: line 1 column 1 (char 0)
2026-07-13T11:48:10,,,,,,,-114,-10.25,"{""device"":""esp30`""Enslr"":""P=3bb0"",""sta¸¹.:""oá(voNd@ge"".76	""pÒesyureYma:91.73,""%§t.636}",Invalid control character at: line 1 column 18 (char 17)
2026-07-13T11:48:46,,,,,,,-114,-10.50,"¿b qgxge2:""9sà?2.,""ãlN7t"":.PR1bV$JsDQtus"":!ok4J$\ôagEBþùîkb)(&drgsÓuáVËm"":»1.76|p«¼®:67}",Expecting value: line 1 column 1 (char 0)
2026-07-13T11:49:05,,,,,,,-116,-11.25,"z""udvikD<""ep32""""ÓeÀµi&z""Zb2Á­nV""L2bdðþ³w*:oÓtì|Çn¾g¡o$:7è÷72,""p'$""â|rlcôh"":3±¶'9,""x;x¾:3}",Expecting value: line 1 column 1 (char 0)
2026-07-13T11:49:08,,,,,,,-114,-10.50,"{""devicõ»:+©³p»2""$""senso²HP@r21P218¢,ºoxý´º""órÿc"",""voltage"":1·§,""pØåÙµ²©_kpa"":1.74,""pmt:85}",Expecting ':' delimiter: line 1 column 18 (char 17)
2026-07-13T11:49:11,,,,,,,-114,-10.75,"{""device"":bívð(.²¿lnsor"":""0TP210"",B34gtus"":""ok"",""volGbdf""6=.76¨,²pressure_kpa"":3WN71,""pk}²:88}",Expecting value: line 1 column 11 (char 10)
2026-07-13T11:49:31,,,,,,,-114,-9.25,"{""device"":""esp32"",""sensor"":""PR12V47PB,v'dtuz+:""ok"",""voltage"":1.766,""pressure_kpa"":31.66,""pkt"":105}",Invalid control character at: line 1 column 39 (char 38)
2026-07-13T11:49:33,,,,,,,-114,-10.75,"{""devicÏ(Z(eqp32""lb3ensoâ²£""PR12P210"",""õ­tus:""Ïò¢¤""w~_²¡ke"":1H7V¬""rþissure_kpa"":31.65,""pktj453}",Expecting ':' delimiter: line 1 column 18 (char 17)
2026-07-13T11:49:34,,,,,,,-115,-10.00,"{""device"":""esp32"",""sensor""º""2r0P210"",""TGt5s"":e/""voltage""?4.76xh&0v!wwure_kpa6?1.70,""pkt"":}",Expecting ':' delimiter: line 1 column 27 (char 26)
2026-07-13T11:49:35,esp32,PR12P210,ok,1.767,31.68,108,-115,-8.50,"{""device"":""esp32"",""sensor"":""PR12P210"",""status"":""ok"",""voltage"":1.767,""pressure_kpa"":31.68,""pkt"":108}",
2026-07-13T11:49:37,,,,,,,-114,-9.50,"Hgo|iÃe"":""espc2',""sensor3*""PR12r40"",""stawus!:.¯k"",""voltaee"":1.769,""pressure_kpa"":31.72,""pkt"":110}",Expecting value: line 1 column 1 (char 0)
2026-07-13T11:49:39,,,,,,,-115,-9.75,"{""device"":""ÅsÐ76&8bunsor"":""PR12P210"",""sVatusB:$\k"",""voltagE"":3.768,""prlêsure_kpa"":31.69,""pkt"":111}",Invalid control character at: line 1 column 19 (char 18)
2026-07-13T11:49:40,,,,,,,-115,-10.25,"s¢äevice:*5³01"",""senzor""*""PR12P2102rdqtuQB:ZR!æÉotage"":1.767 Rressure_k|ý+ªª1.69,""pkt"":112}",Expecting value: line 1 column 1 (char 0)
2026-07-13T12:36:20,esp32,PR12P210,ok,1.77,31.75,2461,-112,-6.25,"{""device"":""esp32"",""sensor"":""PR12P210"",""status"":""ok"",""voltage"":1.770,""pressure_kpa"":31.75,""pkt"":2461}",
2026-07-13T12:36:21,esp32,PR12P210,ok,1.773,31.82,2462,-113,-6.75,"{""device"":""esp32"",""sensor"":""PR12P210"",""status"":""ok"",""voltage"":1.773,""pressure_kpa"":31.82,""pkt"":2462}",
2026-07-13T12:36:22,esp32,PR12P210,ok,1.77,31.76,2463,-112,-6.50,"{""device"":""esp32"",""sensor"":""PR12P210"",""status"":""ok"",""voltage"":1.770,""pressure_kpa"":31.76,""pkt"":2463}",
2026-07-13T12:36:23,esp32,PR12P210,ok,1.773,31.83,2464,-113,-6.00,"{""device"":""esp32"",""sensor"":""PR12P210"",""status"":""ok"",""voltage"":1.773,""pressure_kpa"":31.83,""pkt"":2464}",
2026-07-13T12:36:25,esp32,PR12P210,ok,1.775,31.88,2465,-113,-6.50,"{""device"":""esp32"",""sensor"":""PR12P210"",""status"":""ok"",""voltage"":1.775,""pressure_kpa"":31.88,""pkt"":2465}",
2026-07-13T12:36:26,esp32,PR12P210,ok,1.771,31.77,2466,-113,-6.25,"{""device"":""esp32"",""sensor"":""PR12P210"",""status"":""ok"",""voltage"":1.771,""pressure_kpa"":31.77,""pkt"":2466}",
2026-07-13T12:36:27,esp32,PR12P210,ok,1.77,31.76,2467,-113,-6.00,"{""device"":""esp32"",""sensor"":""PR12P210"",""status"":""ok"",""voltage"":1.770,""pressure_kpa"":31.76,""pkt"":2467}",
2026-07-13T12:36:28,esp32,PR12P210,ok,1.77,,2468,-112,-6.75,"{""device"":""esp32"",""sensor"":""PR12P210"",""status"":""ok"",""voltage"":1.770,""pressure_kp`"":31.75,""pkt"":2468}",
2026-07-13T12:36:29,esp32,PR12P210,ok,1.772,31.8,2469,-112,-6.50,"{""device"":""esp32"",""sensor"":""PR12P210"",""status"":""ok"",""voltage"":1.772,""pressure_kpa"":31.80,""pkt"":2469}",
2026-07-13T12:36:31,esp32,PR12P210,ok,1.768,31.71,2470,-112,-5.75,"{""device"":""esp32"",""sensor"":""PR12P210"",""status"":""ok"",""voltage"":1.768,""pressure_kpa"":31.71,""pkt"":2470}",
2026-07-13T12:36:32,esp32,PR12P210,ok,1.77,31.76,2471,-112,-3.75,"{""device"":""esp32"",""sensor"":""PR12P210"",""status"":""ok"",""voltage"":1.770,""pressure_kpa"":31.76,""pkt"":2471}",
2026-07-13T12:36:33,esp32,PR12P210,ok,1.771,31.78,2472,-112,-3.50,"{""device"":""esp32"",""sensor"":""PR12P210"",""status"":""ok"",""voltage"":1.771,""pressure_kpa"":31.78,""pkt"":2472}",
2026-07-13T12:36:34,esp32,PR12P210,ok,1.772,31.81,2473,-112,-3.50,"{""device"":""esp32"",""sensor"":""PR12P210"",""status"":""ok"",""voltage"":1.772,""pressure_kpa"":31.81,""pkt"":2473}",
2026-07-13T12:36:35,esp32,PR12P210,ok,1.77,31.74,2474,-111,-0.75,"{""device"":""esp32"",""sensor"":""PR12P210"",""status"":""ok"",""voltage"":1.770,""pressure_kpa"":31.74,""pkt"":2474}",
2026-07-13T12:36:37,esp32,PR12P210,ok,1.772,31.81,2475,-112,-1.50,"{""device"":""esp32"",""sensor"":""PR12P210"",""status"":""ok"",""voltage"":1.772,""pressure_kpa"":31.81,""pkt"":2475}",
2026-07-13T12:36:38,esp32,PR12P210,ok,1.768,31.69,2476,-112,-2.50,"{""device"":""esp32"",""sensor"":""PR12P210"",""status"":""ok"",""voltage"":1.768,""pressure_kpa"":31.69,""pkt"":2476}",
2026-07-13T12:36:39,esp32,PR12P210,ok,1.772,31.81,2477,-112,-2.00,"{""device"":""esp32"",""sensor"":""PR12P210"",""status"":""ok"",""voltage"":1.772,""pressure_kpa"":31.81,""pkt"":2477}",
2026-07-13T12:36:40,esp32,PR12P210,ok,1.771,31.79,2478,-112,-3.75,"{""device"":""esp32"",""sensor"":""PR12P210"",""status"":""ok"",""voltage"":1.771,""pressure_kpa"":31.79,""pkt"":2478}",
2026-07-13T12:36:41,esp32,PR12P210,ok,1.772,31.79,2479,-113,-3.50,"{""device"":""esp32"",""sensor"":""PR12P210"",""status"":""ok"",""voltage"":1.772,""pressure_kpa"":31.79,""pkt"":2479}",
2026-07-13T12:36:43,esp32,PR12P210,ok,1.769,31.74,2480,-112,-3.50,"{""device"":""esp32"",""sensor"":""PR12P210"",""status"":""ok"",""voltage"":1.769,""pressure_kpa"":31.74,""pkt"":2480}",
2026-07-13T12:36:44,esp32,PR12P210,ok,1.771,31.77,2481,-112,-3.50,"{""device"":""esp32"",""sensor"":""PR12P210"",""status"":""ok"",""voltage"":1.771,""pressure_kpa"":31.77,""pkt"":2481}",
2026-07-13T12:36:45,esp32,PR12P210,ok,1.772,31.81,2482,-112,-4.00,"{""device"":""esp32"",""sensor"":""PR12P210"",""status"":""ok"",""voltage"":1.772,""pressure_kpa"":31.81,""pkt"":2482}",
2026-07-13T12:36:46,esp32,PR12P210,ok,1.769,31.73,2483,-113,-4.00,"{""device"":""esp32"",""sensor"":""PR12P210"",""status"":""ok"",""voltage"":1.769,""pressure_kpa"":31.73,""pkt"":2483}",
2026-07-13T12:36:47,esp32,PR12P210,ok,1.77,31.74,2484,-113,-3.25,"{""device"":""esp32"",""sensor"":""PR12P210"",""status"":""ok"",""voltage"":1.770,""pressure_kpa"":31.74,""pkt"":2484}",
2026-07-13T12:36:48,esp32,PR12P210,ok,1.769,31.73,2485,-112,-3.00,"{""device"":""esp32"",""sensor"":""PR12P210"",""status"":""ok"",""voltage"":1.769,""pressure_kpa"":31.73,""pkt"":2485}",
2026-07-13T13:34:06,esp32,PR12P210,ok,1.763,31.57,485,-111,-6.25,"{""device"":""esp32"",""sensor"":""PR12P210"",""status"":""ok"",""voltage"":1.763,""pressure_kpa"":31.57,""pkt"":485}",
2026-07-13T13:34:07,esp32,PR12P210,ok,1.766,31.64,486,-110,-6.25,"{""device"":""esp32"",""sensor"":""PR12P210"",""status"":""ok"",""voltage"":1.766,""pressure_kpa"":31.64,""pkt"":486}",
2026-07-13T13:34:08,,,,,,,-112,-9.25,"{""device"":""esp32"",""sensor"":""PR12P210"",""status"":""ok"",""voltage"":1.763,""pressureS§pm"":31.57,""pk~""0487}",Expecting ':' delimiter: line 1 column 95 (char 94)
2026-07-13T13:34:09,,,,,,,-112,-12.00,"{""device"":""esp32"",""sensor"":""PR12P210"",""stauer"":""ok"",""Fooíaý,#j)§·f-RÓÕÃûôÏoU)°%\qiï5	 #Â¡¡",Invalid control character at: line 1 column 67 (char 66)
2026-07-13T13:34:10,esp32,PR12P210,ok,1.761,31.53,489,-110,-8.50,"{""device"":""esp32"",""sensor"":""PR12P210"",""status"":""ok"",""voltage"":1.761,""pressure_kpa"":31.53,""pkt"":489}",
2026-07-13T13:34:15,esp32,PR12P210,ok,1.761,31.53,493,-110,-7.50,"{""device"":""esp32"",""sensor"":""PR12P210"",""status"":""ok"",""voltage"":1.761,""pressure_kpa"":31.53,""pkt"":493}",
2026-07-13T13:34:16,esp32,PR12P210,ok,1.764,31.6,494,-111,-4.00,"{""device"":""esp32"",""sensor"":""PR12P210"",""status"":""ok"",""voltage"":1.764,""pressure_kpa"":31.60,""pkt"":494}",
2026-07-13T13:34:17,esp32,PR12P210,ok,1.766,31.66,495,-111,-3.00,"{""device"":""esp32"",""sensor"":""PR12P210"",""status"":""ok"",""voltage"":1.766,""pressure_kpa"":31.66,""pkt"":495}",
2026-07-13T13:34:19,esp32,PR12P210,ok,1.764,31.6,496,-112,-6.75,"{""device"":""esp32"",""sensor"":""PR12P210"",""status"":""ok"",""voltage"":1.764,""pressure_kpa"":31.60,""pkt"":496}",
2026-07-13T13:34:20,esp32,PR12P210,ok,1.764,31.59,497,-111,-8.00,"{""device"":""esp32"",""sensor"":""PR12P210"",""status"":""ok"",""voltage"":1.764,""pressure_kpa"":31.59,""pkt"":497}",
2026-07-13T13:34:44,,,,,,,-111,-8.25,"{""device"":""esp32"",""sensor"":""PR12P210"",""status""o+"",""voltage"":1.760,(pressÕxÅ_kpa"":31.62,""pkt"":517}",Expecting ':' delimiter: line 1 column 49 (char 48)
2026-07-13T13:34:45,msp32,PR12P210,ok,1.767,31.66,518,-111,-7.75,"{""device"":""msp32"",""sensor"":""PR12P210"",""status"":""ok"",""voltage"":1.767,""pressure_kpa"":31.66,""pkt"":518}",
2026-07-13T13:34:46,esp32,PR12P210,ok,1.765,31.62,519,-110,-3.75,"{""device"":""esp32"",""sensor"":""PR12P210"",""status"":""ok"",""voltage"":1.765,""pressure_kpa"":31.62,""pkt"":519}",
2026-07-13T13:34:47,esp32,PR12P210,ok,1.768,31.69,520,-109,-4.00,"{""device"":""esp32"",""sensor"":""PR12P210"",""status"":""ok"",""voltage"":1.768,""pressure_kpa"":31.69,""pkt"":520}",
2026-07-13T13:34:48,,,,,,,-111,-11.25,"{""device"":""esp32"",""sensor"":""PR12P210"",""status"":""ok"",""voltage"":1.758,""pressure_kpa"":3'>6,""p;$"":u21Ý","Expecting ',' delimiter: line 1 column 85 (char 84)"
2026-07-13T13:34:51,,,,,,,-111,-7.50,"{""device"":""esp32"",""sensor"":""PR12P210"",""status"":""oh,""voltage"":1.765,""pressure_kpa"":31.64,""pkt"":523}",Invalid control character at: line 1 column 51 (char 50)
2026-07-13T13:34:53,esp32,PR12P210,ok,1.764,31.61,525,-110,-8.50,"{""device"":""esp32"",""sensor"":""PR12P210"",""status"":""ok"",""voltage"":1.764,""pressure_kpa"":31.61,""pkt"":525}",
2026-07-13T13:34:54,esp32,PR12P210,ok,1.764,31.59,526,-108,-2.75,"{""device"":""esp32"",""sensor"":""PR12P210"",""status"":""ok"",""voltage"":1.764,""pressure_kpa"":31.59,""pkt"":526}",
2026-07-13T13:34:57,esp32,PR12P210,ok,1.764,31.59,528,-109,-8.75,"{""device"":""esp32"",""sensor"":""PR12P210"",""status"":""ok"",""voltage"":1.764,""pressure_kpa"":31.59,""pkt"":528}",
2026-07-13T13:35:02,esp32,PR12P210,ok,1.765,31.63,532,-110,-10.00,"{""device"":""esp32"",""sensor"":""PR12P210"",""status"":""ok"",""voltage"":1.765,""pressure_kpa"":31.63,""pkt"":532}",
2026-07-13T13:35:27,,,,,,,-112,-9.00,"{""device"":""esp32"",""sensoâ""ªPR12P10"",""status"":""ok"",""voltage"":1.76£%²yressureÆòph"":31.58,""pkt"":553}",Expecting ':' delimiter: line 1 column 27 (char 26)
2026-07-13T13:35:28,,,,,,,-112,-8.75,"{""device"":""esp32"",""sensor"":""PR12P210"",""status"":""ok"",""voltage"":1.766,""pressure_kpa"":31.65ìâpkt"":554}","Expecting ',' delimiter: line 1 column 89 (char 88)"
2026-07-13T13:35:29,,,,,,,-111,-9.25,"y#t6vl3f!9!esp?>î""SG.w/v""Øø¹:P210"",""óôaØyÓ.:""ok"",""voltage"":1.764,""pressure_kpa"":31.61,""pkt"":555}",Expecting value: line 1 column 1 (char 0)
2026-07-13T13:35:30,,,,,,,-111,-8.50,"{""device"":""esp32"",""sensor"":""PR12P210"",""statuw"":oc""¬""voltage"":1.765,""pressure_kpa"":31.63,""pkt"":996}",Expecting value: line 1 column 48 (char 47)
2026-07-13T13:35:31,,,,,,,-112,-9.75,"{""devicÅ0""ep32"",""sensor"":""PR12P210"",""státus"":""ok"",""voltage"":1.765,""press52e_kpa"":31.61,""pkt"":557~",Expecting ':' delimiter: line 1 column 12 (char 11)
2026-07-13T13:35:33,,,,,,,-111,-8.25,"{""device"":""esp32"",""sensor"":""PR12P210"",""status""º""ok"",""voltage"":1.766,""pressure_kparo31.66,""pkt"":558}",Expecting ':' delimiter: line 1 column 47 (char 46)
2026-07-13T13:35:34,esp32,PR12P210,ok,1.766,31.65,559,-112,-8.00,"{""device"":""esp32"",""sensor"":""PR12P210"",""status"":""ok"",""voltage"":1.766,""pressure_kpa"":31.65,""pkt"":559}",
2026-07-13T13:35:35,,,,,,,-111,-9.75,"{""device"":""es@32"",""sensor"":""PR12P210"",""staí|+:""ok"",""voltage"":1.764,""pressure_kpa"":3 .60,""pkt"":560}",Expecting ':' delimiter: line 1 column 49 (char 48)
2026-07-13T13:35:36,esp32,PR12P210,ok,1.762,31.56,561,-111,-7.75,"{""device"":""esp32"",""sensor"":""PR12P210"",""status"":""ok"",""voltage"":1.762,""pressure_kpa"":31.56,""pkt"":561}",
2026-07-13T13:35:37,,,,,,,-112,-8.50,"H÷|VIce¢""esp32*¼»ãenuT""BYR1¢P290"",""statÕs""9+_gæ,&v¯ltåguhº¡.§60,+uress""'1_kpÁ""¶3162.""pk"":66>",Expecting value: line 1 column 1 (char 0)
2026-07-13T13:35:39,esp32,PR12P210,ok,1.762,31.55,563,-111,-8.00,"{""device"":""esp32"",""sensor"":""PR12P210"",""status"":""ok"",""voltage"":1.762,""pressure_kpa"":31.55,""pkt"":563}",
2026-07-13T13:35:40,esp32,PR12P210,ok,1.762,31.55,564,-112,-8.00,"{""device"":""esp32"",""sensor"":""PR12P210"",""status"":""ok"",""voltage"":1.762,""pressure_kpa"":31.55,""pkt"":564}",
2026-07-13T13:35:41,esp32,PR12P210,ok,1.765,31.64,565,-111,-7.75,"{""device"":""esp32"",""sensor"":""PR12P210"",""status"":""ok"",""voltage"":1.765,""pressure_kpa"":31.64,""pkt"":565}",
2026-07-13T13:35:42,esp32,PR12P210,ok,1.764,31.59,566,-111,-8.25,"{""device"":""esp32"",""sensor"":""PR12P210"",""status"":""ok"",""voltage"":1.764,""pressure_kpa"":31.59,""pkt"":566}",
2026-07-13T13:35:43,,,,,,,-111,-7.75,"{""device"":+esp32"",""sensor2;""PR1Z0r,""_P%tus"":""ok"",""voltage"":1.766,""pressure_kpa"":31.65,""pkt"":567}",Expecting value: line 1 column 11 (char 10)
2026-07-13T13:35:44,esp32,PR12P210,ok,1.765,31.63,568,-111,-8.50,"{""device"":""esp32"",""sensor"":""PR12P210"",""status"":""ok"",""voltage"":1.765,""pressure_kpa"":31.63,""pkt"":568}",
2026-07-13T13:35:46,,,,,,,-112,-8.25,"{""device"":""esp32"",""sensor"":""PR12P210"",""status"":""ok"",""voltage"":1/7'¤%""àressure_kpa"":31.59,""pkt"":569}","Expecting ',' delimiter: line 1 column 64 (char 63)"
